geo_key,year,net_interprovincial,net_intraprovincial,geo_name,geo_type,province,avg_rent,share_25_44,share_65plus,population,intl_inmigration,natural_increase_rate,unemployment_rate,participation_rate,rd_provincial,rent_deviation,log_population,net_interprovincial_rate,net_intraprovincial_rate
"abbotsford-mission, british columbia",2001,-296,672,"Abbotsford - Mission (CMA), British Columbia",CMA,British Columbia,601.125,0.30066331867232315,0.12694659017820598,153923.0,758,4.437283576853362,7.7,64.0,1760.0,4.0,11.944207756354084,-1.9230394417988215,4.365819273273001
"abbotsford-mission, british columbia",2002,-131,641,"Abbotsford - Mission (CMA), British Columbia",CMA,British Columbia,621.625,0.2969308787236373,0.12728830924473714,155191.0,681,4.922965893640739,8.5,65.0,1949.0,9.0,11.952411895359067,-0.8441211152708598,4.130394159455123
"abbotsford-mission, british columbia",2003,196,1188,"Abbotsford - Mission (CMA), British Columbia",CMA,British Columbia,622.75,0.29396827827329686,0.1272059105003254,156738.0,900,4.842475979022318,8.0,65.5,2050.0,0.0,11.962330900540758,1.2504944557159081,7.579527619339279
"abbotsford-mission, british columbia",2004,41,815,"Abbotsford - Mission (CMA), British Columbia",CMA,British Columbia,627.75,0.29141605032836493,0.1271205595389078,159274.0,819,4.5832967088162535,7.2,65.3,2263.0,0.0,11.978381268515756,0.25741803433077587,5.116968243404448
"abbotsford-mission, british columbia",2005,49,680,"Abbotsford - Mission (CMA), British Columbia",CMA,British Columbia,649.625,0.289417408929468,0.1274522565409004,161331.0,1616,4.50006508358592,5.9,65.4,2414.0,0.0,11.991213434116155,0.3037234009582783,4.214936992890393
"abbotsford-mission, british columbia",2006,-8,-76,"Abbotsford - Mission (CMA), British Columbia",CMA,British Columbia,646.25,0.28695604569398653,0.12770836628182825,164398.0,1272,5.450187958490979,4.9,65.8,2432.0,0.0,12.010045596080095,-0.048662392486526596,-0.46229272862200266
"abbotsford-mission, british columbia",2007,3,224,"Abbotsford - Mission (CMA), British Columbia",CMA,British Columbia,703.375,0.2845172932330827,0.1295578947368421,166250.0,1319,5.449624060150376,4.4,66.2,2838.0,0.0,12.021247958518101,0.01804511278195489,1.3473684210526315
"abbotsford-mission, british columbia",2008,91,47,"Abbotsford - Mission (CMA), British Columbia",CMA,British Columbia,708.625,0.2813627516141284,0.13061977781997722,168512.0,1430,6.33189327763008,4.8,66.4,2947.0,-37.875,12.034762242855981,0.5400208887200911,0.27891188758070645
"abbotsford-mission, british columbia",2009,-99,210,"Abbotsford - Mission (CMA), British Columbia",CMA,British Columbia,740.125,0.27929326055892617,0.1324462976410785,170756.0,1352,5.581063037316405,7.8,66.2,2911.0,-41.625,12.047990915907913,-0.5797746492070557,1.2298250134695121
"abbotsford-mission, british columbia",2010,-164,349,"Abbotsford - Mission (CMA), British Columbia",CMA,British Columbia,750.625,0.2760243600282502,0.13474430074909402,172742.0,1129,6.026328281483368,7.8,65.8,3020.0,-38.875,12.059554430861496,-0.9493927359877736,2.020354054022762
"abbotsford-mission, british columbia",2011,-614,777,"Abbotsford - Mission (CMA), British Columbia",CMA,British Columbia,754.75,0.2744282625030831,0.13750953612830322,174337.0,1286,5.14520727097518,7.6,65.2,3046.0,-42.25,12.06874548666255,-3.5219144530420965,4.456885228035357
"abbotsford-mission, british columbia",2012,-437,226,"Abbotsford - Mission (CMA), British Columbia",CMA,British Columbia,768.125,0.2732355787460173,0.14065002461785728,176701.0,1207,4.997142064844002,6.9,65.3,3025.0,-53.5,12.082214317601338,-2.4731042835071677,1.2789967232783064
"abbotsford-mission, british columbia",2013,-156,329,"Abbotsford - Mission (CMA), British Columbia",CMA,British Columbia,779.375,0.2716941859749445,0.14446377914426234,178723.0,1219,4.750367887736889,6.7,64.8,3228.0,-46.375,12.093592400196163,-0.8728591171813365,1.8408374971324342
"abbotsford-mission, british columbia",2014,463,1213,"Abbotsford - Mission (CMA), British Columbia",CMA,British Columbia,790.125,0.26992101786908534,0.148501881974498,180927.0,966,4.499052103887204,6.2,64.1,3282.0,-56.0,12.1058489139775,2.5590431499997237,6.704361427537073
"abbotsford-mission, british columbia",2015,792,2085,"Abbotsford - Mission (CMA), British Columbia",CMA,British Columbia,816.625,0.26886741172377804,0.15260262654374673,183968.0,1293,3.7941381109758217,6.2,64.1,3569.0,-56.0,12.122517108423018,4.305096538528439,11.333492781353279
"abbotsford-mission, british columbia",2016,472,892,"Abbotsford - Mission (CMA), British Columbia",CMA,British Columbia,852.875,0.26911022435982135,0.15492191009751327,189205.0,1179,3.884675352131286,6.1,65.2,4196.0,-39.0,12.150586362312037,2.4946486615047174,4.71446314843688
"abbotsford-mission, british columbia",2017,-212,548,"Abbotsford - Mission (CMA), British Columbia",CMA,British Columbia,881.625,0.2701698458863347,0.15757061386712484,193234.0,1238,3.6122007514205574,5.3,66.1,4219.0,-30.125,12.17165716871414,-1.0971154144715731,2.835939844954822
"abbotsford-mission, british columbia",2018,25,112,"Abbotsford - Mission (CMA), British Columbia",CMA,British Columbia,937.625,0.27350557167231176,0.1593533721148053,197517.0,1269,3.2402274234622843,4.6,65.7,4749.0,-78.875,12.193579935568359,0.12657138372899548,0.5670397991058997
"abbotsford-mission, british columbia",2019,193,-89,"Abbotsford - Mission (CMA), British Columbia",CMA,British Columbia,1075.75,0.27719632096416114,0.16174575800824612,201792.0,1128,2.215152235965747,4.8,66.5,4964.0,0.0,12.214992742904732,0.9564303837614969,-0.44104820805581985
"abbotsford-mission, british columbia",2020,524,398,"Abbotsford - Mission (CMA), British Columbia",CMA,British Columbia,1101.25,0.27917676498985244,0.1662725857618569,203004.0,758,2.2265571121751297,9.1,64.5,5398.0,-34.125,12.220980962263292,2.5812299265039114,1.9605525014285432
"abbotsford-mission, british columbia",2021,-153,53,"Abbotsford - Mission (CMA), British Columbia",CMA,British Columbia,1246.625,0.28400840377192554,0.16979528020716275,204670.0,2918,0.45438999364831195,6.6,65.9,6026.0,0.0,12.229154204973495,-0.747544828260126,0.25895343724043585
"abbotsford-mission, british columbia",2022,-619,354,"Abbotsford - Mission (CMA), British Columbia",CMA,British Columbia,1336.125,0.287448124280006,0.17160801476861381,207467.0,3017,1.1760906553813377,4.6,65.5,6928.0,-25.375,12.242727569860723,-2.983607031479705,1.7062954590368589
"abbotsford-mission, british columbia",2023,-859,1317,"Abbotsford - Mission (CMA), British Columbia",CMA,British Columbia,1464.125,0.2926274186599734,0.1721673815722929,213548.0,2731,2.3039316687583122,5.2,65.8,7675.0,0.0,12.27161691073758,-4.022514844437784,6.167231723078652
"abbotsford-mission, british columbia",2024,-636,1253,"Abbotsford - Mission (CMA), British Columbia",CMA,British Columbia,1503.375,0.2973785114078264,0.17227766749154724,220638.0,2238,2.7329834389361762,5.6,65.2,,-65.625,12.304278628446523,-2.882549696788405,5.678985487540677
"barrie, ontario",2001,64,3491,"Barrie (CMA), Ontario",CMA,Ontario,810.625,0.33795119062180135,0.10555623507296943,155339.0,261,3.270266964509878,6.3,67.3,11733.0,139.125,11.953365104460964,0.4120021372610871,22.473429080913355
"barrie, ontario",2002,138,3282,"Barrie (CMA), Ontario",CMA,Ontario,825.25,0.33423270665990074,0.10616730819213585,161594.0,242,3.3974033689369656,7.1,67.8,11392.0,126.625,11.992842295666973,0.8539921036672153,20.31016003069421
"barrie, ontario",2003,-190,2944,"Barrie (CMA), Ontario",CMA,Ontario,921.3333333333334,0.3304535379775495,0.10660406587382922,167836.0,290,3.396172454062299,6.9,68.5,11983.0,209.20833333333337,12.03074259112497,-1.132057484687433,17.540932815367384
"barrie, ontario",2004,-235,2627,"Barrie (CMA), Ontario",CMA,Ontario,921.0,0.3259913415925943,0.10720536084373417,173704.0,340,3.143278220420946,6.8,68.4,12956.0,202.375,12.065107980173607,-1.3528761571408832,15.12342836088979
"barrie, ontario",2005,-159,1788,"Barrie (CMA), Ontario",CMA,Ontario,905.1666666666666,0.3201536728708278,0.10803938843104237,179342.0,399,5.882615338292202,6.6,68.0,13664.0,164.16666666666663,12.09704987644564,-0.8865742547757915,9.969778412195692
"barrie, ontario",2006,-413,1591,"Barrie (CMA), Ontario",CMA,Ontario,843.25,0.31236549522152296,0.10998357483208925,184473.0,426,4.992600543168919,6.4,67.7,13825.0,99.625,12.125258390290348,-2.2388100155578323,8.624568365018186
"barrie, ontario",2007,-278,1167,"Barrie (CMA), Ontario",CMA,Ontario,877.75,0.30430679478380235,0.11189516129032258,186496.0,377,5.3674073438572405,6.4,67.7,14059.0,120.75,12.136165070114822,-1.4906485929993136,6.257506863417983
"barrie, ontario",2008,-292,1022,"Barrie (CMA), Ontario",CMA,Ontario,906.75,0.2955053851426385,0.11490783887610719,188203.0,398,4.224162207828781,6.6,67.6,14194.0,128.875,12.14527644649521,-1.5515161819949734,5.430306636982407
"barrie, ontario",2009,-254,837,"Barrie (CMA), Ontario",CMA,Ontario,893.5,0.2866394882153462,0.1177094155929772,189611.0,403,4.899504775566818,9.2,67.1,13807.0,104.875,12.152729883997782,-1.3395847287340923,4.41430085807258
"barrie, ontario",2010,-328,1412,"Barrie (CMA), Ontario",CMA,Ontario,912.0,0.2789832318030522,0.12015637756704138,191076.0,315,3.8623374992149717,8.8,67.0,13919.0,110.375,12.160426533644426,-1.7165944440955432,7.389729741045447
"barrie, ontario",2011,-237,1843,"Barrie (CMA), Ontario",CMA,Ontario,921.5,0.2741776435296194,0.12276440486199773,192678.0,347,4.235044997353097,8.0,66.7,14412.0,102.375,12.16877568078578,-1.2300314514371127,9.56518128691392
"barrie, ontario",2012,-565,2274,"Barrie (CMA), Ontario",CMA,Ontario,960.875,0.27048763316254953,0.12773326892539813,194593.0,373,3.8233646636826606,8.0,66.2,14635.0,123.375,12.17866547686404,-2.9034960147590096,11.685929093030067
"barrie, ontario",2013,-494,2063,"Barrie (CMA), Ontario",CMA,Ontario,983.875,0.2682959089197961,0.13145176879953605,196574.0,393,3.7441370679744015,7.6,66.3,14241.0,129.625,12.1887942297299,-2.513048521167601,10.494775504390205
"barrie, ontario",2014,-418,1934,"Barrie (CMA), Ontario",CMA,Ontario,1029.125,0.26726053417845247,0.1343658835206804,198473.0,394,3.2346969109148347,7.4,65.9,15137.0,150.875,12.19840834970667,-2.106079920190656,9.744398482413226
"barrie, ontario",2015,-339,2900,"Barrie (CMA), Ontario",CMA,Ontario,1049.0,0.26661537077933106,0.13681012860611752,200146.0,432,3.3425599312501872,6.8,65.3,14708.0,124.875,12.206802379209774,-1.6937635526065973,14.489422721413368
"barrie, ontario",2016,-171,2015,"Barrie (CMA), Ontario",CMA,Ontario,1072.375,0.26701118031949383,0.1388845224294107,203572.0,434,2.7705185388953293,6.6,65.0,15588.0,118.875,12.223775029643178,-0.8399976421118818,9.898217829563988
"barrie, ontario",2017,-276,1208,"Barrie (CMA), Ontario",CMA,Ontario,1104.75,0.2676803804810146,0.14256921351790272,206896.0,626,2.358672956461217,6.1,65.2,15887.0,108.0,12.239971530535632,-1.3340035573428195,5.838682236485964
"barrie, ontario",2018,-234,2467,"Barrie (CMA), Ontario",CMA,Ontario,1196.875,0.2687337271346905,0.1456620765485104,210089.0,584,1.9039549905040245,5.7,64.9,17095.0,137.375,12.255286529441525,-1.1138136694448544,11.742642403933571
"barrie, ontario",2019,-352,3034,"Barrie (CMA), Ontario",CMA,Ontario,1260.0,0.27108487112404456,0.1490596042549818,214431.0,497,1.413041957552779,5.5,65.2,18274.0,167.625,12.275743287278962,-1.6415536932626347,14.149073594769412
"barrie, ontario",2020,-724,3707,"Barrie (CMA), Ontario",CMA,Ontario,1283.625,0.2741826969285057,0.15340079544882446,218493.0,633,1.4279633672474634,9.8,63.7,19757.0,122.625,12.294509256391326,-3.3136073009203955,16.96621859739214
"barrie, ontario",2021,-1536,4240,"Barrie (CMA), Ontario",CMA,Ontario,1345.625,0.2782653727512215,0.1571341724269921,222065.0,1657,1.7607457276022784,8.1,65.2,21792.0,94.875,12.310725410791765,-6.916893702294373,19.093508657375093
"barrie, ontario",2022,-1538,3320,"Barrie (CMA), Ontario",CMA,Ontario,1414.875,0.28133494281421784,0.15721965071949007,230302.0,1313,1.3460586534202916,5.6,65.4,24269.0,124.625,12.347146770095861,-6.678187770840028,14.415853965662478
"barrie, ontario",2023,-1386,4794,"Barrie (CMA), Ontario",CMA,Ontario,1487.75,0.2864935860584367,0.15799235446416207,238309.0,1432,1.4518964873336717,5.6,65.6,25705.0,69.0,12.381323429893591,-5.81597841457939,20.116739191553823
"barrie, ontario",2024,-773,5012,"Barrie (CMA), Ontario",CMA,Ontario,1534.5,0.29360415705509557,0.15949946984597205,247098.0,1632,1.4569118325522668,7.0,65.3,,40.5,12.417540298054831,-3.128313462674728,20.28345029097767
"brantford, ontario",2001,22,662,"Brantford (CMA), Ontario",CMA,Ontario,614.625,0.29144355893157337,0.13612944399476995,128488.0,241,1.9223585081875352,6.3,67.3,11733.0,-56.875,11.763590793742733,0.1712222153041529,5.152232115061329
"brantford, ontario",2002,11,920,"Brantford (CMA), Ontario",CMA,Ontario,633.5,0.2878620742854939,0.1360357928028696,129635.0,243,1.8050680757511475,7.1,67.8,11392.0,-65.125,11.772478088168603,0.08485362749257531,7.096848844833572
"brantford, ontario",2003,-56,1069,"Brantford (CMA), Ontario",CMA,Ontario,694.0,0.2845180626415612,0.13550222303568296,131127.0,277,1.6396318073318232,6.9,68.5,11983.0,-18.125,11.783921598203822,-0.4270668893515447,8.15240186994288
"brantford, ontario",2004,-88,1284,"Brantford (CMA), Ontario",CMA,Ontario,703.5,0.28128698615163095,0.135445643078454,132651.0,212,2.103263450709003,6.8,68.4,12956.0,-15.125,11.795476898172977,-0.6633949235211194,9.67953502046724
"brantford, ontario",2005,-203,642,"Brantford (CMA), Ontario",CMA,Ontario,741.0,0.27878071095441054,0.13563028585455114,134439.0,266,1.51741682101176,6.6,68.0,13664.0,0.0,11.808865843548956,-1.5099785032617024,4.7753999955370094
"brantford, ontario",2006,-213,834,"Brantford (CMA), Ontario",CMA,Ontario,676.125,0.2741706686368674,0.13705947543405986,135350.0,228,2.393793867750277,6.4,67.7,13825.0,-67.5,11.815619295042447,-1.57369782046546,6.1618027336534915
"brantford, ontario",2007,-185,480,"Brantford (CMA), Ontario",CMA,Ontario,702.0,0.2696579754376183,0.13832113039778146,136306.0,225,2.1569116546593694,6.4,67.7,14059.0,-55.0,11.822657637258668,-1.3572403269115079,3.521488415770399
"brantford, ontario",2008,-237,682,"Brantford (CMA), Ontario",CMA,Ontario,708.25,0.26494333915406926,0.14125391803721862,136867.0,198,2.1992152966018104,6.6,67.6,14194.0,-69.625,11.826764930356196,-1.7316080574572394,4.982939642134335
"brantford, ontario",2009,-48,445,"Brantford (CMA), Ontario",CMA,Ontario,718.875,0.25985905260098807,0.1440714908456844,137640.0,205,2.3684975297878523,9.2,67.1,13807.0,-69.75,11.832396859911416,-0.34873583260680036,3.2330717814588783
"brantford, ontario",2010,-186,554,"Brantford (CMA), Ontario",CMA,Ontario,737.25,0.255906194460098,0.14663979077260972,138414.0,214,1.6689063245047466,8.8,67.0,13919.0,-64.375,11.83800447311914,-1.343794702847978,4.002485297729999
"brantford, ontario",2011,-155,649,"Brantford (CMA), Ontario",CMA,Ontario,775.375,0.2532276363218589,0.14845690979851509,139266.0,208,2.4772737064322947,8.0,66.7,14412.0,-43.75,11.84414105244562,-1.1129780420203064,4.660146769491477
"brantford, ontario",2012,-74,1043,"Brantford (CMA), Ontario",CMA,Ontario,770.625,0.25195678614867284,0.15393861343635973,139770.0,189,1.0374186162982042,8.0,66.2,14635.0,-66.875,11.847753493478953,-0.5294412248694284,7.462259426200186
"brantford, ontario",2013,-207,938,"Brantford (CMA), Ontario",CMA,Ontario,795.875,0.2517229852274909,0.1579883213963115,140599.0,217,1.7994438082774415,7.6,66.3,14241.0,-58.375,11.853667145957875,-1.4722722067724523,6.671455700253913
"brantford, ontario",2014,-146,1061,"Brantford (CMA), Ontario",CMA,Ontario,821.875,0.2514203640943277,0.16150760239710762,141337.0,162,1.889101933676249,7.4,65.9,15137.0,-56.375,11.858902388605687,-1.0329920686019938,7.506880717717229
"brantford, ontario",2015,-74,1355,"Brantford (CMA), Ontario",CMA,Ontario,824.5,0.2513920526449,0.1650777580921848,142236.0,207,1.4623583340363904,6.8,65.3,14708.0,-99.625,11.8652429288675,-0.5202620996091003,9.526420877977447
"brantford, ontario",2016,-33,1572,"Brantford (CMA), Ontario",CMA,Ontario,883.75,0.25115558119652176,0.16837078690735194,143867.0,222,0.688135569658087,6.6,65.0,15588.0,-69.75,11.876644540655471,-0.22937852321936233,10.926758742449625
"brantford, ontario",2017,22,953,"Brantford (CMA), Ontario",CMA,Ontario,906.875,0.25246552373130754,0.17181671970708004,146115.0,229,0.9239297813366184,6.1,65.2,15887.0,-89.875,11.892149261873167,0.1505663347363378,6.522259863805906
"brantford, ontario",2018,-45,1425,"Brantford (CMA), Ontario",CMA,Ontario,925.375,0.25446085373255106,0.17584462876795467,148290.0,316,1.1261716906062444,5.7,64.9,17095.0,-134.125,11.906925094969115,-0.303459437588509,9.60954885696945
"brantford, ontario",2019,-71,1729,"Brantford (CMA), Ontario",CMA,Ontario,976.75,0.25719661585143666,0.1793307230073076,150939.0,307,0.21200617467983757,5.5,65.2,18274.0,-115.625,11.924631060667847,-0.47038870007088956,11.454958625669972
"brantford, ontario",2020,-170,2227,"Brantford (CMA), Ontario",CMA,Ontario,1042.625,0.25949564945553066,0.18213671651122806,153544.0,353,-0.2605116448705257,9.8,63.7,19757.0,-118.375,11.941742449885714,-1.1071744906997343,14.503985828166519
"brantford, ontario",2021,-552,4045,"Brantford (CMA), Ontario",CMA,Ontario,1114.875,0.2646732263869214,0.1842656048598083,156714.0,854,0.497721964853172,8.1,65.2,21792.0,-135.875,11.962177767046336,-3.5223400589609097,25.811350613218988
"brantford, ontario",2022,-509,3592,"Brantford (CMA), Ontario",CMA,Ontario,1162.625,0.27037020978761095,0.18504914864756053,161449.0,952,-0.16104156730608427,5.6,65.4,24269.0,-127.625,11.991944582299169,-3.152698375338342,22.248511913979026
"brantford, ontario",2023,-524,2927,"Brantford (CMA), Ontario",CMA,Ontario,1257.0,0.2780462423597239,0.18435343229309953,167206.0,910,0.5920840161238233,5.6,65.6,25705.0,-161.75,12.026981864156346,-3.1338588328170043,17.505352678731626
"brantford, ontario",2024,-322,2926,"Brantford (CMA), Ontario",CMA,Ontario,1330.0,0.28565578498096666,0.1834063905871496,173380.0,1150,0.5998385050178798,7.0,65.3,,-164.0,12.063240996422632,-1.8571922943822816,16.876225631560732
"calgary, alberta",2001,9015,1260,"Calgary (CMA), Alberta",CMA,Alberta,675.375,0.35320355443988133,0.08841638542000978,978382.0,9723,7.154669648460417,4.7,72.3,1588.0,87.9375,13.793655465802383,9.21419241155295,1.2878405367228751
"calgary, alberta",2002,4407,455,"Calgary (CMA), Alberta",CMA,Alberta,692.875,0.3486283952785326,0.08890105932392572,1007907.0,8056,7.6296721820564795,5.3,72.9,1714.0,77.875,13.823386461452298,4.372427217987374,0.45143053873025984
"calgary, alberta",2003,3360,1069,"Calgary (CMA), Alberta",CMA,Alberta,694.0,0.3439078419242718,0.0895058701050491,1029709.0,9563,7.857559757174114,5.1,73.5,1901.0,65.27083333333326,13.844786796016473,3.2630578153633696,1.0381573823284054
"calgary, alberta",2004,12114,1990,"Calgary (CMA), Alberta",CMA,Alberta,689.5,0.338834546733884,0.09014614932470864,1053101.0,9391,7.915670006960395,4.7,73.5,2262.0,63.75,13.867249702945676,11.503170161266583,1.889657307323799
"calgary, alberta",2005,13765,-169,"Calgary (CMA), Alberta",CMA,Alberta,697.0,0.3359568250325063,0.09027643675941303,1087482.0,11685,8.367035040579982,4.0,72.7,2422.0,58.1875,13.899375490083857,12.657680770808161,-0.15540487106913034
"calgary, alberta",2006,9738,-3488,"Calgary (CMA), Alberta",CMA,Alberta,814.625,0.33409829336617064,0.09051227445451064,1125549.0,11119,8.972510303860604,3.6,73.6,2599.0,109.4375,13.93378147458738,8.651777932369004,-3.0989321655476574
"calgary, alberta",2007,6257,-1484,"Calgary (CMA), Alberta",CMA,Alberta,935.5,0.3336063659559746,0.09038273580417766,1156150.0,12641,9.381135665787312,3.7,74.5,2709.0,109.875,13.960606077582113,5.411927518055616,-1.2835704709596505
"calgary, alberta",2008,4670,9,"Calgary (CMA), Alberta",CMA,Alberta,992.625,0.3337492097086087,0.0904539534774084,1187853.0,13359,9.510436055639882,3.8,74.8,3019.0,113.0,13.98765803387489,3.931462899870607,0.007576695096110378
"calgary, alberta",2009,-2099,669,"Calgary (CMA), Alberta",CMA,Alberta,953.375,0.3339716665246935,0.09084780913564552,1220888.0,14918,9.256377325356626,6.8,74.6,2997.0,95.9375,14.015089020793836,-1.719240421725826,0.5479618114028477
"calgary, alberta",2010,1163,2952,"Calgary (CMA), Alberta",CMA,Alberta,938.375,0.3316626766981271,0.09233144430952056,1241029.0,15122,8.855554543850305,6.6,73.2,2974.0,90.1875,14.03145143216512,0.9371255627386629,2.378671247811292
"calgary, alberta",2011,9416,2446,"Calgary (CMA), Alberta",CMA,Alberta,945.375,0.3293584921186265,0.09438263233602297,1263866.0,16034,8.860116499692214,5.6,73.8,3308.0,78.1875,14.049685835410973,7.45015689954473,1.9353317519420572
"calgary, alberta",2012,13680,1926,"Calgary (CMA), Alberta",CMA,Alberta,1000.875,0.3299642417158436,0.09698828602625968,1299559.0,17712,8.734501473192061,4.7,73.7,3722.0,113.3125,14.07753553411076,10.52664788593669,1.482041215520034
"calgary, alberta",2013,12160,1477,"Calgary (CMA), Alberta",CMA,Alberta,1079.5,0.3313384392502294,0.09936075587213927,1343931.0,18566,8.908939521448646,4.6,73.3,3749.0,131.5625,14.11110945946161,9.048083569766602,1.099014755965894
"calgary, alberta",2014,7241,1511,"Calgary (CMA), Alberta",CMA,Alberta,1159.125,0.33347353809481206,0.10108883546838972,1386068.0,18543,8.673456136351176,4.8,72.8,3775.0,154.125,14.141981519577545,5.224130417843857,1.0901341059745986
"calgary, alberta",2015,-4426,742,"Calgary (CMA), Alberta",CMA,Alberta,1163.875,0.333859968656021,0.10341959987010603,1416540.0,24867,8.683835260564473,6.1,73.3,3533.0,119.4375,14.163727836470313,-3.1245146624874693,0.5238115407965889
"calgary, alberta",2016,-5622,2559,"Calgary (CMA), Alberta",CMA,Alberta,1108.5,0.33060561587524606,0.10697498104624716,1437710.0,18908,7.743564418415397,8.2,72.3,3257.0,94.5,14.178562127940504,-3.9103852654568723,1.7799138908402947
"calgary, alberta",2017,-1893,2444,"Calgary (CMA), Alberta",CMA,Alberta,1092.375,0.3263587965828897,0.11127412543160965,1453860.0,17425,7.1918891777750265,8.0,72.1,3310.0,88.125,14.189732646332507,-1.3020510915769057,1.681042191132571
"calgary, alberta",2018,104,2535,"Calgary (CMA), Alberta",CMA,Alberta,1118.75,0.323323728955978,0.11574584811711738,1475716.0,18626,6.765529410808042,6.5,71.8,3651.0,93.75,14.204653853704887,0.0704742646959171,1.7178102019629793
"calgary, alberta",2019,803,3047,"Calgary (CMA), Alberta",CMA,Alberta,1144.25,0.32042679580521455,0.12066493934989474,1503295.0,16459,6.138515727119428,6.9,71.8,3835.0,101.75,14.223169923594297,0.5341599619502493,2.0268809515098503
"calgary, alberta",2020,-2322,1953,"Calgary (CMA), Alberta",CMA,Alberta,1158.5,0.31794024846525004,0.12544576780682892,1528262.0,11388,5.3642634574438155,11.4,68.9,3715.0,92.375,14.23964169997858,-1.5193729870925272,1.2779222410816995
"calgary, alberta",2021,6124,2416,"Calgary (CMA), Alberta",CMA,Alberta,1193.0,0.31504464882791144,0.13116834886985293,1540242.0,26334,5.009602387157343,8.6,69.7,4288.0,118.875,14.24745010490131,3.975998576847015,1.5685846769533618
"calgary, alberta",2022,20381,479,"Calgary (CMA), Alberta",CMA,Alberta,1300.25,0.3156577060356246,0.1354682145437208,1587723.0,28121,4.760906027058876,5.8,69.6,4792.0,169.0625,14.277811472324599,12.836622005223832,0.30168990434729487
"calgary, alberta",2023,20628,-2621,"Calgary (CMA), Alberta",CMA,Alberta,1532.75,0.32415201281651485,0.13648671810094673,1680332.0,31220,5.142436137620423,5.9,69.5,5148.0,305.0,14.33450195090299,12.276145428403435,-1.5598107992944252
"calgary, alberta",2024,11195,-2790,"Calgary (CMA), Alberta",CMA,Alberta,1700.125,0.331372945868077,0.1366027513075635,1783661.0,28535,5.183159804469572,7.0,69.2,,250.89583333333348,14.39417855164402,6.276416875179756,-1.5641985780930345
"chilliwack, british columbia",2001,-165,372,"Chilliwack (CMA), British Columbia",CMA,British Columbia,529.625,0.2840890581734805,0.15650332652575394,79813.0,416,4.72354127773671,7.7,64.0,1760.0,-67.5,11.287441677438123,-2.0673323894603635,4.660894841692456
"chilliwack, british columbia",2002,-73,348,"Chilliwack (CMA), British Columbia",CMA,British Columbia,540.875,0.2775117845948814,0.15776549273180485,81038.0,382,5.244453219477283,8.5,65.0,1949.0,-71.75,11.302673459447249,-0.9008119647572743,4.294281695007281
"chilliwack, british columbia",2003,109,661,"Chilliwack (CMA), British Columbia",CMA,British Columbia,603.0,0.2720391105503864,0.15799497773949753,82433.0,500,5.1435711426249195,8.0,65.5,2050.0,-19.75,11.319741121161568,1.3222859777031044,8.018633314328
"chilliwack, british columbia",2004,16,451,"Chilliwack (CMA), British Columbia",CMA,British Columbia,609.6666666666666,0.267266020661108,0.15819624494443324,84313.0,461,4.767948003273516,7.2,65.3,2263.0,-18.08333333333337,11.342291343251283,0.1897690747571549,5.349115794717303
"chilliwack, british columbia",2005,17,380,"Chilliwack (CMA), British Columbia",CMA,British Columbia,570.875,0.2627803526096374,0.16015324778163356,85874.0,184,3.470200526352563,5.9,65.4,2414.0,-78.75,11.360636384624243,0.1979644595570254,4.42508791950998
"chilliwack, british columbia",2006,109,577,"Chilliwack (CMA), British Columbia",CMA,British Columbia,603.8125,0.2582529641536175,0.162662610759676,86787.0,144,3.537396153801837,4.9,65.8,2432.0,-42.4375,11.371212119846604,1.2559484715452773,6.64846117506078
"chilliwack, british columbia",2007,83,552,"Chilliwack (CMA), British Columbia",CMA,British Columbia,636.75,0.25378775058945635,0.16301711397660226,88641.0,239,3.7680080324003566,4.4,66.2,2838.0,-66.625,11.39234978350592,0.9363612775126635,6.2273665685179544
"chilliwack, british columbia",2008,65,392,"Chilliwack (CMA), British Columbia",CMA,British Columbia,660.625,0.25081853358468104,0.16420279789661674,90711.0,245,3.3843745521491333,4.8,66.4,2947.0,-85.875,11.415433907691098,0.7165613872628457,4.321416366262085
"chilliwack, british columbia",2009,15,506,"Chilliwack (CMA), British Columbia",CMA,British Columbia,670.5,0.2506322547175929,0.16593173810604586,92526.0,201,3.8367593973585805,7.8,66.2,2911.0,-111.25,11.435244965085712,0.1621165942545879,5.468733112854766
"chilliwack, british columbia",2010,-88,460,"Chilliwack (CMA), British Columbia",CMA,British Columbia,665.875,0.2501562947029341,0.16718764900978034,94373.0,192,3.592129104722749,7.8,65.8,3020.0,-123.625,11.45501029427379,-0.9324700920814216,4.874275481334704
"chilliwack, british columbia",2011,-82,1064,"Chilliwack (CMA), British Columbia",CMA,British Columbia,664.75,0.24901375524431735,0.17072992548372956,95818.0,242,3.2979189713832473,7.6,65.2,3046.0,-132.25,11.470205837750067,-0.8557891001690705,11.104385397315744
"chilliwack, british columbia",2012,-154,819,"Chilliwack (CMA), British Columbia",CMA,British Columbia,684.125,0.2469357218988276,0.17501229810609167,97576.0,227,2.715831761908666,6.9,65.3,3025.0,-137.5,11.488386840523074,-1.5782569484299418,8.393457407559236
"chilliwack, british columbia",2013,159,852,"Chilliwack (CMA), British Columbia",CMA,British Columbia,689.25,0.24328009939695142,0.17932866652524823,98997.0,275,2.6364435285917756,6.7,64.8,3228.0,-136.5,11.502844825627278,1.606109276038668,8.6063214036789
"chilliwack, british columbia",2014,359,1223,"Chilliwack (CMA), British Columbia",CMA,British Columbia,690.75,0.23947229865988495,0.18462593008354608,100663.0,222,2.27491729831219,6.2,64.1,3282.0,-155.375,11.519533583184474,3.5663550659129966,12.149449152121434
"chilliwack, british columbia",2015,530,2014,"Chilliwack (CMA), British Columbia",CMA,British Columbia,714.75,0.23633835953373972,0.18935262149891602,102861.0,237,2.3040802636567794,6.2,64.1,3569.0,-157.875,11.541133841233817,5.152584555856933,19.579821312256346
"chilliwack, british columbia",2016,181,2374,"Chilliwack (CMA), British Columbia",CMA,British Columbia,745.375,0.235563400222755,0.1922300039642837,105946.0,214,1.5196420818152643,6.1,65.2,4196.0,-146.5,11.570684809326373,1.7084174957053595,22.40764162875427
"chilliwack, british columbia",2017,-31,2398,"Chilliwack (CMA), British Columbia",CMA,British Columbia,821.125,0.23904946707253147,0.19418975712485861,108739.0,229,1.5725728579442517,5.3,66.1,4219.0,-90.625,11.596705794409695,-0.2850863075805369,22.052805341229917
"chilliwack, british columbia",2018,19,1618,"Chilliwack (CMA), British Columbia",CMA,British Columbia,920.375,0.24491453563618512,0.19450171821305842,112035.0,237,1.2228321506672022,4.6,65.7,4749.0,-96.125,11.626566601459277,0.1695898603115098,14.441915472843307
"chilliwack, british columbia",2019,84,2173,"Chilliwack (CMA), British Columbia",CMA,British Columbia,1001.125,0.2474906419573431,0.19778562850104758,114073.0,252,0.929229528459846,4.8,66.5,4964.0,-74.625,11.644593873316685,0.7363705697228967,19.04920533342684
"chilliwack, british columbia",2020,311,1908,"Chilliwack (CMA), British Columbia",CMA,British Columbia,994.625,0.2505820396731987,0.2012353845757339,116401.0,172,0.6615063444472127,9.1,64.5,5398.0,-140.75,11.664796405307863,2.671798352247833,16.39161175591275
"chilliwack, british columbia",2021,-41,2401,"Chilliwack (CMA), British Columbia",CMA,British Columbia,1075.375,0.2531989143078713,0.20473051570376113,118634.0,463,-0.8597872448033448,6.6,65.9,6026.0,-171.25,11.68379840237044,-0.34560075526408957,20.238717399733634
"chilliwack, british columbia",2022,-582,1937,"Chilliwack (CMA), British Columbia",CMA,British Columbia,1236.0,0.25907942490803304,0.20552871756466493,121511.0,415,-0.6748360230761001,4.6,65.5,6928.0,-125.5,11.70776007264412,-4.7896898223206135,15.940943618273245
"chilliwack, british columbia",2023,-146,2541,"Chilliwack (CMA), British Columbia",CMA,British Columbia,1309.625,0.2638531813404479,0.20709839113913817,123690.0,442,-0.0404236397445226,5.2,65.8,7675.0,-154.5,11.725533714369055,-1.1803702805400598,20.543293718166385
"chilliwack, british columbia",2024,-123,2738,"Chilliwack (CMA), British Columbia",CMA,British Columbia,1261.2857142857142,0.2671657770850062,0.2091855210744257,127026.0,515,0.4329822241115992,5.6,65.2,,-307.7142857142858,11.752147068896996,-0.9683057011950309,21.554642356682884
"drummondville, quebec",2001,-2,359,"Drummondville (CMA), Quebec",CMA,Quebec,381.625,0.2933307646924253,0.12707548192118287,83053.0,128,2.311776817213105,8.8,63.6,6415.0,-21.4375,11.327234237206607,-0.02408100851263651,4.322541028018254
"drummondville, quebec",2002,51,717,"Drummondville (CMA), Quebec",CMA,Quebec,400.875,0.2912646925047279,0.12808512675651737,83546.0,162,2.705096593493405,8.7,65.2,6728.0,-10.4375,11.333152657353832,0.6104421516290427,8.58209848466713
"drummondville, quebec",2003,13,609,"Drummondville (CMA), Quebec",CMA,Quebec,415.0,0.2886032237845764,0.12999207653827505,84559.0,225,2.5307773270734044,9.1,66.1,6965.0,-10.875,11.345204794551771,0.15373880958857128,7.202071926110762
"drummondville, quebec",2004,-34,761,"Drummondville (CMA), Quebec",CMA,Quebec,424.625,0.28624078624078625,0.13190593190593192,85470.0,300,3.018603018603019,8.5,65.9,7244.0,-13.4375,11.355920716160064,-0.3978003978003978,8.903708903708905
"drummondville, quebec",2005,-54,592,"Drummondville (CMA), Quebec",CMA,Quebec,439.875,0.28372963172542814,0.1344450475211622,86593.0,192,2.7831348954303468,8.2,65.6,7262.0,-12.0625,11.368974259874717,-0.623606989017588,6.836580324044669
"drummondville, quebec",2006,-69,291,"Drummondville (CMA), Quebec",CMA,Quebec,444.75,0.280332860217023,0.1376196144865162,87364.0,127,2.976054209972071,8.3,65.4,7904.0,-15.9375,11.377838577476302,-0.7897990018772034,3.33089144269951
"drummondville, quebec",2007,-107,703,"Drummondville (CMA), Quebec",CMA,Quebec,454.125,0.27465946853273754,0.14212155924283496,88171.0,169,4.332490274580077,7.4,65.6,7950.0,-18.3125,11.387033389742967,-1.213550940785519,7.973143096936634
"drummondville, quebec",2008,-40,478,"Drummondville (CMA), Quebec",CMA,Quebec,486.375,0.2695564741369679,0.14704502290246899,89510.0,119,4.357055077644956,7.4,65.6,8086.0,-7.5625,11.402105629864984,-0.44687744386102113,5.340185454139203
"drummondville, quebec",2009,-22,558,"Drummondville (CMA), Quebec",CMA,Quebec,484.0,0.26498015873015873,0.15162037037037038,90720.0,140,2.8659611992945324,8.8,65.3,7844.0,-13.375,11.415533118961578,-0.24250440917107585,6.15079365079365
"drummondville, quebec",2010,-45,637,"Drummondville (CMA), Quebec",CMA,Quebec,494.875,0.26116195305613893,0.15729566797610367,91897.0,135,2.8727814836175285,8.2,65.3,7950.0,-12.6875,11.428423663632492,-0.48967866198026055,6.9316735040316875
"drummondville, quebec",2011,-32,592,"Drummondville (CMA), Quebec",CMA,Quebec,503.0,0.2574359525216177,0.16311294913797733,93095.0,145,2.1376013749395777,8.0,65.1,8406.0,-15.75,11.441375756130153,-0.34373489446264566,6.359095547558945
"drummondville, quebec",2012,-84,542,"Drummondville (CMA), Quebec",CMA,Quebec,495.75,0.25628151394591836,0.1671701806267685,94006.0,130,2.4147394847137416,7.9,65.1,8294.0,-20.1875,11.451113889002341,-0.8935599855328383,5.765589430461885
"drummondville, quebec",2013,-68,561,"Drummondville (CMA), Quebec",CMA,Quebec,509.0,0.25490382181726146,0.17207668944570995,94824.0,104,2.8157428499114148,7.8,65.3,8454.0,-16.5625,11.459777820759337,-0.7171180291909222,5.9162237408251075
"drummondville, quebec",2014,-96,691,"Drummondville (CMA), Quebec",CMA,Quebec,514.0,0.2526782261520292,0.178220926222055,95679.0,128,0.8779355971529803,7.9,64.8,9081.0,-21.3125,11.468754117624824,-1.0033549681748346,7.222065448008445
"drummondville, quebec",2015,-64,527,"Drummondville (CMA), Quebec",CMA,Quebec,527.75,0.2523988145814768,0.18258968354299215,96506.0,238,2.9324601579176424,7.7,64.9,8770.0,-16.375,11.477360461560023,-0.6631712017905623,5.460800364744161
"drummondville, quebec",2016,-12,753,"Drummondville (CMA), Quebec",CMA,Quebec,529.375,0.2519656787870711,0.18820285190007074,97549.0,203,2.2142718018636787,7.2,64.6,8826.0,-25.8125,11.488110094845458,-0.12301510010353771,7.719197531496991
"drummondville, quebec",2017,44,545,"Drummondville (CMA), Quebec",CMA,Quebec,539.25,0.25238887423667605,0.1946197074516646,98582.0,149,0.8115071716946298,6.1,64.9,9450.0,-23.0,11.498643968144458,0.4463289444320464,5.528392607169666
"drummondville, quebec",2018,32,268,"Drummondville (CMA), Quebec",CMA,Quebec,556.0,0.2533072911422991,0.20063226144211987,99326.0,185,1.8524857539818376,5.5,65.0,9957.0,-16.0,11.50616264859084,0.32217143547510224,2.698185772103981
"drummondville, quebec",2019,17,495,"Drummondville (CMA), Quebec",CMA,Quebec,590.75,0.25338959324881016,0.20668519777626684,100012.0,120,0.539935207775067,5.1,65.1,10098.0,-11.25,11.513045457770804,0.1699796024477063,4.949406071271447
"drummondville, quebec",2020,13,1303,"Drummondville (CMA), Quebec",CMA,Quebec,615.25,0.25319842630488854,0.2120920829658405,100909.0,90,0.634234805616942,8.9,63.9,10717.0,-11.125,11.52197439958884,0.12882894489094135,12.912624245607427
"drummondville, quebec",2021,67,729,"Drummondville (CMA), Quebec",CMA,Quebec,632.5,0.25220797999140254,0.21779866348821758,102356.0,347,-0.20516628238696316,6.1,64.3,11732.0,-33.0625,11.536212211745417,0.6545781390441205,7.1222009457188635
"drummondville, quebec",2022,-74,886,"Drummondville (CMA), Quebec",CMA,Quebec,676.25,0.2504069269072592,0.22106003255415257,103827.0,502,-0.9727720149864679,4.3,64.4,12912.0,-50.0625,11.550481331496663,-0.7127240505841448,8.533425794831787
"drummondville, quebec",2023,-10,530,"Drummondville (CMA), Quebec",CMA,Quebec,759.625,0.2513713309226862,0.22413353600392752,105919.0,576,-0.8497059073442914,4.5,65.3,14738.0,-51.0,11.570429930038655,-0.09441176748269904,5.003823676583049
"drummondville, quebec",2024,-3,695,"Drummondville (CMA), Quebec",CMA,Quebec,863.625,0.2514481671995922,0.2260809119977756,107895.0,694,-1.3346308911441678,5.3,64.9,,-30.3125,11.588913810969567,-0.027804810232170164,6.441447703786089
"edmonton, alberta",2001,6482,2577,"Edmonton (CMA), Alberta",CMA,Alberta,596.0,0.32287952385204693,0.10369841194024891,963062.0,4399,5.672531986518002,4.7,72.3,1588.0,8.5625,13.77787307084697,6.730615474393134,2.675840184744077
"edmonton, alberta",2002,1992,758,"Edmonton (CMA), Alberta",CMA,Alberta,638.75,0.31938298051544123,0.10429581702516726,985447.0,3548,5.960746747415133,5.3,72.9,1714.0,23.75,13.800850624321521,2.0214176916668274,0.7691940814675979
"edmonton, alberta",2003,1448,683,"Edmonton (CMA), Alberta",CMA,Alberta,652.125,0.3151845703739121,0.10536497330340093,1001813.0,4837,5.912281034484479,5.1,73.5,1901.0,23.395833333333258,13.817321916463502,1.445379526917698,0.6817639619370082
"edmonton, alberta",2004,7510,2044,"Edmonton (CMA), Alberta",CMA,Alberta,657.5,0.31071634487412325,0.10627453715208443,1018099.0,5101,6.0416521379551495,4.7,73.5,2262.0,31.75,13.83344772087302,7.376492855802825,2.0076633018989316
"edmonton, alberta",2005,12915,2502,"Edmonton (CMA), Alberta",CMA,Alberta,665.0,0.30750697718119,0.10694765220609313,1043043.0,6025,5.98728911463861,4.0,72.7,2422.0,26.1875,13.857652960362238,12.382039858375926,2.398750578835197
"edmonton, alberta",2006,9501,2352,"Edmonton (CMA), Alberta",CMA,Alberta,734.875,0.30561390544247,0.10735283031335828,1074457.0,6427,7.261342240778365,3.6,73.6,2599.0,29.6875,13.887325975650628,8.842606079163708,2.1890126826853002
"edmonton, alberta",2007,3612,2409,"Edmonton (CMA), Alberta",CMA,Alberta,871.5,0.3060515873015873,0.10724333072645116,1104768.0,7510,7.454053701772679,3.7,74.5,2709.0,45.875,13.915145916139275,3.269464720194647,2.1805483142161974
"edmonton, alberta",2008,4218,4042,"Edmonton (CMA), Alberta",CMA,Alberta,940.75,0.3070432113758308,0.10737000154562919,1132225.0,7780,7.29890260328115,3.8,74.8,3019.0,61.125,13.939695281245351,3.725407935701826,3.5699618008788008
"edmonton, alberta",2009,-1287,3538,"Edmonton (CMA), Alberta",CMA,Alberta,930.25,0.3091869755228231,0.10730826669691299,1163778.0,9764,7.571890858909517,6.8,74.6,2997.0,72.8125,13.967182167434348,-1.105881018544774,3.040098712984779
"edmonton, alberta",2010,2514,3197,"Edmonton (CMA), Alberta",CMA,Alberta,934.625,0.3089882043011661,0.10849256541673351,1184330.0,10449,7.220116014962046,6.6,73.2,2974.0,86.4375,13.984687771808156,2.1227191745543896,2.6994165477527376
"edmonton, alberta",2011,8646,2797,"Edmonton (CMA), Alberta",CMA,Alberta,948.25,0.30887804101029076,0.11014671184280826,1205356.0,11584,7.197873491317088,5.6,73.8,3308.0,81.0625,14.002285516959011,7.172984578829823,2.3204762742293563
"edmonton, alberta",2012,13173,2707,"Edmonton (CMA), Alberta",CMA,Alberta,977.75,0.31161023069061294,0.11259449334868947,1233817.0,12771,7.36008662548822,4.7,73.7,3722.0,90.1875,14.025623174233022,10.67662384291998,2.1940044593323
"edmonton, alberta",2013,13886,3828,"Edmonton (CMA), Alberta",CMA,Alberta,1037.625,0.31539807696089034,0.11429852331045874,1271425.0,15005,7.664628271427729,4.6,73.3,3749.0,89.6875,14.055648876654345,10.92160371236998,3.0107949741431854
"edmonton, alberta",2014,10270,3632,"Edmonton (CMA), Alberta",CMA,Alberta,1112.25,0.3193383254163287,0.11515735427731671,1311944.0,14092,7.589500771374388,4.8,72.8,3775.0,107.25,14.0870205646484,7.828078027720696,2.7684108468044366
"edmonton, alberta",2015,-2402,4151,"Edmonton (CMA), Alberta",CMA,Alberta,1138.625,0.32079058044502773,0.11690404462208435,1341040.0,21477,7.909532899838931,6.1,73.3,3533.0,94.1875,14.108955990305159,-1.791147169361093,3.095358825985802
"edmonton, alberta",2016,-3719,5888,"Edmonton (CMA), Alberta",CMA,Alberta,1115.75,0.31984878428751795,0.1196543054636532,1364673.0,16783,7.44647252491989,8.2,72.3,3257.0,101.75,14.126425397462452,-2.7251949734478518,4.314586717843762
"edmonton, alberta",2017,-954,4174,"Edmonton (CMA), Alberta",CMA,Alberta,1104.875,0.3193994552810516,0.1228764674788961,1388606.0,14646,6.299843152053211,8.0,72.1,3310.0,100.625,14.143810924190722,-0.6870199322197945,3.00589224013147
"edmonton, alberta",2018,-530,4254,"Edmonton (CMA), Alberta",CMA,Alberta,1126.0,0.31844606578094964,0.12637503849789192,1412415.0,15476,6.3770209180729465,6.5,71.8,3651.0,101.0,14.160811563200875,-0.37524381998208745,3.011862660761887
"edmonton, alberta",2019,-1442,4877,"Edmonton (CMA), Alberta",CMA,Alberta,1139.5,0.3174256726510389,0.13074467759739086,1438636.0,13210,5.671344245521452,6.9,71.8,3835.0,97.0,14.179206000431499,-1.0023383260254852,3.3900166546645574
"edmonton, alberta",2020,-3154,2833,"Edmonton (CMA), Alberta",CMA,Alberta,1142.625,0.3159970910523864,0.1352174903553883,1461697.0,8989,4.242329292596208,11.4,68.9,3715.0,76.5,14.195108647470544,-2.1577659391789132,1.9381581818940588
"edmonton, alberta",2021,-263,3008,"Edmonton (CMA), Alberta",CMA,Alberta,1148.875,0.3138388836744313,0.14007315936816167,1472402.0,18792,3.772746844951311,8.6,69.7,4288.0,74.75,14.202405638812623,-0.17861969760975602,2.042920343764814
"edmonton, alberta",2022,10874,2681,"Edmonton (CMA), Alberta",CMA,Alberta,1181.375,0.3130916592042983,0.1442962187113556,1500864.0,19705,3.5133096669651613,5.8,69.6,4792.0,50.1875,14.221551500248111,7.245160121103577,1.7863044219862694
"edmonton, alberta",2023,17756,3987,"Edmonton (CMA), Alberta",CMA,Alberta,1253.25,0.31744776817462506,0.14642786209901143,1560830.0,21337,3.7858062697410992,5.9,69.5,5148.0,25.5,14.260728289018672,11.375998667375692,2.554410153572138
"edmonton, alberta",2024,11742,3670,"Edmonton (CMA), Alberta",CMA,Alberta,1380.625,0.32347283372764774,0.1468829263895014,1641668.0,21666,3.8844638501816444,7.0,69.2,,-68.60416666666652,14.311223356102628,7.152481500522639,2.2355311792640165
"fredericton, new brunswick",2001,-140,378,"Fredericton (CMA), New Brunswick",CMA,New Brunswick,581.125,0.312803000615798,0.11422493422157533,89315.0,258,3.806751385545541,11.1,61.9,162.0,87.625,11.399924725882984,-1.5674858646363994,4.232211834518278
"fredericton, new brunswick",2002,-146,320,"Fredericton (CMA), New Brunswick",CMA,New Brunswick,591.5,0.3097480274879104,0.11555103079664036,90367.0,149,2.921420430024235,10.1,63.3,211.0,70.125,11.41163443548761,-1.6156340256952206,3.5411156727566477
"fredericton, new brunswick",2003,-49,149,"Fredericton (CMA), New Brunswick",CMA,New Brunswick,602.625,0.30564962463696643,0.11701463093868157,91245.0,185,3.72623157433284,10.2,63.1,216.0,87.5,11.421303475422915,-0.5370157268891447,1.6329661899282153
"fredericton, new brunswick",2004,-249,152,"Fredericton (CMA), New Brunswick",CMA,New Brunswick,630.875,0.30252310766924806,0.11787898206779698,92069.0,236,3.736328188641128,9.8,63.8,227.0,70.75,11.430293574921723,-2.704493369103607,1.6509357112600331
"fredericton, new brunswick",2005,-526,463,"Fredericton (CMA), New Brunswick",CMA,New Brunswick,652.875,0.29932545464357024,0.11983163347903512,92655.0,421,4.1767848470131135,9.7,63.2,259.0,106.5,11.436638196798109,-5.6769737197129135,4.997032000431709
"fredericton, new brunswick",2006,-415,339,"Fredericton (CMA), New Brunswick",CMA,New Brunswick,662.0,0.2957678691750714,0.12369116247232591,93499.0,503,3.7540508454635875,9.2,63.5,273.0,91.75,11.445706020032418,-4.438550144921336,3.6257072268152597
"fredericton, new brunswick",2007,-94,524,"Fredericton (CMA), New Brunswick",CMA,New Brunswick,681.0,0.2940970639069442,0.12642483750225322,94309.0,487,4.156549215875474,7.7,63.8,324.0,106.0,11.45433190415227,-0.996723536459935,5.556203543670276
"fredericton, new brunswick",2008,-55,469,"Fredericton (CMA), New Brunswick",CMA,New Brunswick,684.75,0.2899829403330298,0.12916156446565566,95547.0,577,4.312013982647284,8.7,65.0,320.0,94.5,11.467373552001263,-0.5756329345767005,4.908579023935864
"fredericton, new brunswick",2009,-7,496,"Fredericton (CMA), New Brunswick",CMA,New Brunswick,699.25,0.28729804498287687,0.1313594619332147,97237.0,467,4.607299690447053,9.0,64.7,335.0,87.25,11.484906576452703,-0.0719890576632352,5.100938942994951
"fredericton, new brunswick",2010,-20,436,"Fredericton (CMA), New Brunswick",CMA,New Brunswick,717.375,0.28265489950003037,0.1339088719308544,98806.0,536,3.5119324737364126,9.4,64.2,290.0,89.25,11.500913610636983,-0.20241685727587394,4.412687488614052
"fredericton, new brunswick",2011,-387,774,"Fredericton (CMA), New Brunswick",CMA,New Brunswick,734.125,0.28074167215535994,0.13630920304173402,100206.0,749,3.762249765483105,9.6,63.5,296.0,89.25,11.514983346079672,-3.8620441889707204,7.724088377941441
"fredericton, new brunswick",2012,-576,1091,"Fredericton (CMA), New Brunswick",CMA,New Brunswick,758.5,0.27854503783612905,0.1416928457115761,101226.0,717,3.200758698358129,10.5,63.5,283.0,75.125,11.52511091983403,-5.690237685970009,10.777863394779997
"fredericton, new brunswick",2013,-775,718,"Fredericton (CMA), New Brunswick",CMA,New Brunswick,760.125,0.2770074169622702,0.14680503845289397,102333.0,762,3.2833983172583623,10.4,63.7,289.0,58.5,11.535987480566929,-7.573314571057235,7.016309499379477
"fredericton, new brunswick",2014,-780,931,"Fredericton (CMA), New Brunswick",CMA,New Brunswick,788.375,0.2745675127002166,0.15212091189012247,102951.0,914,2.5643267185360026,10.1,63.4,302.0,74.625,11.542008425861892,-7.576419850220007,9.043137026352342
"fredericton, new brunswick",2015,-716,960,"Fredericton (CMA), New Brunswick",CMA,New Brunswick,794.0,0.27029966981449927,0.1563038476718553,103881.0,1433,3.061195021226211,10.1,62.8,309.0,88.625,11.551001292222457,-6.892501997477883,9.241343460305544
"fredericton, new brunswick",2016,-278,482,"Fredericton (CMA), New Brunswick",CMA,New Brunswick,810.625,0.2673352898158437,0.16083046034323922,105291.0,1103,2.4788443456705704,9.7,62.8,362.0,58.25,11.564483224383821,-2.6403016402161628,4.577789174763276
"fredericton, new brunswick",2017,-372,636,"Fredericton (CMA), New Brunswick",CMA,New Brunswick,829.25,0.26730142020621656,0.1658285789478631,106393.0,1262,1.4662618781310799,8.3,61.9,327.0,81.75,11.574895064251775,-3.4964706324664214,5.977836887765172
"fredericton, new brunswick",2018,-189,436,"Fredericton (CMA), New Brunswick",CMA,New Brunswick,862.5,0.26786378169380626,0.16978028106178897,107592.0,1444,1.031675217488289,8.1,61.5,364.0,96.375,11.586101574503385,-1.7566361811287083,4.052345899323369
"fredericton, new brunswick",2019,-111,378,"Fredericton (CMA), New Brunswick",CMA,New Brunswick,909.875,0.2694789718769479,0.17396326036739632,109092.0,1086,1.0999890001099988,8.2,61.4,373.0,111.875,11.599946841909858,-1.017489825101749,3.4649653503464966
"fredericton, new brunswick",2020,320,355,"Fredericton (CMA), New Brunswick",CMA,New Brunswick,931.875,0.26884394742574974,0.17928073487764143,110168.0,548,1.3343257570256335,10.4,60.6,343.0,68.0,11.609761752406962,2.904654709171447,3.222351317987074
"fredericton, new brunswick",2021,729,370,"Fredericton (CMA), New Brunswick",CMA,New Brunswick,996.0,0.2691930064764856,0.185115793076736,111017.0,1305,-0.21618310709170668,9.3,61.4,397.0,75.625,11.617438621720877,6.56656187791059,3.3328229009971446
"fredericton, new brunswick",2022,526,161,"Fredericton (CMA), New Brunswick",CMA,New Brunswick,1080.625,0.27325296995108317,0.18635569531795948,114480.0,1787,-0.38434661076170507,7.2,60.5,474.0,80.375,11.648155414230333,4.594689028651293,1.4063591893780574
"fredericton, new brunswick",2023,607,467,"Fredericton (CMA), New Brunswick",CMA,New Brunswick,1191.125,0.27980178494678026,0.1863069805071676,118659.0,2087,0.1854052368551901,6.6,60.4,430.0,101.25,11.68400911233738,5.115499035050018,3.9356475277897167
"fredericton, new brunswick",2024,-290,391,"Fredericton (CMA), New Brunswick",CMA,New Brunswick,1297.125,0.28729685016381745,0.18577059071593083,123308.0,1869,0.4298180166736951,7.0,60.6,,70.25,11.722440569448313,-2.3518344308560675,3.1709215947059395
"greater sudbury, ontario",2001,-154,-261,"Greater Sudbury (CMA), Ontario",CMA,Ontario,549.5,0.2943902085397385,0.1341009593311263,165532.0,135,0.20539835198028175,6.3,67.3,11733.0,-122.0,12.016919808583202,-0.9303337119106879,-1.5767344078486336
"greater sudbury, ontario",2002,-55,220,"Greater Sudbury (CMA), Ontario",CMA,Ontario,564.25,0.2897665350802838,0.1364401443413819,165164.0,182,-0.3027294083456443,7.1,67.8,11392.0,-134.375,12.014694198645964,-0.33300234918020877,1.332009396720835
"greater sudbury, ontario",2003,-102,310,"Greater Sudbury (CMA), Ontario",CMA,Ontario,569.625,0.28628116544259763,0.13758093351372247,165568.0,121,0.09059721685349827,6.9,68.5,11983.0,-142.5,12.017137265545701,-0.6160610746037882,1.872342481638964
"greater sudbury, ontario",2004,-174,591,"Greater Sudbury (CMA), Ontario",CMA,Ontario,574.875,0.28209762739640193,0.1397052621431756,165978.0,152,-0.1506223716396149,6.8,68.4,12956.0,-143.75,12.019610528435306,-1.0483317066117197,3.560712865560496
"greater sudbury, ontario",2005,-55,846,"Greater Sudbury (CMA), Ontario",CMA,Ontario,592.125,0.2785958595859586,0.14122412241224122,166650.0,123,0.04200420042004201,6.6,68.0,13664.0,-148.875,12.023651083735885,-0.33003300330033003,5.076507650765077
"greater sudbury, ontario",2006,-80,413,"Greater Sudbury (CMA), Ontario",CMA,Ontario,615.0,0.27598732790243435,0.14334714877804774,167928.0,128,0.6133581058548903,6.4,67.7,13825.0,-128.625,12.031290595093843,-0.47639464532418657,2.459387356486113
"greater sudbury, ontario",2007,-29,388,"Greater Sudbury (CMA), Ontario",CMA,Ontario,655.0,0.2718342879188058,0.14565688340208327,168485.0,171,0.7893877793275366,6.4,67.7,14059.0,-102.0,12.034602004040456,-0.17212214737216963,2.3028756269104074
"greater sudbury, ontario",2008,-263,-144,"Greater Sudbury (CMA), Ontario",CMA,Ontario,708.375,0.2678951224123263,0.1481531808299461,169264.0,134,1.5301540788354289,6.6,67.6,14194.0,-69.5,12.039214905226556,-1.5537858020606863,-0.850742036109273
"greater sudbury, ontario",2009,-388,-669,"Greater Sudbury (CMA), Ontario",CMA,Ontario,730.125,0.2633924092467673,0.15087669599806425,169443.0,125,1.8059170340468476,9.2,67.1,13807.0,-58.5,12.040271866060932,-2.2898555856541725,-3.9482303783573234
"greater sudbury, ontario",2010,-173,-213,"Greater Sudbury (CMA), Ontario",CMA,Ontario,738.5,0.25752357960260824,0.15383841611341878,169002.0,139,-0.20709814085040415,8.8,67.0,13919.0,-63.125,12.037665828154712,-1.0236565247748548,-1.2603401143181738
"greater sudbury, ontario",2011,-234,430,"Greater Sudbury (CMA), Ontario",CMA,Ontario,776.5,0.254899755530168,0.15694608049154418,168937.0,146,1.3614542699349461,8.0,66.7,14412.0,-42.625,12.037281143339987,-1.3851317354990322,2.545327548139247
"greater sudbury, ontario",2012,-277,373,"Greater Sudbury (CMA), Ontario",CMA,Ontario,810.75,0.2551600500082561,0.16183685985893898,169572.0,164,0.6663836010662137,8.0,66.2,14635.0,-26.75,12.041032894370746,-1.6335244026136388,2.199655603519449
"greater sudbury, ontario",2013,-418,26,"Greater Sudbury (CMA), Ontario",CMA,Ontario,807.0,0.25513234420666986,0.16619327370346193,170049.0,281,0.25874894883239535,7.6,66.3,14241.0,-47.25,12.043841909794704,-2.458115013907756,0.15289710612823362
"greater sudbury, ontario",2014,-336,-42,"Greater Sudbury (CMA), Ontario",CMA,Ontario,822.375,0.25388540054492703,0.1704986141433876,169931.0,161,1.188717773684613,7.4,65.9,15137.0,-55.875,12.04314775128692,-1.9772731285050993,-0.2471591410631374
"greater sudbury, ontario",2015,-16,-198,"Greater Sudbury (CMA), Ontario",CMA,Ontario,855.25,0.252786289397691,0.17481723705956043,170029.0,212,0.49991472043004426,6.8,65.3,14708.0,-68.875,12.043724289719174,-0.09410159443389068,-1.1645072311193971
"greater sudbury, ontario",2016,25,-161,"Greater Sudbury (CMA), Ontario",CMA,Ontario,863.125,0.2517813195827962,0.17899332005156451,170660.0,159,-0.5801007851869214,6.6,65.0,15588.0,-90.375,12.047428552090576,0.1464900972694246,-0.9433962264150944
"greater sudbury, ontario",2017,-44,209,"Greater Sudbury (CMA), Ontario",CMA,Ontario,928.125,0.25157100841559654,0.1823068635159139,171705.0,219,-0.8910631606534463,6.1,65.2,15887.0,-68.625,12.053533167020687,-0.25625345796569693,1.2172039253370608
"greater sudbury, ontario",2018,30,102,"Greater Sudbury (CMA), Ontario",CMA,Ontario,930.0,0.2510970706490523,0.18478460654796094,174100.0,268,-1.3497989661114302,5.7,64.9,17095.0,-129.5,12.06738512575628,0.1723147616312464,0.5858701895462378
"greater sudbury, ontario",2019,-77,340,"Greater Sudbury (CMA), Ontario",CMA,Ontario,972.5,0.2537082765424777,0.1887072215157028,175351.0,236,-1.4314147053623874,5.5,65.2,18274.0,-119.875,12.074544958432018,-0.43911925224264475,1.938968126785704
"greater sudbury, ontario",2020,-84,340,"Greater Sudbury (CMA), Ontario",CMA,Ontario,998.5,0.25504587155963304,0.19356665534035564,176580.0,361,-2.287914826141126,9.8,63.7,19757.0,-162.5,12.081529310455574,-0.47570506286102615,1.9254728734851059
"greater sudbury, ontario",2021,-183,852,"Greater Sudbury (CMA), Ontario",CMA,Ontario,1117.0,0.2578474198912155,0.1978694022489643,177415.0,1300,-3.9850069047149344,8.1,65.2,21792.0,-133.75,12.086246899961763,-1.031479863596652,4.802299692810641
"greater sudbury, ontario",2022,-273,741,"Greater Sudbury (CMA), Ontario",CMA,Ontario,1098.375,0.2624476552317036,0.20008319698272276,180295.0,1019,-3.338972239940098,5.6,65.4,24269.0,-191.875,12.102349677248368,-1.5141850855542305,4.10993094650434
"greater sudbury, ontario",2023,-264,504,"Greater Sudbury (CMA), Ontario",CMA,Ontario,1196.75,0.27072678621523055,0.20035174035950887,185364.0,1181,-3.0534515871474506,5.6,65.6,25705.0,-222.0,12.130076738502252,-1.4242247685634752,2.7189745581666345
"greater sudbury, ontario",2024,-98,455,"Greater Sudbury (CMA), Ontario",CMA,Ontario,1304.125,0.2785124138503695,0.19812339118159927,192688.0,1930,-2.963339699410446,7.0,65.3,,-189.875,12.168827579500261,-0.508594204101968,2.3613302333305652
"guelph, ontario",2001,-62,431,"Guelph (CMA), Ontario",CMA,Ontario,736.375,0.3288083877546255,0.11948035774053692,128473.0,788,4.319973846644821,6.3,67.3,11733.0,64.875,11.76347404450828,-0.4825916729585205,3.3547905007277796
"guelph, ontario",2002,-41,441,"Guelph (CMA), Ontario",CMA,Ontario,767.25,0.32491881624900437,0.11972305618528277,130568.0,555,5.047178481710679,7.1,67.8,11392.0,68.625,11.779649442830532,-0.3140126217756265,3.377550395196373
"guelph, ontario",2003,-16,771,"Guelph (CMA), Ontario",CMA,Ontario,781.625,0.32079157145335113,0.11975384058462861,132597.0,644,4.524989253150524,6.9,68.5,11983.0,69.5,11.795069732043574,-0.12066638008401397,5.8146111902984225
"guelph, ontario",2004,-85,904,"Guelph (CMA), Ontario",CMA,Ontario,791.25,0.31671597742827695,0.11969538555083457,134859.0,760,4.61963977190992,6.8,68.4,12956.0,72.625,11.811985067163944,-0.6302879303568912,6.703297518148585
"guelph, ontario",2005,-288,518,"Guelph (CMA), Ontario",CMA,Ontario,814.875,0.3132007022502604,0.11962294114647454,137273.0,796,5.937074297203383,6.6,68.0,13664.0,73.875,11.82972692274573,-2.0980090768031587,3.773502436750126
"guelph, ontario",2006,-428,585,"Guelph (CMA), Ontario",CMA,Ontario,826.125,0.30802805475990497,0.12019468912196067,139299.0,731,5.161558948736173,6.4,67.7,13825.0,82.5,11.844377980991233,-3.072527440972297,4.199599422824284
"guelph, ontario",2007,-367,926,"Guelph (CMA), Ontario",CMA,Ontario,811.25,0.3029628678620847,0.12194547866649548,140202.0,765,6.048415857120441,6.4,67.7,14059.0,54.25,11.850839518816112,-2.617651674013209,6.6047559949216135
"guelph, ontario",2008,-414,678,"Guelph (CMA), Ontario",CMA,Ontario,829.625,0.29713349250526255,0.12346891202689911,141566.0,660,5.799415113798511,6.6,67.6,14194.0,51.75,11.860521318415666,-2.9244310074452904,4.78928556291765
"guelph, ontario",2009,-136,859,"Guelph (CMA), Ontario",CMA,Ontario,843.375,0.29030947762082515,0.126340264306074,142789.0,660,5.2805188074711635,9.2,67.1,13807.0,54.75,11.86912329510827,-0.9524543207109792,6.015869569784787
"guelph, ontario",2010,-112,652,"Guelph (CMA), Ontario",CMA,Ontario,841.0,0.2847601826256244,0.1290087918026313,144339.0,539,4.2815870970423795,8.8,67.0,13919.0,39.375,11.879919978515803,-0.7759510596581659,4.517143668724323
"guelph, ontario",2011,-85,780,"Guelph (CMA), Ontario",CMA,Ontario,850.875,0.28209072057349244,0.13084856558221294,145634.0,600,5.589354134336761,8.0,66.7,14412.0,31.75,11.88885190396751,-0.5836549157476962,5.355892168037684
"guelph, ontario",2012,-145,515,"Guelph (CMA), Ontario",CMA,Ontario,885.125,0.28183003709534654,0.1350567916917235,147997.0,649,4.108191382257749,8.0,66.2,14635.0,47.625,11.904947282270538,-0.9797495895187065,3.4798002662216128
"guelph, ontario",2013,-227,934,"Guelph (CMA), Ontario",CMA,Ontario,898.375,0.2815112851805562,0.13854338628935778,149621.0,689,4.3175757413732025,7.6,66.3,14241.0,44.125,11.91586070900251,-1.5171667078819149,6.242439229787263
"guelph, ontario",2014,-129,931,"Guelph (CMA), Ontario",CMA,Ontario,926.375,0.28011708629180593,0.1420396484774167,151683.0,667,3.2765702155152523,7.4,65.9,15137.0,48.125,11.929548095774269,-0.8504578627796128,6.13780054455674
"guelph, ontario",2015,101,1575,"Guelph (CMA), Ontario",CMA,Ontario,953.875,0.2783181838884515,0.14486859998308294,153691.0,727,4.131666785953635,6.8,65.3,14708.0,29.75,11.942699372184393,0.6571627486319953,10.247834941538542
"guelph, ontario",2016,244,1272,"Guelph (CMA), Ontario",CMA,Ontario,994.0,0.2766965893258177,0.14711514603996614,157183.0,726,3.7472245726319002,6.6,65.0,15588.0,40.5,11.965166010635784,1.5523307227880878,8.092478194206754
"guelph, ontario",2017,91,1008,"Guelph (CMA), Ontario",CMA,Ontario,1027.25,0.27839105922763874,0.14972433448245823,160702.0,920,3.310475289666588,6.1,65.2,15887.0,30.5,11.987306997198875,0.566265510074548,6.2724794962103765
"guelph, ontario",2018,79,879,"Guelph (CMA), Ontario",CMA,Ontario,1067.0,0.2802858902664366,0.1531964458863635,163979.0,971,2.7442538373816157,5.7,64.9,17095.0,7.5,12.007493649826902,0.4817690070069948,5.360442495685423
"guelph, ontario",2019,23,1079,"Guelph (CMA), Ontario",CMA,Ontario,1159.375,0.2824963823146011,0.15652917468935743,167234.0,1074,2.613104990611957,5.5,65.2,18274.0,67.0,12.027149308242372,0.13753184161115564,6.452037265149431
"guelph, ontario",2020,-360,1280,"Guelph (CMA), Ontario",CMA,Ontario,1234.125,0.2843928533721244,0.16024189669532982,170486.0,769,2.498738899381767,9.8,63.7,19757.0,73.125,12.04640846089743,-2.111610337505719,7.507947866687001
"guelph, ontario",2021,-795,1947,"Guelph (CMA), Ontario",CMA,Ontario,1277.375,0.28769175594067425,0.1635796756056364,172876.0,1744,2.6261597908327357,8.1,65.2,21792.0,26.625,12.060329853476722,-4.5986718804229625,11.262407737337744
"guelph, ontario",2022,-582,848,"Guelph (CMA), Ontario",CMA,Ontario,1368.25,0.29406932807622804,0.1657234468029662,176523.0,1874,0.9063974666190808,5.6,65.4,24269.0,78.0,12.081206458480398,-3.2970207848269064,4.803906573081128
"guelph, ontario",2023,-745,92,"Guelph (CMA), Ontario",CMA,Ontario,1535.75,0.3008327125974185,0.16782105017399135,179894.0,1843,1.0339422104127987,5.6,65.6,25705.0,117.0,12.100123067520293,-4.141327670739436,0.5114122761181584
"guelph, ontario",2024,-522,-45,"Guelph (CMA), Ontario",CMA,Ontario,1635.25,0.3055225474358623,0.1704186403088465,182615.0,1980,1.0404402705144704,7.0,65.3,,141.25,12.115135390538038,-2.8584727432029133,-0.24642006406921663
"halifax, nova scotia",2001,362,927,"Halifax (CMA), Nova Scotia",CMA,Nova Scotia,650.875,0.33424026789451655,0.10776781794607397,391796.0,1327,3.443118357512583,9.7,62.0,376.0,0.0,12.878496575150008,0.923950218991516,2.3660272182462303
"halifax, nova scotia",2002,673,344,"Halifax (CMA), Nova Scotia",CMA,Nova Scotia,684.0,0.330488241012648,0.10846022495454065,397058.0,1055,3.3194142921185317,9.6,62.6,400.0,0.0,12.891837644716272,1.6949664784489922,0.866372167290421
"halifax, nova scotia",2003,-457,-71,"Halifax (CMA), Nova Scotia",CMA,Nova Scotia,701.625,0.3253136509267299,0.10954826281801759,400764.0,1392,3.428451657334491,9.1,63.0,410.0,0.0,12.901128004359421,-1.1403219850086337,-0.17716162130331067
"halifax, nova scotia",2004,-1642,637,"Halifax (CMA), Nova Scotia",CMA,Nova Scotia,733.125,0.31984646378542597,0.11132862350174574,403553.0,1413,3.0702286936288417,8.8,63.9,448.0,0.0,12.908063108747932,-4.068858365567843,1.5784791588713254
"halifax, nova scotia",2005,-708,411,"Halifax (CMA), Nova Scotia",CMA,Nova Scotia,722.0,0.31386408822040285,0.11326887217673717,404895.0,1781,3.3564257400066686,8.4,63.4,466.0,0.0,12.911383053215925,-1.7486014892749973,1.0150779831808245
"halifax, nova scotia",2006,-1011,1246,"Halifax (CMA), Nova Scotia",CMA,Nova Scotia,762.375,0.3084593219299859,0.11612040953957452,407775.0,2293,3.0433449819140455,8.2,62.8,502.0,0.0,12.918470830682232,-2.4793084421556006,3.0556066458218383
"halifax, nova scotia",2007,-180,1417,"Halifax (CMA), Nova Scotia",CMA,Nova Scotia,778.75,0.302781792613137,0.11818590206839977,409592.0,2176,3.8428484931346314,8.2,63.5,509.0,0.0,12.922916821266698,-0.43946170823648895,3.4595402253950276
"halifax, nova scotia",2008,-125,1391,"Halifax (CMA), Nova Scotia",CMA,Nova Scotia,794.5,0.29766940948693127,0.12045256534365925,413200.0,1951,3.5285575992255565,7.9,63.9,525.0,0.0,12.93168701622762,-0.30251694094869314,3.366408518877057
"halifax, nova scotia",2009,927,1174,"Halifax (CMA), Nova Scotia",CMA,Nova Scotia,829.75,0.2937635017035224,0.12239706337199126,417077.0,1893,3.627627512425763,9.4,64.5,520.0,0.0,12.941026136012983,2.222611172517305,2.8148279574275255
"halifax, nova scotia",2010,605,1253,"Halifax (CMA), Nova Scotia",CMA,Nova Scotia,849.375,0.2911075932868538,0.12418656896805047,421978.0,1800,3.042812658479826,9.6,64.5,524.0,0.0,12.95270845895777,1.4337240330064602,2.969349112986933
"halifax, nova scotia",2011,-724,1269,"Halifax (CMA), Nova Scotia",CMA,Nova Scotia,882.0,0.28978210688715067,0.12702564981648512,425851.0,1733,3.4988763675557886,9.0,64.3,504.0,0.0,12.961844798811157,-1.7001251611479131,2.979915510354561
"halifax, nova scotia",2012,-882,1323,"Halifax (CMA), Nova Scotia",CMA,Nova Scotia,901.25,0.2870123466022889,0.1326950087755994,427891.0,1729,2.6782521716979324,9.3,64.6,510.0,0.0,12.966623769232088,-2.0612726138198747,3.0919089207298116
"halifax, nova scotia",2013,-946,1349,"Halifax (CMA), Nova Scotia",CMA,Nova Scotia,924.875,0.2843050393796252,0.1385654531804468,428902.0,2173,2.45044322479261,9.1,64.1,525.0,0.0,12.968983733585729,-2.205632055807621,3.1452406377214372
"halifax, nova scotia",2014,-1194,1191,"Halifax (CMA), Nova Scotia",CMA,Nova Scotia,947.375,0.2818205271830963,0.14363310548077973,430249.0,2073,2.098784657256612,9.1,63.2,590.0,0.0,12.972119389840985,-2.775137188000437,2.7681644814979234
"halifax, nova scotia",2015,157,1255,"Halifax (CMA), Nova Scotia",CMA,Nova Scotia,976.375,0.27893540727930993,0.1480298977437977,432541.0,4545,2.1431494355448386,8.9,62.6,616.0,0.0,12.977432398548915,0.36297137150004277,2.901459052436648
"halifax, nova scotia",2016,1629,954,"Halifax (CMA), Nova Scotia",CMA,Nova Scotia,988.875,0.27832163681276284,0.1519718187670939,438022.0,3621,1.7259407061745757,8.4,61.7,640.0,0.0,12.990024416407685,3.718991283542836,2.177972795886965
"halifax, nova scotia",2017,1563,958,"Halifax (CMA), Nova Scotia",CMA,Nova Scotia,1020.875,0.28092229063652246,0.1557914875843764,445326.0,4397,1.2305591858548568,8.7,61.7,671.0,0.0,13.006561877209167,3.509788334837849,2.15123302928641
"halifax, nova scotia",2018,1726,971,"Halifax (CMA), Nova Scotia",CMA,Nova Scotia,1057.625,0.28343303679830467,0.15923489547692105,453010.0,5454,1.2560429129599788,7.9,61.3,657.0,0.0,13.023669479276709,3.8100704178715703,2.1434405421513874
"halifax, nova scotia",2019,3360,971,"Halifax (CMA), Nova Scotia",CMA,Nova Scotia,1091.25,0.2861906439294891,0.16288950310867728,462737.0,5190,1.2080296150945353,7.5,61.9,726.0,0.0,13.044914137118386,7.261144019172878,2.098384179350257
"halifax, nova scotia",2020,5696,150,"Halifax (CMA), Nova Scotia",CMA,Nova Scotia,1147.75,0.2893499308437068,0.16575126962507786,473565.0,2874,0.9819137816350447,9.9,60.4,691.0,0.0,13.068044457794016,12.027915914394011,0.31674638117259507
"halifax, nova scotia",2021,5323,-162,"Halifax (CMA), Nova Scotia",CMA,Nova Scotia,1221.875,0.2949969303776465,0.16956344992367425,482144.0,10860,0.9582199508860424,8.6,62.5,811.0,0.0,13.085998103601016,11.040270126767107,-0.33599920355744345
"halifax, nova scotia",2022,2342,-40,"Halifax (CMA), Nova Scotia",CMA,Nova Scotia,1321.375,0.30322827976283667,0.17107032607953884,498222.0,9700,0.3050848818398224,6.6,61.8,957.0,0.0,13.118801039807538,4.700715745189895,-0.08028549522100589
"halifax, nova scotia",2023,5234,486,"Halifax (CMA), Nova Scotia",CMA,Nova Scotia,1510.75,0.3129499682803282,0.17159857445780702,515453.0,10574,0.5742521626608051,6.4,61.5,970.0,0.0,13.152801404664737,10.154175065427886,0.9428599697741599
"halifax, nova scotia",2024,1098,498,"Halifax (CMA), Nova Scotia",CMA,Nova Scotia,1616.0,0.32207497781390526,0.1712393637251758,536372.0,8207,0.44372189450605176,6.5,61.8,,0.0,13.192583229176343,2.0470867233934658,0.9284600985882933
"hamilton, ontario",2001,64,2667,"Hamilton (CMA), Ontario",CMA,Ontario,680.25,0.30616085003655946,0.13862710507073966,689288.0,4430,3.030663525260849,6.3,67.3,11733.0,8.75,13.443414459756587,0.0928494330381495,3.8692099673866367
"hamilton, ontario",2002,152,2570,"Hamilton (CMA), Ontario",CMA,Ontario,707.125,0.3023907101866165,0.13961248469239967,697366.0,3314,2.725971727901848,7.1,67.8,11392.0,8.5,13.455065659525925,0.21796302085275163,3.6852958131024454
"hamilton, ontario",2003,-464,2140,"Hamilton (CMA), Ontario",CMA,Ontario,716.625,0.29829151064186166,0.14069912361139106,704482.0,4028,3.158348971300899,6.9,68.5,11983.0,4.5,13.465218059958978,-0.6586399652510639,3.037692943183786
"hamilton, ontario",2004,-755,1822,"Hamilton (CMA), Ontario",CMA,Ontario,728.0,0.2935577548097351,0.1419635143919206,710746.0,3805,3.00670000253255,6.8,68.4,12956.0,9.375,13.474070401639514,-1.0622641562527262,2.5635036989304196
"hamilton, ontario",2005,-1191,1769,"Hamilton (CMA), Ontario",CMA,Ontario,722.875,0.28905590790980973,0.14327903662932023,715820.0,4248,2.835908468609427,6.6,68.0,13664.0,-18.125,13.481184017689303,-1.663826101533905,2.471291665502501
"hamilton, ontario",2006,-1122,902,"Hamilton (CMA), Ontario",CMA,Ontario,719.25,0.2834851918809292,0.14521864434806897,719639.0,3824,2.3595163686237126,6.4,67.7,13825.0,-24.375,13.486504976365909,-1.5591150562990612,1.2534062217306177
"hamilton, ontario",2007,-968,1266,"Hamilton (CMA), Ontario",CMA,Ontario,750.875,0.27796308249784607,0.14728216152723103,721934.0,3836,2.705233442392241,6.4,67.7,14059.0,-6.125,13.489689000954181,-1.3408427917233432,1.7536229073571823
"hamilton, ontario",2008,-994,1476,"Hamilton (CMA), Ontario",CMA,Ontario,767.375,0.27257514719553766,0.14946803016217333,726075.0,3664,2.6305822401267087,6.6,67.6,14194.0,-10.5,13.495408594256382,-1.369004579416727,2.03284784629687
"hamilton, ontario",2009,-439,3149,"Hamilton (CMA), Ontario",CMA,Ontario,762.125,0.26677032278021023,0.1516709757863516,730621.0,3954,2.69496770555459,9.2,67.1,13807.0,-26.5,13.501650136428728,-0.6008587215533088,4.310032150732049
"hamilton, ontario",2010,-492,2600,"Hamilton (CMA), Ontario",CMA,Ontario,795.5,0.2627232451701994,0.1534643526670049,737194.0,3455,2.382005279478672,8.8,67.0,13919.0,-6.125,13.510606365840724,-0.667395556664867,3.5268870880663705
"hamilton, ontario",2011,-577,3685,"Hamilton (CMA), Ontario",CMA,Ontario,819.125,0.26023867222912966,0.156440903770019,742357.0,3623,2.4907153835688223,8.0,66.7,14412.0,0.0,13.517585538518064,-0.7772540704809142,4.963918976988161
"hamilton, ontario",2012,-879,3491,"Hamilton (CMA), Ontario",CMA,Ontario,823.375,0.25957224509864174,0.16060448971629973,748466.0,3592,1.9773777299169235,8.0,66.2,14635.0,-14.125,13.525781057628414,-1.1744020436466052,4.664206523743229
"hamilton, ontario",2013,-773,3588,"Hamilton (CMA), Ontario",CMA,Ontario,854.25,0.258672994083971,0.16455664285922825,753546.0,3378,1.8764614237219757,7.6,66.3,14241.0,0.0,13.532545343625918,-1.0258166057546585,4.761487686219554
"hamilton, ontario",2014,-390,2946,"Hamilton (CMA), Ontario",CMA,Ontario,878.25,0.25832769425790425,0.16824231008187543,758103.0,2860,1.9601558099624985,7.4,65.9,15137.0,0.0,13.538574539298141,-0.5144419689672776,3.886015488660512
"hamilton, ontario",2015,2,3079,"Hamilton (CMA), Ontario",CMA,Ontario,930.125,0.25769847119023703,0.17119443344340204,762554.0,4368,2.022151873834509,6.8,65.3,14708.0,6.0,13.54442860462824,0.00262276507630935,4.037746834978244
"hamilton, ontario",2016,163,2543,"Hamilton (CMA), Ontario",CMA,Ontario,953.5,0.2579708527163981,0.17377653056986211,770432.0,3297,1.3849372819405217,6.6,65.0,15588.0,0.0,13.554706675467388,0.21156961289250706,3.300745555740156
"hamilton, ontario",2017,-249,1670,"Hamilton (CMA), Ontario",CMA,Ontario,996.75,0.2598089824667605,0.17595313183339126,779719.0,4179,1.0991139115501867,6.1,65.2,15887.0,0.0,13.566688877347588,-0.3193458156079305,2.1417972372098153
"hamilton, ontario",2018,26,2980,"Hamilton (CMA), Ontario",CMA,Ontario,1077.375,0.261503956645617,0.17797674471707256,788294.0,4493,1.2203568719284936,5.7,64.9,17095.0,17.875,13.577626395703545,0.03298261816022956,3.7803154660570804
"hamilton, ontario",2019,-149,5108,"Hamilton (CMA), Ontario",CMA,Ontario,1124.125,0.26511519135195705,0.18026552413253197,799626.0,4091,0.8829127617161023,5.5,65.2,18274.0,31.75,13.591899397337869,-0.18633711260014058,6.387986383634349
"hamilton, ontario",2020,-999,4277,"Hamilton (CMA), Ontario",CMA,Ontario,1192.5,0.26929824345267867,0.18239732119757646,811706.0,3762,0.5740994892239308,9.8,63.7,19757.0,31.5,13.606893484615505,-1.2307411796882122,5.269149174701185
"hamilton, ontario",2021,-2324,3514,"Hamilton (CMA), Ontario",CMA,Ontario,1250.75,0.2732395261788972,0.18494773024919997,817777.0,7882,0.3240492212424658,8.1,65.2,21792.0,0.0,13.61434496228143,-2.841850528933927,4.297014956400095
"hamilton, ontario",2022,-1989,4570,"Hamilton (CMA), Ontario",CMA,Ontario,1290.25,0.27779160825639293,0.18713443225213902,827480.0,7360,-0.07492628220621647,5.6,65.4,24269.0,0.0,13.626140216756985,-2.4036834727123315,5.522792091651762
"hamilton, ontario",2023,-1484,6036,"Hamilton (CMA), Ontario",CMA,Ontario,1426.875,0.28313441652254984,0.18865782750104973,843066.0,7230,0.32025962380169526,5.6,65.6,25705.0,8.125,13.644800525734295,-1.7602417841545026,7.159581812100121
"hamilton, ontario",2024,-524,5083,"Hamilton (CMA), Ontario",CMA,Ontario,1494.0,0.2878115730184692,0.19002549036200023,862679.0,7006,0.3500722748554213,7.0,65.3,,0.0,13.667797942586871,-0.6074101722656978,5.892110506920883
"kamloops, british columbia",2001,-807,400,"Kamloops (CMA), British Columbia",CMA,British Columbia,563.5,0.291114415637594,0.12429689015322945,92802.0,82,1.0344604642141333,7.7,64.0,1760.0,-33.625,11.438223470266195,-8.695933277300057,4.310251934225556
"kamloops, british columbia",2002,-409,304,"Kamloops (CMA), British Columbia",CMA,British Columbia,565.5,0.28423339674852993,0.12812391905914908,92512.0,72,0.7674680041508128,8.5,65.0,1949.0,-47.125,11.435093644816073,-4.421048080249049,3.286060186786579
"kamloops, british columbia",2003,-210,559,"Kamloops (CMA), British Columbia",CMA,British Columbia,568.125,0.2759654153819617,0.13206408072619072,92758.0,81,0.6899674421613231,8.0,65.5,2050.0,-54.625,11.437749230119346,-2.263955669591841,6.0264343776278055
"kamloops, british columbia",2004,-189,724,"Kamloops (CMA), British Columbia",CMA,British Columbia,580.75,0.26913728303583856,0.1364478375860629,93391.0,90,0.8673212622201283,7.2,65.3,2263.0,-47.0,11.444550259830995,-2.023749611846966,7.752353010461394
"kamloops, british columbia",2005,-40,977,"Kamloops (CMA), British Columbia",CMA,British Columbia,597.25,0.2640892540577264,0.13965584960139274,94203.0,162,0.6475377641901001,5.9,65.4,2414.0,-52.375,11.453207307191104,-0.42461492733777056,10.371219600225047
"kamloops, british columbia",2006,359,1161,"Kamloops (CMA), British Columbia",CMA,British Columbia,646.25,0.259277859736129,0.14295280245247288,95577.0,152,1.4020109440555784,4.9,65.8,2432.0,0.0,11.467687484320034,3.7561337978802434,12.147273925735272
"kamloops, british columbia",2007,281,816,"Kamloops (CMA), British Columbia",CMA,British Columbia,701.875,0.2564591926778715,0.14473927230191466,97458.0,256,2.5036425947587677,4.4,66.2,2838.0,-1.5,11.48717679494745,2.883293316095138,8.372837530012928
"kamloops, british columbia",2008,-9,245,"Kamloops (CMA), British Columbia",CMA,British Columbia,746.5,0.2550143555130207,0.14831007908124716,99265.0,220,2.5285851004885913,4.8,66.4,2947.0,0.0,11.50554832063118,-0.09066639802548733,2.4681408351382665
"kamloops, british columbia",2009,6,-121,"Kamloops (CMA), British Columbia",CMA,British Columbia,781.75,0.2538845616137408,0.1519273017775115,100140.0,287,2.296784501697623,7.8,66.2,2911.0,0.0,11.514324485883936,0.05991611743559018,-1.2083083682844018
"kamloops, british columbia",2010,-81,-58,"Kamloops (CMA), British Columbia",CMA,British Columbia,789.5,0.25378177987158845,0.15543562526089807,100614.0,213,1.2224938875305624,7.8,65.8,3020.0,0.0,11.519046691975165,-0.8050569503250046,-0.5764605323314846
"kamloops, british columbia",2011,-249,576,"Kamloops (CMA), British Columbia",CMA,British Columbia,797.0,0.2541665427361867,0.15849221220863943,100863.0,209,1.3384491835459982,7.6,65.2,3046.0,0.0,11.521518439388247,-2.4686951607626186,5.7107165164629246
"kamloops, british columbia",2012,-287,493,"Kamloops (CMA), British Columbia",CMA,British Columbia,821.625,0.2560966062551376,0.16354170744118685,102188.0,213,0.5088660116647746,6.9,65.3,3025.0,0.0,11.5345695330281,-2.8085489489959685,4.824441225975653
"kamloops, british columbia",2013,-56,510,"Kamloops (CMA), British Columbia",CMA,British Columbia,825.75,0.25859937810224615,0.16825038144349808,103554.0,255,0.7242598064777798,6.7,64.8,3228.0,0.0,11.547848494759458,-0.5407806555034088,4.924966684048902
"kamloops, british columbia",2014,260,443,"Kamloops (CMA), British Columbia",CMA,British Columbia,846.125,0.2595798223205094,0.17194112937049605,104908.0,202,0.7625729210355741,6.2,64.1,3282.0,0.0,11.560839054584227,2.4783619933656156,4.222747550234492
"kamloops, british columbia",2015,531,651,"Kamloops (CMA), British Columbia",CMA,British Columbia,904.375,0.25786531154836095,0.17687876530871996,106067.0,346,0.8390922718658961,6.2,64.1,3569.0,31.75,11.571826248890337,5.006269622031358,6.137629988592116
"kamloops, british columbia",2016,452,828,"Kamloops (CMA), British Columbia",CMA,British Columbia,891.875,0.25683135650234545,0.181214115218373,108507.0,283,0.06451196696987291,6.1,65.2,4196.0,0.0,11.594569966010608,4.165629867197508,7.630844093007824
"kamloops, british columbia",2017,292,1138,"Kamloops (CMA), British Columbia",CMA,British Columbia,911.75,0.25812898347196717,0.18420294551870656,111084.0,348,0.10802635843145728,5.3,66.1,4219.0,0.0,11.618041950855211,2.6286413884987936,10.244499657916531
"kamloops, british columbia",2018,110,870,"Kamloops (CMA), British Columbia",CMA,British Columbia,1016.5,0.25954623809440897,0.18652818164405982,114862.0,355,-0.7400184569309257,4.6,65.7,4749.0,0.0,11.651486686768868,0.957670944263551,7.5743065591753584
"kamloops, british columbia",2019,341,669,"Kamloops (CMA), British Columbia",CMA,British Columbia,1020.875,0.2656151095752143,0.19028108052623474,116906.0,337,-0.8297264468889535,4.8,66.5,4964.0,-54.875,11.66912547206262,2.9168733854549806,5.72254631926505
"kamloops, british columbia",2020,417,443,"Kamloops (CMA), British Columbia",CMA,British Columbia,1119.25,0.2689692454535472,0.1957191968848457,118389.0,243,-1.0220544138391237,9.1,64.5,5398.0,-16.125,11.681731091710663,3.522286698933178,3.7419016969481964
"kamloops, british columbia",2021,375,588,"Kamloops (CMA), British Columbia",CMA,British Columbia,1162.625,0.27337482885198533,0.20295004577946896,119049.0,743,-2.797167552856387,6.6,65.9,6026.0,-84.0,11.687290452047726,3.149963460423859,4.939142705944612
"kamloops, british columbia",2022,25,547,"Kamloops (CMA), British Columbia",CMA,British Columbia,1332.625,0.27868073921836745,0.2038909677472181,122129.0,559,-2.7430012527737064,4.6,65.5,6928.0,-28.875,11.712833142135215,0.20470158602788854,4.478870702290201
"kamloops, british columbia",2023,-328,304,"Kamloops (CMA), British Columbia",CMA,British Columbia,1450.375,0.2875669377429112,0.20515869532253816,125303.0,715,-3.3199524352968406,5.2,65.8,7675.0,-13.75,11.738490083135451,-2.617654804753278,2.426119087332306
"kamloops, british columbia",2024,-330,305,"Kamloops (CMA), British Columbia",CMA,British Columbia,1491.125,0.2943031767576516,0.20677561844386735,127457.0,750,-2.8009446323073663,5.6,65.2,,-77.875,11.755534331795433,-2.589108483645465,2.392963901551111
"kelowna, british columbia",2001,-28,2063,"Kelowna (CMA), British Columbia",CMA,British Columbia,597.125,0.2764321464692306,0.1790669329114909,154244.0,276,-0.35009465522159694,7.7,64.0,1760.0,0.0,11.94629104311806,-0.181530561966754,13.374912476336196
"kelowna, british columbia",2002,829,2243,"Kelowna (CMA), British Columbia",CMA,British Columbia,612.625,0.26872720980755305,0.18126413873099081,156043.0,207,-0.1730292291227418,8.5,65.0,1949.0,0.0,11.957886889275308,5.312638183064924,14.374242997122588
"kelowna, british columbia",2003,1272,1487,"Kelowna (CMA), British Columbia",CMA,British Columbia,623.875,0.261913928140916,0.18299894603310846,158449.0,385,-0.6500514361087796,8.0,65.5,2050.0,1.125,11.97318805395999,8.02781967699386,9.384723160133545
"kelowna, british columbia",2004,1209,1249,"Kelowna (CMA), British Columbia",CMA,British Columbia,637.375,0.2569554343306461,0.18390397994203547,161133.0,400,-0.5213084842955819,7.2,65.3,2263.0,9.625,11.989985389901088,7.503118541825697,7.751360677204546
"kelowna, british columbia",2005,1547,1810,"Kelowna (CMA), British Columbia",CMA,British Columbia,664.75,0.25314405837132276,0.1839686633015974,163642.0,379,-0.12832891311521494,5.9,65.4,2414.0,15.125,12.00543639391927,9.453563266154166,11.060730130406618
"kelowna, british columbia",2006,2214,1184,"Kelowna (CMA), British Columbia",CMA,British Columbia,707.5,0.25018851664332653,0.18460866338707554,167094.0,456,0.38900259734041914,4.9,65.8,2432.0,61.25,12.026311807296096,13.250026930949048,7.085831926939327
"kelowna, british columbia",2007,2211,1093,"Kelowna (CMA), British Columbia",CMA,British Columbia,775.375,0.24878619479379935,0.1838900263234864,170950.0,611,0.2690845276396607,4.4,66.2,2838.0,72.0,12.049126395067447,12.933606317636738,6.393682363264113
"kelowna, british columbia",2008,1207,1040,"Kelowna (CMA), British Columbia",CMA,British Columbia,855.125,0.2483967312162,0.18349504028873115,175111.0,545,0.7937822295572523,4.8,66.4,2947.0,108.625,12.073175337545774,6.892770871047507,5.939090062874405
"kelowna, british columbia",2009,1244,1049,"Kelowna (CMA), British Columbia",CMA,British Columbia,807.375,0.24827663572370082,0.1835319853044283,178285.0,641,1.2227613091398604,7.8,66.2,2911.0,25.625,12.091138672437914,6.9775920576604875,5.883837675631713
"kelowna, british columbia",2010,873,1086,"Kelowna (CMA), British Columbia",CMA,British Columbia,812.5,0.24874324771249035,0.18436225333480322,181420.0,499,0.34174842905964065,7.8,65.8,3020.0,23.0,12.108570064168935,4.812038364017198,5.986109579980156
"kelowna, british columbia",2011,452,1496,"Kelowna (CMA), British Columbia",CMA,British Columbia,825.875,0.24834893204623534,0.18736967043975847,183669.0,597,0.19056019252024023,7.6,65.2,3046.0,28.875,12.120890503560473,2.4609487719756737,8.145087086007983
"kelowna, british columbia",2012,471,1464,"Kelowna (CMA), British Columbia",CMA,British Columbia,847.5,0.2470016642508187,0.1916357974982552,186270.0,532,0.05905406130885275,6.9,65.3,3025.0,25.875,12.134952513027049,2.528587534224513,7.859558705105492
"kelowna, british columbia",2013,1612,1457,"Kelowna (CMA), British Columbia",CMA,British Columbia,876.375,0.24695089729226996,0.19550191295525166,189236.0,651,0.10040372867741867,6.7,64.8,3228.0,50.625,12.150750192341391,8.5184637172631,7.699380667526264
"kelowna, british columbia",2014,2596,1401,"Kelowna (CMA), British Columbia",CMA,British Columbia,891.25,0.24665194158937725,0.19825575079789573,193321.0,529,0.11897310690509567,6.2,64.1,3282.0,45.125,12.172107298716178,13.428442848940364,7.247014033653871
"kelowna, british columbia",2015,2771,1238,"Kelowna (CMA), British Columbia",CMA,British Columbia,872.625,0.24672740495333523,0.20175447456668416,198008.0,721,-0.2878671568825502,6.2,64.1,3569.0,0.0,12.196062712900854,13.99438406529029,6.2522726354490725
"kelowna, british columbia",2016,2172,1726,"Kelowna (CMA), British Columbia",CMA,British Columbia,967.5,0.24590445612846532,0.20389598275870532,203697.0,539,-2.0029750069956846,6.1,65.2,4196.0,75.625,12.224388874565944,10.662896360771146,8.473369759986646
"kelowna, british columbia",2017,1946,1536,"Kelowna (CMA), British Columbia",CMA,British Columbia,1055.0,0.24882465026762546,0.2063397071918956,208874.0,725,-0.32555511935425185,5.3,66.1,4219.0,143.25,12.249486478333871,9.316621503873149,7.353715637178395
"kelowna, british columbia",2018,1871,1549,"Kelowna (CMA), British Columbia",CMA,British Columbia,1132.375,0.2523368399503087,0.2083591172816817,214927.0,835,-1.7820004001358603,4.6,65.7,4749.0,115.875,12.27805371457106,8.705281328078835,7.207098224048165
"kelowna, british columbia",2019,2184,1704,"Kelowna (CMA), British Columbia",CMA,British Columbia,1244.75,0.25771255730850684,0.21026043343597092,220517.0,865,-1.3060217579597038,4.8,66.5,4964.0,169.0,12.303730068402846,9.903998331194419,7.727295401261581
"kelowna, british columbia",2020,3055,1809,"Kelowna (CMA), British Columbia",CMA,British Columbia,1297.5,0.2620322274043456,0.21351871090382618,226205.0,686,-2.007029022346986,9.1,64.5,5398.0,162.125,12.32919694675231,13.505448597511107,7.997170707986119
"kelowna, british columbia",2021,3362,2302,"Kelowna (CMA), British Columbia",CMA,British Columbia,1374.625,0.2690889511091966,0.21631272883911265,232150.0,2025,-2.003015291837174,6.6,65.9,6026.0,128.0,12.355138993448067,14.48201593797114,9.91600258453586
"kelowna, british columbia",2022,1162,1563,"Kelowna (CMA), British Columbia",CMA,British Columbia,1570.125,0.27592963148240784,0.21650408537602134,239880.0,1534,-2.176088044022011,4.6,65.5,6928.0,208.625,12.387894077282446,4.844088711022177,6.5157578789394694
"kelowna, british columbia",2023,754,1709,"Kelowna (CMA), British Columbia",CMA,British Columbia,1652.75,0.2844752607236045,0.21747965827528185,246046.0,1652,-1.706997878445494,5.2,65.8,7675.0,188.625,12.413273789303618,3.064467619875958,6.945855653007974
"kelowna, british columbia",2024,646,1533,"Kelowna (CMA), British Columbia",CMA,British Columbia,1786.875,0.290616257629705,0.21972755595116988,251648.0,1575,-1.311355544252289,5.6,65.2,,217.875,12.43578656462673,2.567077822990844,6.091842573753815
"kingston, ontario",2001,503,772,"Kingston (CMA), Ontario",CMA,Ontario,653.875,0.30282676722049834,0.13751522055068935,152754.0,486,0.9426921717270906,6.3,67.3,11733.0,-17.625,11.936584063270358,3.292876127630046,5.053877476203569
"kingston, ontario",2002,433,523,"Kingston (CMA), Ontario",CMA,Ontario,661.625,0.29859304074951737,0.13862325905742123,154873.0,385,0.5617505956493385,7.1,67.8,11392.0,-37.0,11.950360705208029,2.795839171450156,3.376960477294299
"kingston, ontario",2003,-49,271,"Kingston (CMA), Ontario",CMA,Ontario,706.0,0.2953490750565705,0.14024366858004883,156442.0,451,0.5433323532043824,6.9,68.5,11983.0,-6.125,11.960440613241834,-0.3132151212589969,1.7322713849222078
"kingston, ontario",2004,-212,-155,"Kingston (CMA), Ontario",CMA,Ontario,718.625,0.29169102508705486,0.1426365554228198,157372.0,414,0.6989807589660169,6.8,68.4,12956.0,0.0,11.966367708416739,-1.3471265536435961,-0.9849274330884783
"kingston, ontario",2005,-164,-285,"Kingston (CMA), Ontario",CMA,Ontario,741.875,0.28622345114503334,0.144868436907427,157681.0,366,1.046416499134328,6.6,68.0,13664.0,0.875,11.968329283764888,-1.0400745809577565,-1.8074466803229305
"kingston, ontario",2006,105,138,"Kingston (CMA), Ontario",CMA,Ontario,780.5,0.27950243785216056,0.1477762108631451,158131.0,378,1.0877057629433824,6.4,67.7,13825.0,36.875,11.971179082408073,0.6640064250526463,0.8726941586406207
"kingston, ontario",2007,326,564,"Kingston (CMA), Ontario",CMA,Ontario,808.375,0.27450535601764336,0.14952110901071203,158700.0,461,1.001890359168242,6.4,67.7,14059.0,51.375,11.9747709065145,2.0541902961562695,3.553875236294896
"kingston, ontario",2008,216,734,"Kingston (CMA), Ontario",CMA,Ontario,869.25,0.26845734074273175,0.15254692862098926,159977.0,359,1.7627533958006463,6.6,67.6,14194.0,91.375,11.982785333882942,1.3501940904004952,4.588159547935016
"kingston, ontario",2009,245,775,"Kingston (CMA), Ontario",CMA,Ontario,842.125,0.26372776010004084,0.15482189508091176,161534.0,436,1.0833632547946563,9.2,67.1,13807.0,53.5,11.992470925803083,1.516708556712519,4.797751556947763
"kingston, ontario",2010,303,700,"Kingston (CMA), Ontario",CMA,Ontario,884.5,0.2612940440102601,0.15647819737116628,162962.0,381,1.1965979798971538,8.8,67.0,13919.0,82.875,12.001272323775792,1.8593291687632698,4.295479927835937
"kingston, ontario",2011,143,1129,"Kingston (CMA), Ontario",CMA,Ontario,902.375,0.25998331801106855,0.1588015756564728,164249.0,348,1.1446036201133645,8.0,66.7,14412.0,83.25,12.009138848048263,0.8706293493415485,6.873710037808449
"kingston, ontario",2012,255,700,"Kingston (CMA), Ontario",CMA,Ontario,934.25,0.25947172474206737,0.166141473622737,164384.0,332,0.2615826357796379,8.0,66.2,14635.0,96.75,12.009960433266995,1.5512458633443644,4.258321977808059
"kingston, ontario",2013,274,1089,"Kingston (CMA), Ontario",CMA,Ontario,1007.125,0.2589623447299705,0.17315201210435122,163908.0,366,1.0249652243941725,7.6,66.3,14241.0,152.875,12.007060573790891,1.6716694731190667,6.64397100812651
"kingston, ontario",2014,292,1019,"Kingston (CMA), Ontario",CMA,Ontario,1001.25,0.2583711068869718,0.1787602963396208,164136.0,358,0.31681044987083884,7.4,65.9,15137.0,123.0,12.008450631446042,1.7790125261977872,6.208266315738169
"kingston, ontario",2015,348,1277,"Kingston (CMA), Ontario",CMA,Ontario,1031.75,0.2574359161437813,0.18378812199036917,164472.0,421,0.8572887786370933,6.8,65.3,14708.0,107.625,12.010495621933769,2.115861666423464,7.764239505812539
"kingston, ontario",2016,479,1553,"Kingston (CMA), Ontario",CMA,Ontario,1127.0,0.2551849489028251,0.18886695475281967,166154.0,355,0.19861092721210444,6.6,65.0,15588.0,173.5,12.020670348124309,2.8828677010484247,9.346750604860551
"kingston, ontario",2017,414,1311,"Kingston (CMA), Ontario",CMA,Ontario,1131.0,0.2570398301146491,0.19107984258545738,169997.0,500,-0.40000705894809907,6.1,65.2,15887.0,134.25,12.043536068817865,2.435337094184015,7.71190079824938
"kingston, ontario",2018,282,1007,"Kingston (CMA), Ontario",CMA,Ontario,1223.0,0.25950413223140495,0.19400466495810176,173635.0,446,-0.6565496587669536,5.7,64.9,17095.0,163.5,12.064710673790463,1.6240965243182537,5.799521985774757
"kingston, ontario",2019,263,1011,"Kingston (CMA), Ontario",CMA,Ontario,1244.125,0.2633722678254358,0.19821986736934064,176279.0,418,-1.4408976679014516,5.5,65.2,18274.0,151.75,12.07982324614655,1.491953097079062,5.735226544284912
"kingston, ontario",2020,32,1424,"Kingston (CMA), Ontario",CMA,Ontario,1286.25,0.266222952400711,0.2027890076986481,178343.0,388,-0.7513611411717869,9.8,63.7,19757.0,125.25,12.09146394134844,0.17942952624997896,7.984613918124064
"kingston, ontario",2021,-100,1924,"Kingston (CMA), Ontario",CMA,Ontario,1448.125,0.26883204327043464,0.20821114369501467,179707.0,1053,-1.524704101676618,8.1,65.2,21792.0,197.375,12.099083025824878,-0.5564613509768679,10.706316392794937
"kingston, ontario",2022,-149,1475,"Kingston (CMA), Ontario",CMA,Ontario,1386.0,0.2751072495248439,0.20957914743415693,184150.0,916,-1.824599511267988,5.6,65.4,24269.0,95.75,12.123505921873212,-0.80912299755634,8.009774640238936
"kingston, ontario",2023,-145,1114,"Kingston (CMA), Ontario",CMA,Ontario,1525.875,0.2816770549072491,0.2109272964736613,188354.0,1040,-1.884748930205889,5.6,65.6,25705.0,107.125,12.146078449953352,-0.7698270278305743,5.91439523450524
"kingston, ontario",2024,253,1079,"Kingston (CMA), Ontario",CMA,Ontario,1512.7142857142858,0.28936822682502145,0.21228722160139296,192395.0,1038,-1.89713869903064,7.0,65.3,,18.71428571428578,12.167305829350074,1.315002988643156,5.608253852750852
"kitchener-cambridge-waterloo, ontario",2001,211,1639,"Kitchener - Cambridge - Waterloo (CMA), Ontario",CMA,Ontario,683.0,0.32556319000840983,0.11004124393866194,447096.0,3307,5.772809419006209,6.3,67.3,11733.0,11.5,13.010528615637654,0.47193443913611394,3.6658793637160696
"kitchener-cambridge-waterloo, ontario",2002,66,1456,"Kitchener - Cambridge - Waterloo (CMA), Ontario",CMA,Ontario,698.625,0.3226286178041478,0.11003388863908051,455905.0,2458,5.268641493293559,7.1,67.8,11392.0,0.0,13.030039733458786,0.14476700189732508,3.1936477994318992
"kitchener-cambridge-waterloo, ontario",2003,-68,2362,"Kitchener - Cambridge - Waterloo (CMA), Ontario",CMA,Ontario,712.125,0.31955319805787097,0.11020654011308217,463203.0,3247,5.919650779463863,6.9,68.5,11983.0,0.0,13.045920681903887,-0.14680388512164214,5.0992761273135105
"kitchener-cambridge-waterloo, ontario",2004,-196,1816,"Kitchener - Cambridge - Waterloo (CMA), Ontario",CMA,Ontario,730.25,0.31754516701315527,0.11033157054606887,472358.0,3336,5.451373746184038,6.8,68.4,12956.0,11.625,13.065492451647486,-0.41493951621439673,3.8445416400272676
"kitchener-cambridge-waterloo, ontario",2005,-697,1399,"Kitchener - Cambridge - Waterloo (CMA), Ontario",CMA,Ontario,770.625,0.31443402998117076,0.1110426831171263,480635.0,3064,6.268790246236749,6.6,68.0,13664.0,29.625,13.08286342526747,-1.4501648860361813,2.9107326765632964
"kitchener-cambridge-waterloo, ontario",2006,-1029,839,"Kitchener - Cambridge - Waterloo (CMA), Ontario",CMA,Ontario,804.75,0.31047056318535077,0.11216003734368474,488436.0,3249,5.896371274844606,6.4,67.7,13825.0,61.125,13.098963728575942,-2.106724320074687,1.7177276040259113
"kitchener-cambridge-waterloo, ontario",2007,-700,961,"Kitchener - Cambridge - Waterloo (CMA), Ontario",CMA,Ontario,757.0,0.30589128620764566,0.11415902432487854,492541.0,3360,6.07462119904739,6.4,67.7,14059.0,0.0,13.107332984860262,-1.421201483734349,1.9511066083838706
"kitchener-cambridge-waterloo, ontario",2008,-842,367,"Kitchener - Cambridge - Waterloo (CMA), Ontario",CMA,Ontario,777.875,0.3010026926013744,0.11619780573082024,497660.0,2717,5.742876662781819,6.6,67.6,14194.0,0.0,13.117672391916205,-1.6919181770686815,0.7374512719527389
"kitchener-cambridge-waterloo, ontario",2009,-372,861,"Kitchener - Cambridge - Waterloo (CMA), Ontario",CMA,Ontario,787.375,0.29661760075253,0.11849358476126702,501774.0,3139,5.763550921331118,9.2,67.1,13807.0,-1.25,13.125905098100592,-0.7413696205861603,1.7159119444211937
"kitchener-cambridge-waterloo, ontario",2010,-123,1172,"Kitchener - Cambridge - Waterloo (CMA), Ontario",CMA,Ontario,801.625,0.2925756096598921,0.12026151525012573,507045.0,2661,5.543886637280715,8.8,67.0,13919.0,0.0,13.136355036031066,-0.24258201934739518,2.3114319241881884
"kitchener-cambridge-waterloo, ontario",2011,-607,1217,"Kitchener - Cambridge - Waterloo (CMA), Ontario",CMA,Ontario,815.25,0.2897776477472206,0.1225121903647357,512700.0,2843,5.272088940901112,8.0,66.7,14412.0,-3.875,13.147446157771792,-1.183928223132436,2.3737078213380145
"kitchener-cambridge-waterloo, ontario",2012,-628,338,"Kitchener - Cambridge - Waterloo (CMA), Ontario",CMA,Ontario,841.5,0.2879944670690148,0.12652909038923707,517628.0,2865,4.802676825828588,8.0,66.2,14635.0,4.0,13.157012116532595,-1.2132264869752023,0.6529785869388827
"kitchener-cambridge-waterloo, ontario",2013,-685,773,"Kitchener - Cambridge - Waterloo (CMA), Ontario",CMA,Ontario,882.0,0.28595495927168185,0.13102443699089603,521750.0,2679,4.7666506947771925,7.6,66.3,14241.0,27.75,13.164943824939447,-1.3128893148059415,1.4815524676569238
"kitchener-cambridge-waterloo, ontario",2014,-513,1571,"Kitchener - Cambridge - Waterloo (CMA), Ontario",CMA,Ontario,888.75,0.2833851862423291,0.13498120926692356,525525.0,2243,4.4660101802958945,7.4,65.9,15137.0,10.5,13.172153041906844,-0.9761666904524048,2.989391560820132
"kitchener-cambridge-waterloo, ontario",2015,375,3014,"Kitchener - Cambridge - Waterloo (CMA), Ontario",CMA,Ontario,924.125,0.2818196903072038,0.1386716245672522,530332.0,3810,4.140802365310787,6.8,65.3,14708.0,0.0,13.181258504506605,0.7071042290489731,5.68323239027628
"kitchener-cambridge-waterloo, ontario",2016,428,3083,"Kitchener - Cambridge - Waterloo (CMA), Ontario",CMA,Ontario,1011.375,0.28039021725489616,0.14061773325557533,541852.0,2974,4.348050759247913,6.6,65.0,15588.0,57.875,13.20274818040274,0.7898835844474137,5.689745539372375
"kitchener-cambridge-waterloo, ontario",2017,662,2494,"Kitchener - Cambridge - Waterloo (CMA), Ontario",CMA,Ontario,1004.0,0.28209590903428367,0.14339052392309512,553879.0,4210,3.8419943706116317,6.1,65.2,15887.0,7.25,13.224701530321797,1.195206895368844,4.502788515181114
"kitchener-cambridge-waterloo, ontario",2018,410,1019,"Kitchener - Cambridge - Waterloo (CMA), Ontario",CMA,Ontario,1068.25,0.285283050731177,0.14466978734033814,568467.0,4408,3.7627513998174034,5.7,64.9,17095.0,8.75,13.250698542994503,0.7212379962249348,1.7925402881785575
"kitchener-cambridge-waterloo, ontario",2019,370,1714,"Kitchener - Cambridge - Waterloo (CMA), Ontario",CMA,Ontario,1092.375,0.2887692920032116,0.14588666012448445,582884.0,4599,3.4912606968110294,5.5,65.2,18274.0,0.0,13.275743474694826,0.6347746721474599,2.9405507785425575
"kitchener-cambridge-waterloo, ontario",2020,-705,2351,"Kitchener - Cambridge - Waterloo (CMA), Ontario",CMA,Ontario,1161.0,0.2935202883604371,0.14776792762771135,595366.0,4514,3.228266310135278,9.8,63.7,19757.0,0.0,13.296931621465706,-1.1841455508040433,3.9488314750926317
"kitchener-cambridge-waterloo, ontario",2021,-1904,3275,"Kitchener - Cambridge - Waterloo (CMA), Ontario",CMA,Ontario,1321.125,0.29939747934179306,0.15068993513231713,602303.0,10566,3.3222481043594336,8.1,65.2,21792.0,70.375,13.308515919925933,-3.1611995955524046,5.437462539618763
"kitchener-cambridge-waterloo, ontario",2022,-2256,901,"Kitchener - Cambridge - Waterloo (CMA), Ontario",CMA,Ontario,1353.125,0.3098789831334434,0.14907895637882626,627929.0,9607,2.672276642741456,5.6,65.4,24269.0,62.875,13.350182381734033,-3.5927628760576433,1.4348755989928799
"kitchener-cambridge-waterloo, ontario",2023,-2917,350,"Kitchener - Cambridge - Waterloo (CMA), Ontario",CMA,Ontario,1547.625,0.3246866017547292,0.14540474649731372,664490.0,9281,3.849568842270011,5.6,65.6,25705.0,128.875,13.406775108113248,-4.389832804105405,0.5267197399509399
"kitchener-cambridge-waterloo, ontario",2024,-1546,490,"Kitchener - Cambridge - Waterloo (CMA), Ontario",CMA,Ontario,1591.5,0.3390882496761519,0.14266187400093222,699402.0,9820,3.7417679674922293,7.0,65.3,,97.5,13.457980963201262,-2.2104597927944156,0.7005985112996531
"lethbridge, alberta",2001,662,-441,"Lethbridge (CMA), Alberta",CMA,Alberta,546.375,0.28334987676075973,0.13692381472848333,89663.0,318,6.502124622196447,4.7,72.3,1588.0,-41.0625,11.40381347688645,7.3832015435575435,-4.918416738230931
"lethbridge, alberta",2002,359,-227,"Lethbridge (CMA), Alberta",CMA,Alberta,557.5,0.278981978926176,0.1364108848598908,91393.0,224,6.969899226417779,5.3,72.9,1714.0,-57.5,11.42292416807609,3.928090772816299,-2.483778845206963
"lethbridge, alberta",2003,265,-151,"Lethbridge (CMA), Alberta",CMA,Alberta,605.3333333333334,0.2757314566721546,0.13652064434903316,92931.0,401,7.424863608483713,5.1,73.5,1901.0,-23.39583333333337,11.439612561281178,2.8515780525336005,-1.6248614563493344
"lethbridge, alberta",2004,1145,-820,"Lethbridge (CMA), Alberta",CMA,Alberta,572.25,0.27318080711789006,0.13725240970236205,94410.0,478,6.9801927761889635,4.7,73.5,2262.0,-53.5,11.455402278726563,12.12795254739964,-8.685520601631183
"lethbridge, alberta",2005,1341,-434,"Lethbridge (CMA), Alberta",CMA,Alberta,577.5,0.2691959783320683,0.13765998814710073,96179.0,259,5.18824275569511,4.0,72.7,2422.0,-61.3125,11.473966317605633,13.942752575926137,-4.512419551045446
"lethbridge, alberta",2006,864,192,"Lethbridge (CMA), Alberta",CMA,Alberta,611.0,0.2673067564279341,0.13740976559331658,98632.0,291,7.350555600616432,3.6,73.6,2599.0,-94.1875,11.499151031548388,8.759834536458754,1.9466298969908344
"lethbridge, alberta",2007,243,71,"Lethbridge (CMA), Alberta",CMA,Alberta,671.5,0.2674393499254141,0.13690429457486064,101896.0,387,6.840307764779776,3.7,74.5,2709.0,-154.125,11.531707964269595,2.384784486142734,0.6967888827824449
"lethbridge, alberta",2008,5,-159,"Lethbridge (CMA), Alberta",CMA,Alberta,744.5,0.26794735378981777,0.1372233246100902,104319.0,410,7.429135632051688,3.8,74.8,3019.0,-135.125,11.555208791224965,0.047929907303559276,-1.524171052253185
"lethbridge, alberta",2009,-74,-187,"Lethbridge (CMA), Alberta",CMA,Alberta,769.125,0.2686089007055552,0.1376161441549779,106441.0,597,6.435490083708345,6.8,74.6,2997.0,-88.3125,11.575346120011792,-0.6952208265611934,-1.7568418184722052
"lethbridge, alberta",2010,37,-807,"Lethbridge (CMA), Alberta",CMA,Alberta,754.375,0.2705057863433077,0.13755359859836783,108445.0,565,5.873945317903084,6.6,73.2,2974.0,-93.8125,11.593998410996708,0.3411867767070866,-7.441560237908617
"lethbridge, alberta",2011,261,148,"Lethbridge (CMA), Alberta",CMA,Alberta,789.0,0.27113684018597867,0.13966633239128454,109690.0,587,6.737168383626583,5.6,73.8,3308.0,-78.1875,11.60541348440538,2.3794329473972105,1.3492569969915216
"lethbridge, alberta",2012,485,538,"Lethbridge (CMA), Alberta",CMA,Alberta,797.375,0.27326004692008304,0.14293547140301835,111253.0,533,5.6447916011253625,4.7,73.7,3722.0,-90.1875,11.619562165957037,4.359433004053823,4.835824651919499
"lethbridge, alberta",2013,424,946,"Lethbridge (CMA), Alberta",CMA,Alberta,788.375,0.27604690117252934,0.14506744247553557,113430.0,701,5.871462576038085,4.6,73.3,3749.0,-159.5625,11.638941185553088,3.737988186546769,8.339945340738783
"lethbridge, alberta",2014,609,1016,"Lethbridge (CMA), Alberta",CMA,Alberta,823.5,0.2791506955510573,0.14674189241569405,116095.0,512,6.348249278608036,4.8,72.8,3775.0,-181.5,11.662164100436467,5.245703949351824,8.751453550971188
"lethbridge, alberta",2015,147,900,"Lethbridge (CMA), Alberta",CMA,Alberta,844.875,0.2804759776347858,0.14910142776423757,118577.0,1019,6.375604037882558,6.1,73.3,3533.0,-199.5625,11.683317817565376,1.2397007851438306,7.590004807003044
"lethbridge, alberta",2016,-129,349,"Lethbridge (CMA), Alberta",CMA,Alberta,877.0,0.28010884758856275,0.15107152014424788,120903.0,766,5.219059907529177,8.2,72.3,3257.0,-137.0,11.702743850190807,-1.0669710429021613,2.886611581184917
"lethbridge, alberta",2017,272,650,"Lethbridge (CMA), Alberta",CMA,Alberta,881.875,0.2817280104926633,0.15357816214443806,121990.0,572,5.451266497253873,8.0,72.1,3310.0,-122.375,11.711694353142784,2.2296909582752686,5.3283055988195756
"lethbridge, alberta",2018,160,360,"Lethbridge (CMA), Alberta",CMA,Alberta,909.75,0.28415150659513533,0.15684724295107094,123955.0,688,5.163164051470292,6.5,71.8,3651.0,-115.25,11.727673875496055,1.290791012867573,2.904279778952039
"lethbridge, alberta",2019,124,510,"Lethbridge (CMA), Alberta",CMA,Alberta,945.5,0.28445803709735074,0.15984430233943678,125885.0,564,4.837748738928387,6.9,71.8,3835.0,-97.0,11.743124070758116,0.9850260158080788,4.051316677920324
"lethbridge, alberta",2020,136,429,"Lethbridge (CMA), Alberta",CMA,Alberta,989.625,0.2846024086932643,0.1631713153662077,127455.0,439,3.2011298105213606,11.4,68.9,3715.0,-76.5,11.755518640105752,1.0670432701737869,3.3658938448864304
"lethbridge, alberta",2021,435,254,"Lethbridge (CMA), Alberta",CMA,Alberta,999.375,0.2838766410122721,0.167342396675564,128503.0,917,2.3812673634078583,8.6,69.7,4288.0,-74.75,11.763707529348393,3.3851349773935238,1.9766075500182874
"lethbridge, alberta",2022,1080,290,"Lethbridge (CMA), Alberta",CMA,Alberta,1081.0,0.2870323655766026,0.16992309926768487,130818.0,740,1.9416288278371476,5.8,69.6,4792.0,-50.1875,11.781562323216104,8.255744622299684,2.2168203152471375
"lethbridge, alberta",2023,1195,214,"Lethbridge (CMA), Alberta",CMA,Alberta,1202.25,0.29297984178880954,0.1721195406389241,134883.0,892,2.2538051496482137,5.9,69.5,5148.0,-25.5,11.812163014981216,8.859530111281629,1.5865602040286766
"lethbridge, alberta",2024,799,412,"Lethbridge (CMA), Alberta",CMA,Alberta,1517.8333333333333,0.29924882830055427,0.17153537212603706,140181.0,735,2.4397029554647207,7.0,69.2,,68.60416666666674,11.850689723714133,5.699773863790385,2.9390573615539908
"london, ontario",2001,36,163,"London (CMA), Ontario",CMA,Ontario,622.875,0.30750544960330417,0.12803920184271605,453244.0,2892,3.192540883056367,6.3,67.3,11733.0,-48.625,13.024185890801954,0.07942741657914941,0.359629691733371
"london, ontario",2002,-91,54,"London (CMA), Ontario",CMA,Ontario,645.375,0.3041944626117288,0.12855897100501418,458700.0,1875,2.716372356660126,7.1,67.8,11392.0,-53.25,13.036151680585263,-0.19838674514933508,0.11772400261608895
"london, ontario",2003,-261,854,"London (CMA), Ontario",CMA,Ontario,670.625,0.300875736984975,0.1293311375071321,462696.0,2621,2.9522623925860607,6.9,68.5,11983.0,-41.5,13.044825529947415,-0.5640852741324757,1.845704306931549
"london, ontario",2004,-582,429,"London (CMA), Ontario",CMA,Ontario,686.875,0.2976445900012193,0.13020319716264114,467477.0,2750,2.738102623230662,6.8,68.4,12956.0,-31.75,13.055105428639662,-1.2449810365001914,0.9176922073171514
"london, ontario",2005,-707,1069,"London (CMA), Ontario",CMA,Ontario,695.875,0.29316024478454084,0.130991547084964,471435.0,2877,3.36419654883494,6.6,68.0,13664.0,-45.125,13.063536513652057,-1.499676519562612,2.2675448365098054
"london, ontario",2006,-829,1786,"London (CMA), Ontario",CMA,Ontario,708.75,0.288617954491984,0.13254755822942224,476048.0,2835,3.1992572177595533,6.4,67.7,13825.0,-34.875,13.073273968465646,-1.7414210331731255,3.7517225153766005
"london, ontario",2007,-780,1244,"London (CMA), Ontario",CMA,Ontario,731.25,0.28380483770586984,0.13457192860812578,478822.0,2598,3.9367447611012025,6.4,67.7,14059.0,-25.75,13.079084199814211,-1.628997832179808,2.5980426964508734
"london, ontario",2008,-1045,623,"London (CMA), Ontario",CMA,Ontario,744.0,0.27837249773393374,0.13762955987496708,482113.0,2228,3.548960513406608,6.6,67.6,14194.0,-33.875,13.085933805390038,-2.1675416344301026,1.2922281705741185
"london, ontario",2009,-458,717,"London (CMA), Ontario",CMA,Ontario,788.625,0.27287585075478016,0.14045150439479154,483982.0,2789,3.3823571951022973,9.2,67.1,13807.0,0.0,13.089802994924556,-0.9463161853126769,1.4814600542995402
"london, ontario",2010,-409,660,"London (CMA), Ontario",CMA,Ontario,779.25,0.2689897088559733,0.14309169968271712,486632.0,2554,3.28790543983955,8.8,67.0,13919.0,-22.375,13.095263469602516,-0.8404708280589851,1.3562609939338146
"london, ontario",2011,-678,1374,"London (CMA), Ontario",CMA,Ontario,784.75,0.2666470476435714,0.14588991684395314,489321.0,2321,2.7180521579903583,8.0,66.7,14412.0,-34.375,13.10077399481118,-1.3855935061033555,2.8079726805103395
"london, ontario",2012,-1069,1597,"London (CMA), Ontario",CMA,Ontario,815.0,0.2660764505812478,0.15049697954210875,492475.0,1954,2.938220214224072,8.0,66.2,14635.0,-22.5,13.107198976884556,-2.1706685618559316,3.2428042032590487
"london, ontario",2013,-876,1851,"London (CMA), Ontario",CMA,Ontario,828.25,0.26530958576438834,0.15552219869733164,494984.0,2255,2.5960435084770417,7.6,66.3,14241.0,-26.0,13.112280717796096,-1.7697541738722866,3.739514812600003
"london, ontario",2014,-672,2387,"London (CMA), Ontario",CMA,Ontario,840.875,0.26388392480653466,0.1595833115806129,498022.0,1705,2.4717783551730648,7.4,65.9,15137.0,-37.375,13.118399531737856,-1.3493379810530457,4.792960953532173
"london, ontario",2015,327,3022,"London (CMA), Ontario",CMA,Ontario,855.5,0.263230695332758,0.1631252603486729,501731.0,3259,2.3259475695143412,6.8,65.3,14708.0,-68.625,13.125819398477718,0.6517436634371805,6.023147862101404
"london, ontario",2016,560,3601,"London (CMA), Ontario",CMA,Ontario,887.875,0.2633951583977358,0.1660535120334455,510203.0,2307,2.097204446073426,6.6,65.0,15588.0,-65.625,13.142563964719601,1.097602326916933,7.057974962906922
"london, ontario",2017,631,4072,"London (CMA), Ontario",CMA,Ontario,929.5,0.2653578625755704,0.16825869657490508,523022.0,2748,1.5008928878708736,6.1,65.2,15887.0,-67.25,13.167378807171913,1.2064502066834666,7.785523362305983
"london, ontario",2018,481,2230,"London (CMA), Ontario",CMA,Ontario,965.875,0.26841199670772087,0.16987080411311437,537014.0,3058,1.5623428811911795,5.7,64.9,17095.0,-93.625,13.193779443914666,0.895693594580402,4.152591924977747
"london, ontario",2019,291,2499,"London (CMA), Ontario",CMA,Ontario,1006.625,0.27226771002090233,0.17213158072175863,548743.0,2916,1.1681242403092158,5.5,65.2,18274.0,-85.75,13.21538548702592,0.5303028922464614,4.554044425168065
"london, ontario",2020,-205,4524,"London (CMA), Ontario",CMA,Ontario,1091.25,0.27627279020224765,0.1753403438228334,559067.0,3223,0.8585733015899704,9.8,63.7,19757.0,-69.75,13.234024601842272,-0.3666823475540499,8.092053367485471
"london, ontario",2021,-731,5625,"London (CMA), Ontario",CMA,Ontario,1133.0,0.2803948274920314,0.1788617169921362,567539.0,7140,0.8669007768629117,8.1,65.2,21792.0,-117.75,13.249064748443375,-1.288017211152009,9.911213150109509
"london, ontario",2022,-1195,3062,"London (CMA), Ontario",CMA,Ontario,1233.875,0.28798427208072663,0.17907218235110567,586473.0,6607,0.31373993346667284,5.6,65.4,24269.0,-56.375,13.28188191021036,-2.0376044591993154,5.221041718885609
"london, ontario",2023,-1573,2084,"London (CMA), Ontario",CMA,Ontario,1311.25,0.2983194383645956,0.17820832249931703,607654.0,6613,0.9347424685758672,5.6,65.6,25705.0,-107.5,13.317360920014053,-2.5886441955454913,3.429583282591738
"london, ontario",2024,-642,1799,"London (CMA), Ontario",CMA,Ontario,1418.5,0.3059876370887338,0.17828115653040877,626875.0,7025,0.9316051844466601,7.0,65.3,,-75.5,13.348502437698338,-1.0241276171485543,2.869790628115653
"moncton, new brunswick",2001,135,929,"Moncton (CMA), New Brunswick",CMA,New Brunswick,493.5,0.31711457089718914,0.12981507199766099,123129.0,168,1.770500856824956,11.1,61.9,162.0,0.0,11.720987865256333,1.096411081061326,7.5449325504146065
"moncton, new brunswick",2002,190,939,"Moncton (CMA), New Brunswick",CMA,New Brunswick,521.375,0.3147873253789307,0.12970704582474102,124627.0,118,2.1102971266258512,10.1,63.3,211.0,0.0,11.733080555279802,1.524549254976851,7.534482896964542
"moncton, new brunswick",2003,195,958,"Moncton (CMA), New Brunswick",CMA,New Brunswick,515.125,0.31252575848841263,0.12957708524870812,126172.0,192,1.6881717021209144,10.2,63.1,216.0,0.0,11.745401334424907,1.5455093047585835,7.592809815172939
"moncton, new brunswick",2004,-116,748,"Moncton (CMA), New Brunswick",CMA,New Brunswick,560.125,0.3102916784026539,0.12994867461584203,127812.0,191,1.5647982974994523,9.8,63.8,227.0,0.0,11.758315713231166,-0.9075830125496823,5.8523456326479515
"moncton, new brunswick",2005,-114,912,"Moncton (CMA), New Brunswick",CMA,New Brunswick,546.375,0.30742449501802815,0.13185748071182105,128965.0,203,3.4660566820455165,9.7,63.2,259.0,0.0,11.767296328701011,-0.8839607645485209,7.071686116388167
"moncton, new brunswick",2006,-119,949,"Moncton (CMA), New Brunswick",CMA,New Brunswick,570.25,0.3031479779411765,0.13392310049019607,130560.0,300,3.599877450980392,9.2,63.5,273.0,0.0,11.779588170197934,-0.9114583333333334,7.268688725490196
"moncton, new brunswick",2007,45,833,"Moncton (CMA), New Brunswick",CMA,New Brunswick,575.0,0.30164028733413567,0.13543913830036863,132111.0,389,3.860390126484547,7.7,63.8,324.0,0.0,11.791397757293453,0.3406226582192247,6.305303873258094
"moncton, new brunswick",2008,354,1070,"Moncton (CMA), New Brunswick",CMA,New Brunswick,590.25,0.2989224186213231,0.13723293829483763,133911.0,401,4.488055499548207,8.7,65.0,320.0,0.0,11.804930679163917,2.643546833344535,7.990381671408623
"moncton, new brunswick",2009,414,908,"Moncton (CMA), New Brunswick",CMA,New Brunswick,612.0,0.29581639690668704,0.13927245513375497,136294.0,537,3.595169266438728,9.0,64.7,335.0,0.0,11.822569596172771,3.0375511761339458,6.66206876311503
"moncton, new brunswick",2010,287,1135,"Moncton (CMA), New Brunswick",CMA,New Brunswick,628.125,0.2929230946932234,0.14098945286274284,138521.0,390,3.407425588899878,9.4,64.2,290.0,0.0,11.838777217664427,2.0718880169793747,8.193703481782546
"moncton, new brunswick",2011,80,922,"Moncton (CMA), New Brunswick",CMA,New Brunswick,644.875,0.2921389812210574,0.14338475524872865,140796.0,567,4.0413079917043095,9.6,63.5,296.0,0.0,11.855067313211624,0.568197960169323,6.548481490951447
"moncton, new brunswick",2012,-283,736,"Moncton (CMA), New Brunswick",CMA,New Brunswick,683.375,0.29092728392297357,0.14814011419614867,142912.0,467,3.1697828034034927,10.5,63.5,283.0,0.0,11.86998433519983,-1.9802395879982087,5.150022391401702
"moncton, new brunswick",2013,-388,788,"Moncton (CMA), New Brunswick",CMA,New Brunswick,701.625,0.2882520576060352,0.15369467691945002,144221.0,626,3.196483175127062,10.4,63.7,289.0,0.0,11.879102124297772,-2.6903155573737525,5.463836750542571
"moncton, new brunswick",2014,-648,493,"Moncton (CMA), New Brunswick",CMA,New Brunswick,713.75,0.28584959402604,0.15927357085498184,145699.0,823,1.5923239006444794,10.1,63.4,302.0,0.0,11.88929812874176,-4.447525377662166,3.383688288869519
"moncton, new brunswick",2015,-286,687,"Moncton (CMA), New Brunswick",CMA,New Brunswick,705.375,0.2808236931136091,0.16470451817090473,146608.0,1250,2.0053475935828877,10.1,62.8,309.0,0.0,11.895517637204994,-1.95078031212485,4.685965295208993
"moncton, new brunswick",2016,134,565,"Moncton (CMA), New Brunswick",CMA,New Brunswick,752.375,0.2755842931231899,0.1694887856132552,148470.0,961,1.3807503199299522,9.7,62.8,362.0,0.0,11.908138196614042,0.9025392335151883,3.805482589075234
"moncton, new brunswick",2017,189,345,"Moncton (CMA), New Brunswick",CMA,New Brunswick,747.5,0.2738218918990916,0.17443192413223582,150156.0,1381,0.725911718479448,8.3,61.9,327.0,0.0,11.919430032653056,1.2586909614001438,2.2976104850955004
"moncton, new brunswick",2018,560,428,"Moncton (CMA), New Brunswick",CMA,New Brunswick,766.125,0.2729246151822129,0.18022628601499802,152020.0,1695,0.8354163925799237,8.1,61.5,364.0,0.0,11.931767370120031,3.6837258255492698,2.815419023812656
"moncton, new brunswick",2019,631,504,"Moncton (CMA), New Brunswick",CMA,New Brunswick,798.0,0.2729594139723236,0.18424921652329795,155078.0,1748,0.586801480545274,8.2,61.4,373.0,0.0,11.951683495132192,4.0689201563084385,3.2499774307122866
"moncton, new brunswick",2020,1525,206,"Moncton (CMA), New Brunswick",CMA,New Brunswick,863.875,0.272741644797167,0.18823157428779208,158135.0,1211,0.44265975274290953,10.4,60.6,343.0,0.0,11.971204377571006,9.643658899041958,1.302684415214848
"moncton, new brunswick",2021,1813,-41,"Moncton (CMA), New Brunswick",CMA,New Brunswick,920.375,0.2738263434463613,0.19197402339877057,161376.0,3948,-1.041046995835812,9.3,61.4,397.0,0.0,11.991492324876452,11.234632163394805,-0.2540650406504065
"moncton, new brunswick",2022,587,49,"Moncton (CMA), New Brunswick",CMA,New Brunswick,1000.25,0.2802929506521894,0.1904416831000974,168356.0,5228,-0.3860866259592768,7.2,60.5,474.0,0.0,12.033836063989769,3.486659222124546,0.2910499180308394
"moncton, new brunswick",2023,1613,-111,"Moncton (CMA), New Brunswick",CMA,New Brunswick,1089.875,0.29235500089782723,0.18559211707667445,178208.0,7153,0.4376907882923326,6.6,60.4,430.0,0.0,12.090706686389396,9.051221045070928,-0.6228676602621656
"moncton, new brunswick",2024,-363,-107,"Moncton (CMA), New Brunswick",CMA,New Brunswick,1226.875,0.3053124524220772,0.17897173937010769,190477.0,5728,0.6562472109493535,7.0,60.6,,0.0,12.15728673135171,-1.9057419005969225,-0.5617476125726466
"montrã©al, quebec",2001,-4267,-122,"MontrÃ©al (CMA), Quebec",CMA,Quebec,515.0,0.31929220742568193,0.1265532351924843,3631855.0,33537,3.279040600464501,8.8,63.6,6415.0,111.9375,15.105254094998891,-1.174881706455792,-0.0335916494463573
"montrã©al, quebec",2002,-3232,-3545,"MontrÃ©al (CMA), Quebec",CMA,Quebec,541.875,0.3166625703213515,0.12691277073345653,3669938.0,30115,3.2760771435375746,8.7,65.2,6728.0,130.5625,15.115685326155083,-0.8806688287377062,-0.9659563731049408
"montrã©al, quebec",2003,-2717,-6169,"MontrÃ©al (CMA), Quebec",CMA,Quebec,563.875,0.3135900165346417,0.12774496666054272,3701320.0,37189,3.3163844250159404,9.1,66.1,6965.0,138.0,15.12420007074865,-0.7340624425880498,-1.6667026898511883
"montrã©al, quebec",2004,-5332,-6653,"MontrÃ©al (CMA), Quebec",CMA,Quebec,580.0,0.3107417489415677,0.12866782151488662,3733824.0,36227,3.5063248830153753,8.5,65.9,7244.0,141.9375,15.132943467532664,-1.4280266022179942,-1.781819389451672
"montrã©al, quebec",2005,-7666,-6889,"MontrÃ©al (CMA), Quebec",CMA,Quebec,596.75,0.3078883152912772,0.1299208779046851,3762413.0,36347,4.417112103323054,8.2,65.6,7262.0,144.8125,15.140571064848341,-2.0375221965265378,-1.8310057933565507
"montrã©al, quebec",2006,-9256,-7096,"MontrÃ©al (CMA), Quebec",CMA,Quebec,616.75,0.3045584483236996,0.1319565669338394,3795173.0,39097,4.635361813545786,8.3,65.4,7904.0,156.0625,15.149240554070603,-2.438887502625045,-1.8697434873192869
"montrã©al, quebec",2007,-9196,-7300,"MontrÃ©al (CMA), Quebec",CMA,Quebec,631.25,0.3007350936015355,0.13406172257752413,3828356.0,39517,5.206412360814929,7.4,65.6,7950.0,158.8125,15.157946026185915,-2.402075460066932,-1.906823712319335
"montrã©al, quebec",2008,-6426,-7221,"MontrÃ©al (CMA), Quebec",CMA,Quebec,638.25,0.2966845722419104,0.13656518105215684,3866952.0,40286,5.347105420496557,7.4,65.6,8086.0,144.3125,15.167977157789355,-1.6617739242690366,-1.867362201547886
"montrã©al, quebec",2009,-3342,-11149,"MontrÃ©al (CMA), Quebec",CMA,Quebec,650.125,0.29345061591232413,0.1387941757144353,3915330.0,44699,4.982210950290269,8.8,65.3,7844.0,152.75,15.180410175042477,-0.853567898491315,-2.847524985122582
"montrã©al, quebec",2010,-4294,-11346,"MontrÃ©al (CMA), Quebec",CMA,Quebec,678.75,0.2910797055348541,0.14114610156825916,3961080.0,46369,4.706797136134589,8.2,65.3,7950.0,171.1875,15.192027273320068,-1.0840477849475396,-2.8643703232451756
"montrã©al, quebec",2011,-5810,-10087,"MontrÃ©al (CMA), Quebec",CMA,Quebec,693.875,0.28940338112272707,0.1438123094741267,4001097.0,46765,4.8141797112142,8.0,65.1,8406.0,175.125,15.202079131484508,-1.4521017610920204,-2.521058599679038
"montrã©al, quebec",2012,-7804,-8178,"MontrÃ©al (CMA), Quebec",CMA,Quebec,690.625,0.2873920844463128,0.1471704208022271,4036837.0,47837,4.642000655463671,7.9,65.1,8294.0,174.6875,15.210972022502709,-1.9331967082148722,-2.0258435007408027
"montrã©al, quebec",2013,-10429,-7119,"MontrÃ©al (CMA), Quebec",CMA,Quebec,703.625,0.2853712584265246,0.1502338790511193,4070480.0,44122,4.667999842770386,7.8,65.3,8454.0,178.0625,15.219271486582796,-2.5621056976081444,-1.748933786678721
"montrã©al, quebec",2014,-11590,-6493,"MontrÃ©al (CMA), Quebec",CMA,Quebec,715.25,0.28356227413581203,0.15360851794037492,4096765.0,39170,4.037575989835882,7.9,64.8,9081.0,179.9375,15.225708195840713,-2.829061466791481,-1.5849090684967284
"montrã©al, quebec",2015,-8240,-8411,"MontrÃ©al (CMA), Quebec",CMA,Quebec,738.375,0.281952094909255,0.15678793944160535,4115763.0,46818,4.181727665076925,7.7,64.9,8770.0,194.25,15.230334794103348,-2.002058913499149,-2.0436064953205517
"montrã©al, quebec",2016,-6155,-9502,"MontrÃ©al (CMA), Quebec",CMA,Quebec,753.25,0.2809534433583975,0.16018499647252488,4146025.0,44977,3.5783672312636803,7.2,64.6,8826.0,198.0625,15.237660601868027,-1.484554482908328,-2.291833744369607
"montrã©al, quebec",2017,-4508,-12181,"MontrÃ©al (CMA), Quebec",CMA,Quebec,760.75,0.28232897642087723,0.16294054508821335,4193413.0,40656,3.358362269588042,6.1,64.9,9450.0,198.5,15.249025518798167,-1.0750193219699564,-2.904793780149964
"montrã©al, quebec",2018,-4342,-14061,"MontrÃ©al (CMA), Quebec",CMA,Quebec,794.5,0.2846664476617312,0.16483422108548232,4261700.0,37661,3.251988643029777,5.5,65.0,9957.0,222.5,15.26517869967474,-1.018842246052045,-3.2993875683412726
"montrã©al, quebec",2019,-5308,-24801,"MontrÃ©al (CMA), Quebec",CMA,Quebec,833.875,0.28614807475827037,0.1672084133553421,4327976.0,27665,2.207036268223299,5.1,65.1,10098.0,231.875,15.280610554206573,-1.2264393333049906,-5.730392220289576
"montrã©al, quebec",2020,-5273,-39883,"MontrÃ©al (CMA), Quebec",CMA,Quebec,882.0,0.28609962282408885,0.16996694632570802,4356853.0,27713,2.665226483427373,8.9,63.9,10717.0,255.625,15.287260565719304,-1.2102772345084858,-9.154084381547875
"montrã©al, quebec",2021,-9965,-29476,"MontrÃ©al (CMA), Quebec",CMA,Quebec,902.5,0.2848199239609408,0.1755651025843719,4330143.0,49520,2.432945055163305,6.1,64.3,11732.0,236.9375,15.281111124837503,-2.301309679611043,-6.807165490839448
"montrã©al, quebec",2022,-11960,-20728,"MontrÃ©al (CMA), Quebec",CMA,Quebec,987.5,0.28411136848923313,0.179462689625771,4372296.0,49137,1.5294024009353437,4.3,64.4,12912.0,261.1875,15.290798829554944,-2.7354049222650985,-4.740758631163124
"montrã©al, quebec",2023,-7576,-21901,"MontrÃ©al (CMA), Quebec",CMA,Quebec,1047.25,0.2870028157620866,0.18131308618319228,4465221.0,38826,1.2942248547160375,4.5,65.3,14738.0,236.625,15.311829267148473,-1.696668541153954,-4.904796425529666
"montrã©al, quebec",2024,-6114,-22748,"MontrÃ©al (CMA), Quebec",CMA,Quebec,1151.875,0.29026859397049476,0.18267311608849957,4572813.0,37629,1.1139751395913193,5.3,64.9,,257.9375,15.335639109610776,-1.3370325880371667,-4.974618467888365
"nanaimo, british columbia",2001,346,967,"Nanaimo (CMA), British Columbia",CMA,British Columbia,524.25,0.2783687150837989,0.15812290502793297,89500.0,108,-1.6089385474860336,7.7,64.0,1760.0,-72.875,11.401993904262946,3.865921787709497,10.804469273743017
"nanaimo, british columbia",2002,527,960,"Nanaimo (CMA), British Columbia",CMA,British Columbia,539.875,0.2702258544493549,0.16101845477359036,90058.0,117,-1.7988407470741077,8.5,65.0,1949.0,-72.75,11.408209186191696,5.851784405605277,10.659797019698416
"nanaimo, british columbia",2003,886,1057,"Nanaimo (CMA), British Columbia",CMA,British Columbia,550.75,0.2630710506341646,0.16361776320855378,90907.0,182,-1.8920435170008911,8.0,65.5,2050.0,-72.0,11.4175922849014,9.746224163155752,11.627267427150825
"nanaimo, british columbia",2004,868,840,"Nanaimo (CMA), British Columbia",CMA,British Columbia,576.5,0.2572678826740609,0.1651249945842901,92324.0,172,-2.209609635631039,7.2,65.3,2263.0,-51.25,11.433059408359641,9.401672371214419,9.098392617304276
"nanaimo, british columbia",2005,642,661,"Nanaimo (CMA), British Columbia",CMA,British Columbia,609.625,0.25184218688170434,0.16727805524956418,93503.0,205,-0.342235008502401,5.9,65.4,2414.0,-40.0,11.445748800323544,6.86608985807942,7.06929189437772
"nanaimo, british columbia",2006,811,677,"Nanaimo (CMA), British Columbia",CMA,British Columbia,629.25,0.24522044889880826,0.16865288246936455,94988.0,248,-0.8843222301764433,4.9,65.8,2432.0,-17.0,11.461505846814694,8.537920579441614,7.127216069398239
"nanaimo, british columbia",2007,876,670,"Nanaimo (CMA), British Columbia",CMA,British Columbia,640.0,0.24378414945100693,0.17141073008273924,96085.0,284,0.041629806941770306,4.4,66.2,2838.0,-63.375,11.472988495366527,9.116927720247697,6.972992662746527
"nanaimo, british columbia",2008,545,385,"Nanaimo (CMA), British Columbia",CMA,British Columbia,689.625,0.24300686738454275,0.17464097642095322,97417.0,263,0.4311362493199339,4.8,66.4,2947.0,-56.875,11.486756012388323,5.594506092365808,3.952082285432727
"nanaimo, british columbia",2009,485,665,"Nanaimo (CMA), British Columbia",CMA,British Columbia,707.875,0.2407130277209378,0.17930550041230187,98229.0,267,0.2545073247208055,7.8,66.2,2911.0,-73.875,11.495056766427746,4.937442099583627,6.769894837573425
"nanaimo, british columbia",2010,333,481,"Nanaimo (CMA), British Columbia",CMA,British Columbia,729.375,0.24088194115691824,0.18369073639467773,99281.0,244,0.21152083480222802,7.8,65.8,3020.0,-60.125,11.50570949234992,3.354116094721044,4.844834359041508
"nanaimo, british columbia",2011,-37,361,"Nanaimo (CMA), British Columbia",CMA,British Columbia,740.375,0.24079628851960724,0.1876037354770332,100014.0,230,-0.8898754174415582,7.6,65.2,3046.0,-56.625,11.513065455171143,-0.3699482072509849,3.6094946707460953
"nanaimo, british columbia",2012,58,445,"Nanaimo (CMA), British Columbia",CMA,British Columbia,743.875,0.24044837385538365,0.193331622987054,101344.0,210,-1.8254657404483738,6.9,65.3,3025.0,-77.75,11.526275949338366,0.5723081780865172,4.390985159456899
"nanaimo, british columbia",2013,443,464,"Nanaimo (CMA), British Columbia",CMA,British Columbia,776.0,0.24094264567143567,0.19734090665940457,102817.0,236,-1.3421904937899374,6.7,64.8,3228.0,-49.75,11.540705987980955,4.308626005427119,4.512872384916891
"nanaimo, british columbia",2014,799,327,"Nanaimo (CMA), British Columbia",CMA,British Columbia,773.125,0.2417540514775977,0.2008007626310772,104900.0,260,-1.086749285033365,6.2,64.1,3282.0,-73.0,11.560762794384388,7.616777883698761,3.1172545281220208
"nanaimo, british columbia",2015,955,334,"Nanaimo (CMA), British Columbia",CMA,British Columbia,797.5,0.24251295385248509,0.20531622364802934,106918.0,356,-1.3281206157990235,6.2,64.1,3569.0,-75.125,11.579817464503643,8.932078789352587,3.1238893357526325
"nanaimo, british columbia",2016,754,800,"Nanaimo (CMA), British Columbia",CMA,British Columbia,861.375,0.24182558192710477,0.20978643618237527,109335.0,275,-1.9572872364750538,6.1,65.2,4196.0,-30.5,11.602171842484424,6.896236337860703,7.316961631682443
"nanaimo, british columbia",2017,643,1359,"Nanaimo (CMA), British Columbia",CMA,British Columbia,906.25,0.24375957223849315,0.2157974402378841,111651.0,407,-2.4451191659725393,5.3,66.1,4219.0,-5.5,11.623133213788876,5.759016936704553,12.171856947094069
"nanaimo, british columbia",2018,656,818,"Nanaimo (CMA), British Columbia",CMA,British Columbia,1007.75,0.24800104863022676,0.21948704504740682,114435.0,418,-1.7040241184952156,4.6,65.7,4749.0,-8.75,11.64776225519244,5.732511906322366,7.148162712456854
"nanaimo, british columbia",2019,770,676,"Nanaimo (CMA), British Columbia",CMA,British Columbia,1075.375,0.25350415370414686,0.22380431438241427,117004.0,372,-3.008444155755359,4.8,66.5,4964.0,-0.375,11.669963401229683,6.580971590714848,5.777580253666541
"nanaimo, british columbia",2020,821,1021,"Nanaimo (CMA), British Columbia",CMA,British Columbia,1135.375,0.25557542427207397,0.22919970309389656,118556.0,322,-3.1714970140693004,9.1,64.5,5398.0,0.0,11.683140701769135,6.924997469550255,8.611963966395628
"nanaimo, british columbia",2021,923,1368,"Nanaimo (CMA), British Columbia",CMA,British Columbia,1235.25,0.2595559548468136,0.23454202124562235,120213.0,791,-4.009549715920907,6.6,65.9,6026.0,-11.375,11.697020448313324,7.678038148952276,11.379800853485065
"nanaimo, british columbia",2022,384,1488,"Nanaimo (CMA), British Columbia",CMA,British Columbia,1361.5,0.26522644456012495,0.23740890161374284,122944.0,606,-4.302771993753254,4.6,65.5,6928.0,0.0,11.719484246128228,3.1233732431025505,12.103071317022383
"nanaimo, british columbia",2023,405,1269,"Nanaimo (CMA), British Columbia",CMA,British Columbia,1461.875,0.2719989147175473,0.24045390342582174,125313.0,643,-3.750608476375157,5.2,65.8,7675.0,-2.25,11.738569886500002,3.231907304110507,10.126642886212922
"nanaimo, british columbia",2024,284,1325,"Nanaimo (CMA), British Columbia",CMA,British Columbia,1569.0,0.27843473515999534,0.24083096231048057,128285.0,777,-3.219394317340297,5.6,65.2,,0.0,11.762009630284792,2.2138207896480493,10.328565303815722
"oshawa, ontario",2001,24,4139,"Oshawa (CMA), Ontario",CMA,Ontario,736.25,0.32747556744745016,0.10172752804439161,308707.0,945,5.665566378475383,6.3,67.3,11733.0,64.75,12.640147885970121,0.07774362097393321,13.4075353004629
"oshawa, ontario",2002,27,5296,"Oshawa (CMA), Ontario",CMA,Ontario,762.0,0.3229373800802372,0.10326498897927469,315315.0,857,5.264576693148121,7.1,67.8,11392.0,63.375,12.661327418140853,0.0856286570572285,16.795902510188224
"oshawa, ontario",2003,-185,5153,"Oshawa (CMA), Ontario",CMA,Ontario,781.125,0.3185037956186301,0.10411326175527238,323004.0,943,5.281668338472588,6.9,68.5,11983.0,69.0,12.685419986029043,-0.5727483250981412,15.95336280665255
"oshawa, ontario",2004,-324,4611,"Oshawa (CMA), Ontario",CMA,Ontario,799.0,0.3145163729635881,0.10529149501218973,330606.0,1006,5.40522555549506,6.8,68.4,12956.0,80.375,12.708682613024699,-0.980018511460772,13.947115297363025
"oshawa, ontario",2005,-454,4360,"Oshawa (CMA), Ontario",CMA,Ontario,803.625,0.30962645379823295,0.10655363952909966,337736.0,802,5.039439088518843,6.6,68.0,13664.0,62.625,12.730019804186137,-1.344245209275884,12.909491437098799
"oshawa, ontario",2006,-591,3011,"Oshawa (CMA), Ontario",CMA,Ontario,813.625,0.3033115891096873,0.10783721457075973,344306.0,760,4.911328876057925,6.4,67.7,13825.0,70.0,12.749286075837567,-1.7164963724129119,8.74512788043194
"oshawa, ontario",2007,-647,3582,"Oshawa (CMA), Ontario",CMA,Ontario,816.5,0.29553606327454995,0.11027061826040972,347944.0,849,5.25371898926264,6.4,67.7,14059.0,59.5,12.759796826267443,-1.8594946313199825,10.294760076334123
"oshawa, ontario",2008,-710,3622,"Oshawa (CMA), Ontario",CMA,Ontario,836.75,0.287722371509235,0.11306507024048437,352788.0,767,4.8641110241844965,6.6,67.6,14194.0,58.875,12.773622588930856,-2.012540109074005,10.266789119811332
"oshawa, ontario",2009,-544,3991,"Oshawa (CMA), Ontario",CMA,Ontario,842.5,0.2801529088787335,0.11592698209253449,357337.0,863,5.15199937314076,9.2,67.1,13807.0,53.875,12.78643459308616,-1.522372438342517,11.168728679090048
"oshawa, ontario",2010,-442,3405,"Oshawa (CMA), Ontario",CMA,Ontario,855.0,0.27426622252126054,0.11881073449443531,362644.0,672,4.798093998521966,8.8,67.0,13919.0,53.375,12.80117691577671,-1.2188261766360398,9.389373600555917
"oshawa, ontario",2011,-470,4484,"Oshawa (CMA), Ontario",CMA,Ontario,879.5,0.27037612005338124,0.12237383228477272,367170.0,795,4.956831985183975,8.0,66.7,14412.0,60.375,12.813580235044494,-1.2800610071628944,12.212326715145574
"oshawa, ontario",2012,-542,3983,"Oshawa (CMA), Ontario",CMA,Ontario,887.875,0.26780062335403126,0.12741710760508027,372501.0,860,4.359719839678283,8.0,66.2,14635.0,50.375,12.827995001361906,-1.4550296509271115,10.692588744728202
"oshawa, ontario",2013,-853,3928,"Oshawa (CMA), Ontario",CMA,Ontario,931.625,0.2655942924584599,0.13207707302841837,377045.0,920,4.280656155100851,7.6,66.3,14241.0,77.375,12.84011982270213,-2.262329430174117,10.417854632736145
"oshawa, ontario",2014,-762,4166,"Oshawa (CMA), Ontario",CMA,Ontario,950.875,0.26455929953781665,0.13586406249180294,381234.0,819,4.173289895444793,7.4,65.9,15137.0,72.625,12.851168638809996,-1.998772407497757,10.927671718681964
"oshawa, ontario",2015,-483,5509,"Oshawa (CMA), Ontario",CMA,Ontario,985.25,0.26371141132807535,0.1394210694213547,385573.0,1029,3.6932046590399223,6.8,65.3,14708.0,61.125,12.862485818520073,-1.2526810746603108,14.287826170400937
"oshawa, ontario",2016,-267,4152,"Oshawa (CMA), Ontario",CMA,Ontario,1028.125,0.2641977512047118,0.14202340582851022,392210.0,986,3.883123836720124,6.6,65.0,15588.0,74.625,12.879552689614643,-0.6807577573238826,10.586165574564646
"oshawa, ontario",2017,-354,4076,"Oshawa (CMA), Ontario",CMA,Ontario,1084.75,0.2665318848468278,0.1448244032016535,398669.0,1369,3.092791262927391,6.1,65.2,15887.0,88.0,12.895886777650286,-0.8879546691616353,10.224020427974084
"oshawa, ontario",2018,-226,5196,"Oshawa (CMA), Ontario",CMA,Ontario,1160.375,0.26904813003076117,0.14708138763286882,405381.0,1510,3.525078876415027,5.7,64.9,17095.0,100.875,12.912582644610167,-0.5575002281804031,12.817571617811392
"oshawa, ontario",2019,-369,7636,"Oshawa (CMA), Ontario",CMA,Ontario,1191.625,0.27203591628549484,0.14944188719890647,414074.0,1344,3.460734071687669,5.5,65.2,18274.0,99.25,12.933799980796005,-0.891145061027739,18.441148200563184
"oshawa, ontario",2020,-816,8006,"Oshawa (CMA), Ontario",CMA,Ontario,1256.375,0.27495715838081075,0.15145072211994712,424237.0,1303,2.611747678773893,9.8,63.7,19757.0,95.375,12.958047540317029,-1.9234531641511703,18.871527000238075
"oshawa, ontario",2021,-1680,9631,"Oshawa (CMA), Ontario",CMA,Ontario,1321.25,0.27939307405040953,0.15276025363931825,433529.0,3258,3.3584835155203,8.1,65.2,21792.0,70.5,12.97971397031238,-3.8751732871388076,22.215353528829674
"oshawa, ontario",2022,-1405,8319,"Oshawa (CMA), Ontario",CMA,Ontario,1408.0,0.2855251465748592,0.15325724390145884,447894.0,3799,3.313283946648091,5.6,65.4,24269.0,117.75,13.012311876258378,-3.1369029279249108,18.573591072887783
"oshawa, ontario",2023,-1226,7431,"Oshawa (CMA), Ontario",CMA,Ontario,1502.0,0.291194258735957,0.1536287821352264,464288.0,3922,3.2609070232269626,5.6,65.6,25705.0,83.25,13.048260328315411,-2.6406023847267215,16.005151974636433
"oshawa, ontario",2024,-747,6921,"Oshawa (CMA), Ontario",CMA,Ontario,1626.125,0.2958143529236054,0.15407321667123025,482076.0,3624,3.238078643201487,7.0,65.3,,132.125,13.085857056951676,-1.5495482040176238,14.356657456500635
"ottawa-gatineau, ontario/quebec",2001,3245,1107,"Ottawa - Gatineau (CMA), Ontario/Quebec",CMA,Ontario,761.5,0.3315709595437369,0.1066593630843222,1170202.0,8272,4.532550790376362,6.3,67.3,11733.0,90.0,13.972686941444366,2.773025511834709,0.9459905212946141
"ottawa-gatineau, ontario/quebec",2002,1368,471,"Ottawa - Gatineau (CMA), Ontario/Quebec",CMA,Ontario,776.75,0.3276677749377862,0.10767539570674202,1186232.0,6838,4.595222519709467,7.1,67.8,11392.0,78.125,13.986292454923921,1.1532314083585673,0.3970555506848576
"ottawa-gatineau, ontario/quebec",2003,742,-297,"Ottawa - Gatineau (CMA), Ontario/Quebec",CMA,Ontario,791.125,0.32215633970734175,0.10885184593149107,1201128.0,6901,4.94535136971247,6.9,68.5,11983.0,79.0,13.998771673234895,0.6177526458462379,-0.2472675684856235
"ottawa-gatineau, ontario/quebec",2004,308,514,"Ottawa - Gatineau (CMA), Ontario/Quebec",CMA,Ontario,792.0,0.3160063590171738,0.11033406289883074,1212137.0,6577,4.7568880415332595,6.8,68.4,12956.0,73.375,14.007895475526906,0.25409669039060767,0.4240444768206894
"ottawa-gatineau, ontario/quebec",2005,206,2563,"Ottawa - Gatineau (CMA), Ontario/Quebec",CMA,Ontario,788.5,0.3096973756636086,0.11181830598746514,1222671.0,7213,4.731444517781153,6.6,68.0,13664.0,47.5,14.016548367849861,0.16848359043438504,2.0962303023462567
"ottawa-gatineau, ontario/quebec",2006,1278,2298,"Ottawa - Gatineau (CMA), Ontario/Quebec",CMA,Ontario,796.625,0.3031887482255022,0.11423147229838788,1234152.0,6968,4.843811783313562,6.4,67.7,13825.0,53.0,14.025894652523112,1.0355288489586372,1.8620072730101316
"ottawa-gatineau, ontario/quebec",2007,2719,3566,"Ottawa - Gatineau (CMA), Ontario/Quebec",CMA,Ontario,810.25,0.29813974137965515,0.1161991688631664,1250095.0,7607,5.2907978993596485,6.4,67.7,14059.0,53.25,14.03873010639063,2.1750346973630004,2.8525832036765206
"ottawa-gatineau, ontario/quebec",2008,2752,3862,"Ottawa - Gatineau (CMA), Ontario/Quebec",CMA,Ontario,839.625,0.29313100864575997,0.11837725736188232,1270565.0,7232,5.573111174949727,6.6,67.6,14194.0,61.75,14.05497224139393,2.1659655350178855,3.0395926221798963
"ottawa-gatineau, ontario/quebec",2009,3227,2952,"Ottawa - Gatineau (CMA), Ontario/Quebec",CMA,Ontario,865.875,0.2882869981538176,0.12071091569874327,1291855.0,8367,5.534676879371137,9.2,67.1,13807.0,77.25,14.07158972792436,2.4979583622000923,2.2850861745319713
"ottawa-gatineau, ontario/quebec",2010,1679,2278,"Ottawa - Gatineau (CMA), Ontario/Quebec",CMA,Ontario,887.0,0.2842148004969896,0.12281331409044664,1315118.0,8323,5.048976593735316,8.8,67.0,13919.0,85.375,14.089436953408466,1.2766915212171077,1.732163957911001
"ottawa-gatineau, ontario/quebec",2011,1208,3276,"Ottawa - Gatineau (CMA), Ontario/Quebec",CMA,Ontario,909.375,0.28158329246056557,0.12572438400682917,1335445.0,7979,5.380977876288428,8.0,66.7,14412.0,90.25,14.104775127606608,0.90456739139388,2.4531148793098927
"ottawa-gatineau, ontario/quebec",2012,-167,1690,"Ottawa - Gatineau (CMA), Ontario/Quebec",CMA,Ontario,930.25,0.2798199522131922,0.13053168558381967,1351419.0,8115,4.720963668558752,8.0,66.2,14635.0,92.75,14.116665709495235,-0.12357381389487641,1.2505373980978514
"ottawa-gatineau, ontario/quebec",2013,-433,2411,"Ottawa - Gatineau (CMA), Ontario/Quebec",CMA,Ontario,942.875,0.27758790136857703,0.13544071699939858,1363460.0,7388,4.878764320185411,7.6,66.3,14241.0,88.625,14.125536144570503,-0.31757440628988015,1.7682953662006953
"ottawa-gatineau, ontario/quebec",2014,340,3234,"Ottawa - Gatineau (CMA), Ontario/Quebec",CMA,Ontario,949.0,0.2751738938258968,0.14010302772995858,1375552.0,6062,4.085632531521891,7.4,65.9,15137.0,70.75,14.134365663066948,0.2471734983482994,2.3510561578188245
"ottawa-gatineau, ontario/quebec",2015,2889,3956,"Ottawa - Gatineau (CMA), Ontario/Quebec",CMA,Ontario,972.625,0.27285653717585234,0.14409518425690115,1386868.0,9069,4.399120896869781,6.8,65.3,14708.0,48.5,14.142558525337646,2.083111009843763,2.852470458616105
"ottawa-gatineau, ontario/quebec",2016,4160,8534,"Ottawa - Gatineau (CMA), Ontario/Quebec",CMA,Ontario,990.125,0.27073746631187284,0.14810984211864756,1407766.0,7912,3.52260247796864,6.6,65.0,15588.0,36.625,14.15751460870669,2.9550365614739946,6.062087022985354
"ottawa-gatineau, ontario/quebec",2017,4250,5381,"Ottawa - Gatineau (CMA), Ontario/Quebec",CMA,Ontario,1024.375,0.2716975013986267,0.1513926425277151,1437124.0,9573,3.2801623241974944,6.1,65.2,15887.0,27.625,14.178154452222104,2.9572952647092388,3.744283722211862
"ottawa-gatineau, ontario/quebec",2018,4028,5022,"Ottawa - Gatineau (CMA), Ontario/Quebec",CMA,Ontario,1059.5,0.2733182255568748,0.15445394117241892,1466353.0,10935,3.002687620238783,5.7,64.9,17095.0,0.0,14.198288923711928,2.7469511093167878,3.424823354267356
"ottawa-gatineau, ontario/quebec",2019,4601,6165,"Ottawa - Gatineau (CMA), Ontario/Quebec",CMA,Ontario,1145.125,0.27531966720804707,0.15760182951394017,1496791.0,9356,2.67772855395309,5.5,65.2,18274.0,52.75,14.218834041096574,3.073909450283974,4.1188115107586825
"ottawa-gatineau, ontario/quebec",2020,1804,3095,"Ottawa - Gatineau (CMA), Ontario/Quebec",CMA,Ontario,1227.0,0.27782375306070795,0.16084077499026214,1524974.0,8721,2.6184052974017917,9.8,63.7,19757.0,66.0,14.237487918697981,1.1829709883578343,2.0295427987624706
"ottawa-gatineau, ontario/quebec",2021,1931,4592,"Ottawa - Gatineau (CMA), Ontario/Quebec",CMA,Ontario,1266.75,0.2795252996091772,0.1655231961774673,1540340.0,18039,2.4208940883181636,8.1,65.2,21792.0,16.0,14.247513729242446,1.2536193307970969,2.981160003635561
"ottawa-gatineau, ontario/quebec",2022,2212,5655,"Ottawa - Gatineau (CMA), Ontario/Quebec",CMA,Ontario,1370.5,0.282679469872822,0.16936459436755807,1568982.0,18906,1.5417640227867497,5.6,65.4,24269.0,80.25,14.265937559374027,1.4098313428707276,3.604247849879731
"ottawa-gatineau, ontario/quebec",2023,1712,5364,"Ottawa - Gatineau (CMA), Ontario/Quebec",CMA,Ontario,1418.75,0.28762926938342,0.17164738107216726,1610010.0,22648,2.055887851628251,5.6,65.6,25705.0,0.0,14.29175094812148,1.0633474326246422,3.3316563251159934
"ottawa-gatineau, ontario/quebec",2024,3531,4660,"Ottawa - Gatineau (CMA), Ontario/Quebec",CMA,Ontario,1532.0,0.2933333172880793,0.1731708109552181,1661966.0,26381,2.093303954473196,7.0,65.3,,38.0,14.323511796907892,2.1245921998404302,2.803908142525178
"peterborough, ontario",2001,8,975,"Peterborough (CMA), Ontario",CMA,Ontario,628.75,0.26312639850132696,0.17107248790133736,115302.0,196,-1.4050059842847478,6.3,67.3,11733.0,-42.75,11.655310052160482,0.06938301156961718,8.456054535047095
"peterborough, ontario",2002,19,716,"Peterborough (CMA), Ontario",CMA,Ontario,638.0,0.25836225735955776,0.17176158032309208,116685.0,179,-2.151090542914685,7.1,67.8,11392.0,-60.625,11.667233275308984,0.16283155504135063,6.136178600505635
"peterborough, ontario",2003,-10,592,"Peterborough (CMA), Ontario",CMA,Ontario,652.25,0.25320151058683754,0.17221538592099123,117835.0,184,-1.722747910213434,6.9,68.5,11983.0,-59.875,11.677040619822195,-0.0848644290745534,5.023974201213561
"peterborough, ontario",2004,-125,768,"Peterborough (CMA), Ontario",CMA,Ontario,707.75,0.24887395920154237,0.1729514476464695,118779.0,212,-1.5070003956928415,6.8,68.4,12956.0,-10.875,11.685019902608667,-1.0523745779977942,6.465789407218447
"peterborough, ontario",2005,-218,445,"Peterborough (CMA), Ontario",CMA,Ontario,726.125,0.2447806278266384,0.17330318252365615,119842.0,158,-0.44224896113215734,6.6,68.0,13664.0,-14.875,11.693929487530346,-1.819061764656798,3.7132224095058493
"peterborough, ontario",2006,-349,487,"Peterborough (CMA), Ontario",CMA,Ontario,743.625,0.2395034290595172,0.1754335044407772,120587.0,184,-1.1609875027988092,6.4,67.7,13825.0,0.0,11.700126763103468,-2.8941759891198884,4.038577956164429
"peterborough, ontario",2007,-265,722,"Peterborough (CMA), Ontario",CMA,Ontario,759.25,0.23662476367375368,0.17791634880095525,120596.0,176,-0.23218017181332715,6.4,67.7,14059.0,2.25,11.700201395229314,-2.1974194832332747,5.986931573186507
"peterborough, ontario",2008,-298,516,"Peterborough (CMA), Ontario",CMA,Ontario,784.375,0.23323306779492942,0.18027964168842758,121012.0,183,-1.123855485406406,6.6,67.6,14194.0,6.5,11.703644993215226,-2.4625656959640367,4.264039929924305
"peterborough, ontario",2009,-72,861,"Peterborough (CMA), Ontario",CMA,Ontario,801.625,0.23120766562035355,0.18380968114984306,121060.0,165,-0.5038823723773336,9.2,67.1,13807.0,13.0,11.704041569445678,-0.5947464067404593,7.112175780604659
"peterborough, ontario",2010,-171,383,"Peterborough (CMA), Ontario",CMA,Ontario,812.375,0.22794051300560253,0.18662280881641224,121909.0,133,-0.6644300256748887,8.8,67.0,13919.0,10.75,11.711030143753012,-1.4026856097580982,3.1416876522652144
"peterborough, ontario",2011,-184,633,"Peterborough (CMA), Ontario",CMA,Ontario,835.875,0.22666906840028167,0.1903401182307957,122134.0,130,-0.14737910819264088,8.0,66.7,14412.0,16.75,11.71287408161439,-1.5065419948581067,5.182831971441204
"peterborough, ontario",2012,-321,714,"Peterborough (CMA), Ontario",CMA,Ontario,837.5,0.227785302805294,0.19637873916804022,122554.0,144,0.652773471286127,8.0,66.2,14635.0,0.0,11.716307028162475,-2.6192535535355845,5.8260032312286825
"peterborough, ontario",2013,-361,306,"Peterborough (CMA), Ontario",CMA,Ontario,846.125,0.22972160374445402,0.20280021452601127,123062.0,158,-0.5931969251271716,7.6,66.3,14241.0,-8.125,11.720443572397098,-2.933480684533,2.486551494368692
"peterborough, ontario",2014,-309,823,"Peterborough (CMA), Ontario",CMA,Ontario,873.625,0.23144630553092485,0.20748899753512248,122927.0,114,-0.8541654803257217,7.4,65.9,15137.0,-4.625,11.719345962231168,-2.5136869849585524,6.695030383886372
"peterborough, ontario",2015,-87,1570,"Peterborough (CMA), Ontario",CMA,Ontario,894.125,0.23158184675707644,0.21230901343184433,123438.0,209,-0.866831931820023,6.8,65.3,14708.0,-30.0,11.723494284702285,-0.7048072716667477,12.718935822032114
"peterborough, ontario",2016,-37,1871,"Peterborough (CMA), Ontario",CMA,Ontario,913.0,0.23109059102636814,0.21669635511107205,125189.0,252,-1.917101342769732,6.6,65.0,15588.0,-40.5,11.73757987436335,-0.2955531236770004,14.94540255134237
"peterborough, ontario",2017,-123,1443,"Peterborough (CMA), Ontario",CMA,Ontario,927.5,0.23569978762254806,0.22055124095828468,127603.0,205,-2.3588787097482036,6.1,65.2,15887.0,-69.25,11.756679160588234,-0.9639271803954452,11.308511555370956
"peterborough, ontario",2018,-61,1146,"Peterborough (CMA), Ontario",CMA,Ontario,1002.25,0.2382657394018683,0.2215413099527952,130707.0,195,-2.6241899821738697,5.7,64.9,17095.0,-57.25,11.780713455944024,-0.4666926790454987,8.767701806330189
"peterborough, ontario",2019,-202,1006,"Peterborough (CMA), Ontario",CMA,Ontario,1037.125,0.24238607566123918,0.22661952381674988,131798.0,191,-2.458307409824125,5.5,65.2,18274.0,-55.25,11.789025726428582,-1.532648446865658,7.632892760132931
"peterborough, ontario",2020,-212,1750,"Peterborough (CMA), Ontario",CMA,Ontario,1096.5,0.24371382054992763,0.2324831162566329,132672.0,199,-2.434575494452484,9.8,63.7,19757.0,-64.5,11.795635195795452,-1.5979257115291847,13.190424505547517
"peterborough, ontario",2021,-455,2332,"Peterborough (CMA), Ontario",CMA,Ontario,1137.0,0.24596553968622112,0.23883556160734995,133661.0,681,-3.269465289052154,8.1,65.2,21792.0,-113.75,11.803062022706982,-3.4041343398597945,17.447123693523167
"peterborough, ontario",2022,-576,1469,"Peterborough (CMA), Ontario",CMA,Ontario,1203.375,0.2511272599921201,0.2400224722380306,137058.0,546,-4.74251776620117,5.6,65.4,24269.0,-86.875,11.828159472883925,-4.202600358972114,10.718090151614646
"peterborough, ontario",2023,-379,1042,"Peterborough (CMA), Ontario",CMA,Ontario,1257.875,0.25939043318752647,0.2377522223790038,141740.0,572,-4.409482150416255,5.6,65.6,25705.0,-160.875,11.861749672364247,-2.673909976012417,7.351488641173981
"peterborough, ontario",2024,-190,1071,"Peterborough (CMA), Ontario",CMA,Ontario,1342.625,0.27122384444593955,0.23208638901971337,148630.0,585,-4.299266635268788,7.0,65.3,,-151.375,11.909215275142941,-1.2783421920204534,7.205813092915292
"quã©bec, quebec",2001,-402,3099,"QuÃ©bec (CMA), Quebec",CMA,Quebec,505.75,0.3043248447056137,0.12798625431490757,709459.0,1694,1.8267440401770927,8.8,63.6,6415.0,102.6875,13.472257986738425,-0.5666289383882649,4.368117114590131
"quã©bec, quebec",2002,-196,3094,"QuÃ©bec (CMA), Quebec",CMA,Quebec,520.0,0.2996909450251667,0.12930479427128533,714436.0,1086,1.5200801751311526,8.7,65.2,6728.0,108.6875,13.479248699212086,-0.2743422783846279,4.330688823071625
"quã©bec, quebec",2003,-101,2060,"QuÃ©bec (CMA), Quebec",CMA,Quebec,537.375,0.2955774126681599,0.1308857695357605,718810.0,2015,1.5664779287989874,9.1,66.1,6965.0,111.5,13.485352345870451,-0.14051000959919868,2.865847720538112
"quã©bec, quebec",2004,-553,2296,"QuÃ©bec (CMA), Quebec",CMA,Quebec,561.0,0.29199835670782737,0.1331357140782279,722939.0,2247,2.0845465523370574,8.5,65.9,7244.0,122.9375,13.491080126903764,-0.7649331409704,3.175924939725205
"quã©bec, quebec",2005,-805,3973,"QuÃ©bec (CMA), Quebec",CMA,Quebec,578.75,0.2888156249226972,0.1358564050694145,727658.0,1894,2.850240085314805,8.2,65.6,7262.0,126.8125,13.497586436577745,-1.106288943432217,5.459982574231301
"quã©bec, quebec",2006,-953,3090,"QuÃ©bec (CMA), Quebec",CMA,Quebec,598.875,0.2853285880001525,0.1395838665933264,734476.0,1832,3.0851927088155366,8.3,65.4,7904.0,138.1875,13.506912598772908,-1.2975236767436922,4.20708096656664
"quã©bec, quebec",2007,-664,3377,"QuÃ©bec (CMA), Quebec",CMA,Quebec,599.375,0.2819614004315146,0.1435861979909285,743428.0,2152,3.5161441323167812,7.4,65.6,7950.0,126.9375,13.519027200919416,-0.893159794896076,4.542470824343447
"quã©bec, quebec",2008,-301,2619,"QuÃ©bec (CMA), Quebec",CMA,Quebec,608.375,0.27828840330067867,0.1480700478540015,753542.0,2194,3.954656807450679,7.4,65.6,8086.0,114.4375,13.532540035375835,-0.399446878873374,3.4755859660111845
"quã©bec, quebec",2009,-141,1625,"QuÃ©bec (CMA), Quebec",CMA,Quebec,631.25,0.27526928460046896,0.15225528716926143,763783.0,2449,3.870209208636484,8.8,65.3,7844.0,133.875,13.546038996390484,-0.18460740812508267,2.1275676468316265
"quã©bec, quebec",2010,-231,1905,"QuÃ©bec (CMA), Quebec",CMA,Quebec,652.0,0.2727136468590788,0.15696659512694316,773929.0,2447,3.9344694409952337,8.2,65.3,7950.0,144.4375,13.559235417098144,-0.2984769920755005,2.4614661034797765
"quã©bec, quebec",2011,-578,1745,"QuÃ©bec (CMA), Quebec",CMA,Quebec,675.0,0.2716981806301431,0.16218120188675392,783568.0,2711,3.4955485675780533,8.0,65.1,8406.0,156.25,13.571613127056846,-0.7376513589120536,2.226992424397117
"quã©bec, quebec",2012,-722,1344,"QuÃ©bec (CMA), Quebec",CMA,Quebec,685.5,0.2707207372664852,0.16729975896472626,789511.0,2906,3.4489703120032527,7.9,65.1,8294.0,169.5625,13.579169045449676,-0.914490108434208,1.7023195370298831
"quã©bec, quebec",2013,-726,1452,"QuÃ©bec (CMA), Quebec",CMA,Quebec,697.5,0.26993855000138345,0.1720021430781343,795118.0,2898,3.3667958718077062,7.8,65.3,8454.0,171.9375,13.586245810295127,-0.9130720220143426,1.8261440440286851
"quã©bec, quebec",2014,-1063,1413,"QuÃ©bec (CMA), Quebec",CMA,Quebec,713.875,0.2695676289486604,0.1774181660551685,800493.0,2300,3.0068969997239203,7.9,64.8,9081.0,178.5625,13.592983066846006,-1.3279316621132229,1.7651622187826752
"quã©bec, quebec",2015,-1061,1415,"QuÃ©bec (CMA), Quebec",CMA,Quebec,732.625,0.26866071927439333,0.182327926048709,805395.0,3240,3.0481937434426585,7.7,64.9,8770.0,188.5,13.599088119284865,-1.3173660129501674,1.7569018928600253
"quã©bec, quebec",2016,-809,1477,"QuÃ©bec (CMA), Quebec",CMA,Quebec,750.5,0.2684299096737315,0.1878212298761648,811724.0,2842,2.2421414175261543,7.2,64.6,8826.0,195.3125,13.606915659886383,-0.9966441795487136,1.8195839965308405
"quã©bec, quebec",2017,-540,2025,"QuÃ©bec (CMA), Quebec",CMA,Quebec,761.5,0.2700856499866,0.19262497200680892,817163.0,2366,1.3057370438945475,6.1,64.9,9450.0,199.25,13.613593864346504,-0.6608228713243258,2.478085767466222
"quã©bec, quebec",2018,-224,2423,"QuÃ©bec (CMA), Quebec",CMA,Quebec,781.125,0.2721583934558263,0.19697778338435862,824428.0,2370,1.6932952301474475,5.5,65.0,9957.0,209.125,13.622445091516774,-0.2717035326311091,2.939007408773113
"quã©bec, quebec",2019,-208,1850,"QuÃ©bec (CMA), Quebec",CMA,Quebec,803.25,0.2732608533841717,0.20183296797228217,832966.0,2241,1.4574424406278288,5.1,65.1,10098.0,201.25,13.63274810398944,-0.2497100721998257,2.2209790075465263
"quã©bec, quebec",2020,68,762,"QuÃ©bec (CMA), Quebec",CMA,Quebec,838.125,0.2735270039362396,0.2068060771350649,840396.0,2550,0.9626414214251378,8.9,63.9,10717.0,211.75,13.641628488303388,0.08091423566985088,0.9067154055945055
"quã©bec, quebec",2021,278,2506,"QuÃ©bec (CMA), Quebec",CMA,Quebec,877.75,0.2730469924500517,0.21170514244046337,844774.0,5901,1.6442267399328105,6.1,64.3,11732.0,212.1875,13.646824414945376,0.32908209769713553,2.9664738734856892
"quã©bec, quebec",2022,321,2675,"QuÃ©bec (CMA), Quebec",CMA,Quebec,917.5,0.27287375378484474,0.21630016194530235,857697.0,6495,0.2436757969306177,4.3,64.4,12912.0,191.1875,13.662006169245918,0.3742580421757334,3.1188170181311117
"quã©bec, quebec",2023,322,1763,"QuÃ©bec (CMA), Quebec",CMA,Quebec,964.0,0.2750391951621971,0.2189489754407456,875108.0,7188,0.21483062661980007,4.5,65.3,14738.0,153.375,13.682102586294501,0.36795458389135965,2.0146084826101465
"quã©bec, quebec",2024,400,1082,"QuÃ©bec (CMA), Quebec",CMA,Quebec,1080.75,0.2769011871137633,0.22078907689917524,894691.0,8471,0.24589495144133564,5.3,64.9,,186.8125,13.70423368624736,0.4470817298933375,1.209356079361478
"red deer, alberta",2001,748,330,"Red Deer (CMA), Alberta",CMA,Alberta,578.875,0.32974318844703704,0.09502738848972042,70285.0,140,6.516326385430746,4.7,72.3,1588.0,-8.5625,11.160313683765866,10.642384577079035,4.695169666358398
"red deer, alberta",2002,410,493,"Red Deer (CMA), Alberta",CMA,Alberta,591.25,0.32557471264367815,0.09421182266009852,73080.0,95,7.389162561576354,5.3,72.9,1714.0,-23.75,11.199310010491944,5.6102900930487145,6.746031746031746
"red deer, alberta",2003,460,521,"Red Deer (CMA), Alberta",CMA,Alberta,589.625,0.31900350988309184,0.09458211279128072,75786.0,170,6.861425593117462,5.1,73.5,1901.0,-39.10416666666674,11.23566885800203,6.069722640065447,6.874620642334996
"red deer, alberta",2004,1189,705,"Red Deer (CMA), Alberta",CMA,Alberta,594.0,0.31519761865387796,0.09480861457047995,78611.0,157,6.8819885257788345,4.7,73.5,2262.0,-31.75,11.272266917734749,15.125109717469567,8.968210555774638
"red deer, alberta",2005,1476,668,"Red Deer (CMA), Alberta",CMA,Alberta,612.625,0.3129676416286075,0.09458507433679915,82328.0,311,7.518705665144301,4.0,72.7,2422.0,-26.1875,11.318466547515927,17.928286852589643,8.113885919735692
"red deer, alberta",2006,879,639,"Red Deer (CMA), Alberta",CMA,Alberta,675.5,0.3148840860810936,0.09428973861642191,86616.0,319,9.824974600535699,3.6,73.6,2599.0,-29.6875,11.369239834990735,10.14824050983652,7.377389858686616
"red deer, alberta",2007,146,411,"Red Deer (CMA), Alberta",CMA,Alberta,779.75,0.3171178048972168,0.0944190589529701,89071.0,785,9.576629879534304,3.7,74.5,2709.0,-45.875,11.397189083487625,1.6391418082204083,4.614296460127314
"red deer, alberta",2008,88,414,"Red Deer (CMA), Alberta",CMA,Alberta,818.5,0.3190581924505903,0.09518104073691384,90974.0,591,9.288368105172907,3.8,74.8,3019.0,-61.125,11.41832903038917,0.9673093411304329,4.550750763954537
"red deer, alberta",2009,-111,146,"Red Deer (CMA), Alberta",CMA,Alberta,784.625,0.317855753856791,0.09573916425392161,92564.0,497,9.517739077827233,6.8,74.6,2997.0,-72.8125,11.435655576145562,-1.1991703037898103,1.5772870662460567
"red deer, alberta",2010,204,133,"Red Deer (CMA), Alberta",CMA,Alberta,761.75,0.3177437854409416,0.097685686415333,93289.0,640,8.854205747730171,6.6,73.2,2974.0,-86.4375,11.44345748063504,2.1867529933861443,1.4256771966684174
"red deer, alberta",2011,855,713,"Red Deer (CMA), Alberta",CMA,Alberta,750.25,0.31709260931937727,0.1001009510652994,94105.0,1001,8.129217363583232,5.6,73.8,3308.0,-116.9375,11.452166459124664,9.085595876945964,7.576643111418097
"red deer, alberta",2012,1064,267,"Red Deer (CMA), Alberta",CMA,Alberta,788.625,0.32083453712493293,0.10308927318502621,96916.0,888,8.533162738866647,4.7,73.7,3722.0,-98.9375,11.48159990292732,10.978579388336291,2.754963060794915
"red deer, alberta",2013,802,248,"Red Deer (CMA), Alberta",CMA,Alberta,858.25,0.3224957827937987,0.10535986826251105,99592.0,733,7.56084826090449,4.6,73.3,3749.0,-89.6875,11.508837119061623,8.052855651056309,2.4901598521969635
"red deer, alberta",2014,500,3,"Red Deer (CMA), Alberta",CMA,Alberta,897.75,0.3233527636610276,0.10776459486292281,101731.0,812,7.785237538213524,4.8,72.8,3775.0,-107.25,11.530087353681484,4.914922688266114,0.029489536129596684
"red deer, alberta",2015,-588,40,"Red Deer (CMA), Alberta",CMA,Alberta,950.25,0.3231452506365527,0.11189721860483197,102898.0,1364,6.8320083966646585,6.1,73.3,3533.0,-94.1875,11.541493485287285,-5.714396781278548,0.388734474916908
"red deer, alberta",2016,-512,-836,"Red Deer (CMA), Alberta",CMA,Alberta,919.5,0.3190408944945255,0.11628041939103184,103388.0,927,6.325685766239796,8.2,72.3,3257.0,-94.5,11.546244180163054,-4.952218826169382,-8.086044802104693
"red deer, alberta",2017,76,-163,"Red Deer (CMA), Alberta",CMA,Alberta,916.125,0.3160256846154593,0.12104020749749857,102941.0,732,5.304009092587015,8.0,72.1,3310.0,-88.125,11.541911287556298,0.7382869799205369,-1.5834312858822044
"red deer, alberta",2018,-52,-258,"Red Deer (CMA), Alberta",CMA,Alberta,931.25,0.31296032082674585,0.1256603555315621,103732.0,590,5.11896039794856,6.5,71.8,3651.0,-93.75,11.54956592906522,-0.5012917903829098,-2.487178498438283
"red deer, alberta",2019,-130,-289,"Red Deer (CMA), Alberta",CMA,Alberta,944.125,0.3088434069884485,0.1319944399175574,104315.0,530,3.4031539088338207,6.9,71.8,3835.0,-98.375,11.555170446563974,-1.2462253750659062,-2.7704548722618987
"red deer, alberta",2020,-249,-159,"Red Deer (CMA), Alberta",CMA,Alberta,948.0,0.30409563827445274,0.1389492424169913,104477.0,331,2.431157096777281,11.4,68.9,3715.0,-118.125,11.556722230468612,-2.383299673612374,-1.521866056644046
"red deer, alberta",2021,153,-104,"Red Deer (CMA), Alberta",CMA,Alberta,942.25,0.2998783862720126,0.14662593723965564,104429.0,614,1.580020875427324,8.6,69.7,4288.0,-131.875,11.556262693635349,1.4651102663053366,-0.9958919457238891
"red deer, alberta",2022,958,9,"Red Deer (CMA), Alberta",CMA,Alberta,1008.25,0.2956470710722838,0.153606617890642,105653.0,508,0.7855905653412587,5.8,69.6,4792.0,-122.9375,11.567915418287056,9.067418814420792,0.0851845191333895
"red deer, alberta",2023,958,85,"Red Deer (CMA), Alberta",CMA,Alberta,1108.625,0.29723504418606783,0.15949197492910958,108971.0,683,1.284745482743115,5.9,69.5,5148.0,-119.125,11.598837070766487,8.791329803342173,0.7800240430940343
"red deer, alberta",2024,674,-33,"Red Deer (CMA), Alberta",CMA,Alberta,1243.875,0.2985773599270532,0.16334245168600997,112959.0,781,1.460706982179375,7.0,69.2,,-205.35416666666652,11.634780199996666,5.966766702963022,-0.29214139643587494
"regina, saskatchewan",2001,-2113,574,"Regina (CMA), Saskatchewan",CMA,Saskatchewan,512.0,0.2995535894231932,0.12331210447821356,198472.0,487,3.7738320770688056,5.8,65.6,396.0,8.0,12.198403311225267,-10.646338022491838,2.8920956104639446
"regina, saskatchewan",2002,-1095,875,"Regina (CMA), Saskatchewan",CMA,Saskatchewan,524.25,0.2957245134617324,0.12472017747302612,198340.0,453,3.554502369668246,5.7,66.9,435.0,8.25,12.197738008740115,-5.520822829484723,4.411616416254916
"regina, saskatchewan",2003,-993,604,"Regina (CMA), Saskatchewan",CMA,Saskatchewan,532.375,0.292984972814638,0.12518307485504485,199372.0,566,2.999418173063419,5.6,67.8,398.0,8.4375,12.202927705386095,-4.980639207110326,3.029512669783119
"regina, saskatchewan",2004,-1901,554,"Regina (CMA), Saskatchewan",CMA,Saskatchewan,544.625,0.2900479137552406,0.12542922739069676,200360.0,632,3.3240167698143344,5.3,67.8,424.0,14.75,12.207871027471553,-9.48792174086644,2.765022958674386
"regina, saskatchewan",2005,-1459,752,"Regina (CMA), Saskatchewan",CMA,Saskatchewan,547.125,0.28751283917869147,0.12638737921199852,200558.0,637,3.9340240728367855,5.1,67.9,454.0,13.875,12.208858760704272,-7.274703577020113,3.74953878678487
"regina, saskatchewan",2006,24,954,"Regina (CMA), Saskatchewan",CMA,Saskatchewan,560.375,0.28487540951057283,0.12746450908368906,201460.0,837,3.8369899731956716,4.7,68.8,473.0,11.4375,12.213346129496673,0.11913034845626923,4.735431351136702
"regina, saskatchewan",2007,321,488,"Regina (CMA), Saskatchewan",CMA,Saskatchewan,600.375,0.28224903228341813,0.12806771068712788,203572.0,1219,4.769811172459867,4.4,69.7,503.0,-4.625,12.223775029643178,1.576837679052129,2.397186253512271
"regina, saskatchewan",2008,513,816,"Regina (CMA), Saskatchewan",CMA,Saskatchewan,693.875,0.281049644565828,0.12800956863656615,206508.0,1728,5.123288201909854,4.2,70.1,542.0,-16.5,12.238094431552911,2.484165262362717,3.9514207682026843
"regina, saskatchewan",2009,236,327,"Regina (CMA), Saskatchewan",CMA,Saskatchewan,756.375,0.28128897044528844,0.1271473752590127,210897.0,2327,5.443415506147551,5.1,70.6,586.0,-15.25,12.259125141614627,1.1190296685111691,1.5505199220472554
"regina, saskatchewan",2010,-61,628,"Regina (CMA), Saskatchewan",CMA,Saskatchewan,808.5,0.2820156005659394,0.12681510164569215,214864.0,2586,5.589582247375084,5.3,70.6,593.0,-7.625,12.277760548820957,-0.28390051381338893,2.922779060242758
"regina, saskatchewan",2011,366,305,"Regina (CMA), Saskatchewan",CMA,Saskatchewan,852.375,0.2848227624299296,0.12696505502839364,218887.0,4054,5.875177603055458,5.0,70.0,577.0,-10.9375,12.296310893899093,1.6720956475258926,1.3934130396049103
"regina, saskatchewan",2012,-88,283,"Regina (CMA), Saskatchewan",CMA,Saskatchewan,911.125,0.291725491240688,0.12729637818207648,225246.0,3475,5.798105182777941,4.9,70.1,620.0,9.625,12.324948417266294,-0.3906839633112241,1.2564041092849596
"regina, saskatchewan",2013,-662,694,"Regina (CMA), Saskatchewan",CMA,Saskatchewan,947.625,0.29664150028571923,0.12745675249787874,230996.0,3966,5.948154946405999,4.2,70.4,708.0,11.1875,12.35015567333669,-2.865850490917592,3.0043810282429133
"regina, saskatchewan",2014,-1312,629,"Regina (CMA), Saskatchewan",CMA,Saskatchewan,995.125,0.3003018535162543,0.12818599603181333,235876.0,3621,6.104902575929725,3.9,69.8,670.0,13.5,12.371061522195516,-5.562244569180417,2.666655361291526
"regina, saskatchewan",2015,-1282,467,"Regina (CMA), Saskatchewan",CMA,Saskatchewan,1004.625,0.30330561650851284,0.12923091015834814,240167.0,4656,6.570428077129664,5.2,69.9,762.0,21.875,12.389089793677693,-5.3379523414957095,1.944480299125192
"regina, saskatchewan",2016,-1852,1256,"Regina (CMA), Saskatchewan",CMA,Saskatchewan,1022.375,0.3056401475774068,0.13028394382274405,245295.0,4798,6.151776432458877,6.5,69.7,701.0,16.3125,12.4102168468346,-7.55009274546974,5.12036527446544
"regina, saskatchewan",2017,-2718,946,"Regina (CMA), Saskatchewan",CMA,Saskatchewan,1021.0,0.30883389113968646,0.1325003603055391,249788.0,5434,5.708841097250469,6.4,69.2,666.0,30.75,12.428367837088988,-10.881227280734063,3.7872115553989785
"regina, saskatchewan",2018,-3250,1023,"Regina (CMA), Saskatchewan",CMA,Saskatchewan,1026.75,0.3095190194987831,0.13515421908221995,253503.0,4888,5.132089166597633,6.1,68.8,745.0,19.3125,12.443130936262877,-12.820361100263113,4.035455201713589
"regina, saskatchewan",2019,-3811,815,"Regina (CMA), Saskatchewan",CMA,Saskatchewan,1018.125,0.30792609275032534,0.13893066714462723,256646.0,4365,4.6718047427195435,5.5,69.0,796.0,-0.9375,12.45545298243937,-14.849247601754946,3.1755803714065287
"regina, saskatchewan",2020,-2597,624,"Regina (CMA), Saskatchewan",CMA,Saskatchewan,1055.75,0.3039969254419677,0.14465174419056048,257598.0,2378,3.225956723266485,8.3,67.3,807.0,8.0,12.45915550920704,-10.081600012422458,2.42237905573801
"regina, saskatchewan",2021,-3893,253,"Regina (CMA), Saskatchewan",CMA,Saskatchewan,1045.125,0.30039476547200894,0.14987100183394983,257368.0,5681,2.432314817692953,6.5,67.5,782.0,-6.125,12.458262246291456,-15.12620061546113,0.9830281930931584
"regina, saskatchewan",2022,-3193,387,"Regina (CMA), Saskatchewan",CMA,Saskatchewan,1075.125,0.2994794563637131,0.1539842494313147,260689.0,9586,2.3744768670714915,4.6,67.7,895.0,-17.6875,12.47108340493857,-12.248311206073137,1.4845275404792684
"regina, saskatchewan",2023,-1848,298,"Regina (CMA), Saskatchewan",CMA,Saskatchewan,1171.625,0.30354620884455824,0.15420601994880395,271896.0,8732,2.0191543825580367,4.7,67.2,905.0,-10.1875,12.513174919221434,-6.79671639156148,1.0960072969076413
"regina, saskatchewan",2024,-1689,265,"Regina (CMA), Saskatchewan",CMA,Saskatchewan,1308.875,0.3074947638744172,0.15362810001438398,285039.0,6447,1.8909693059546238,5.4,67.4,,-6.625,12.560381291994023,-5.925504930904192,0.9296973396622918
"saguenay, quebec",2001,27,-1748,"Saguenay (CMA), Quebec",CMA,Quebec,394.375,0.28869507819996454,0.1263178481716671,163619.0,116,0.9778815418747212,8.8,63.6,6415.0,-8.6875,12.005295833326729,0.1650175101913592,-10.683355844981328
"saguenay, quebec",2002,69,-1444,"Saguenay (CMA), Quebec",CMA,Quebec,397.25,0.2808177361166785,0.12967839412907403,162155.0,167,0.4871881841447997,8.7,65.2,6728.0,-14.0625,11.996307946906063,0.42551879374672386,-8.905059973482162
"saguenay, quebec",2003,1,-1224,"Saguenay (CMA), Quebec",CMA,Quebec,408.5,0.27262227079659207,0.13310688293300876,161036.0,210,1.1736506122854518,9.1,66.1,6965.0,-17.375,11.989383221455762,0.006209791599393924,-7.600784917658163
"saguenay, quebec",2004,-94,-1264,"Saguenay (CMA), Quebec",CMA,Quebec,411.25,0.2648175437720109,0.13748532607338212,160148.0,229,0.6431550815495667,8.5,65.9,7244.0,-26.8125,11.983853666667098,-0.5869570647151384,-7.892699253190798
"saguenay, quebec",2005,-115,-778,"Saguenay (CMA), Quebec",CMA,Quebec,415.875,0.2589832212656319,0.1419656884308427,159130.0,100,1.6150317350593855,8.2,65.6,7262.0,-36.0625,11.97747675720423,-0.7226795701627601,-4.889084396405455
"saguenay, quebec",2006,-178,-248,"Saguenay (CMA), Quebec",CMA,Quebec,428.75,0.25329165064698506,0.14647136311208314,158659.0,146,1.2731707624528077,8.3,65.4,7904.0,-31.9375,11.9745125240503,-1.121902949092078,-1.5631007380608726
"saguenay, quebec",2007,-112,88,"Saguenay (CMA), Quebec",CMA,Quebec,438.375,0.24887681867158998,0.15049684627065993,158701.0,167,2.0982854550380905,7.4,65.6,7950.0,-34.0625,11.974777207691876,-0.7057296425353338,0.554501861992048
"saguenay, quebec",2008,-47,-293,"Saguenay (CMA), Quebec",CMA,Quebec,458.75,0.24469834892334735,0.15526398392868354,159290.0,102,1.5443530667336305,7.4,65.6,8086.0,-35.1875,11.978481719288684,-0.2950593257580514,-1.8394123924916819
"saguenay, quebec",2009,-11,158,"Saguenay (CMA), Quebec",CMA,Quebec,463.75,0.24103628112228268,0.16038161622746533,159532.0,100,1.579620389639696,8.8,65.3,7844.0,-33.625,11.979999808043386,-0.06895168367474863,0.9903969109645713
"saguenay, quebec",2010,-20,100,"Saguenay (CMA), Quebec",CMA,Quebec,479.25,0.2386224629902389,0.16615073520233667,160228.0,97,2.3279326959083306,8.2,65.3,7950.0,-28.3125,11.984353079866981,-0.12482212846693462,0.6241106423346731
"saguenay, quebec",2011,-23,554,"Saguenay (CMA), Quebec",CMA,Quebec,500.25,0.2378649527278604,0.17216879976628108,160877.0,90,1.6285733821490953,8.0,65.1,8406.0,-18.5,11.988395376833584,-0.14296636560850834,3.4436246324832016
"saguenay, quebec",2012,-32,-63,"Saguenay (CMA), Quebec",CMA,Quebec,490.75,0.23845725941034673,0.17769330613758577,161790.0,146,1.2732554546016441,7.9,65.1,8294.0,-25.1875,11.994054476999382,-0.19778725508375053,-0.3893936584461339
"saguenay, quebec",2013,-124,-186,"Saguenay (CMA), Quebec",CMA,Quebec,509.625,0.24001579457184988,0.18284684818084784,162081.0,149,0.5367686527106817,7.8,65.3,8454.0,-15.9375,11.995851489256172,-0.7650495739784429,-1.1475743609676643
"saguenay, quebec",2014,-36,-302,"Saguenay (CMA), Quebec",CMA,Quebec,515.625,0.24137888474735258,0.1890906173631853,162044.0,85,0.6109451753844635,7.9,64.8,9081.0,-19.6875,11.99562318227485,-0.22216188195798672,-1.8636913430919997
"saguenay, quebec",2015,-97,-624,"Saguenay (CMA), Quebec",CMA,Quebec,520.5,0.2418084883189969,0.19496723395327598,162058.0,112,1.5673400881166002,7.7,64.9,8770.0,-23.625,11.995709574830332,-0.5985511360130323,-3.8504732873415692
"saguenay, quebec",2016,-15,-339,"Saguenay (CMA), Quebec",CMA,Quebec,521.75,0.24160742496050552,0.20225488744075829,162048.0,125,0.41345774091627174,7.2,64.6,8826.0,-33.4375,11.995647866623738,-0.09256516587677724,-2.0919727488151656
"saguenay, quebec",2017,-50,-276,"Saguenay (CMA), Quebec",CMA,Quebec,535.375,0.2434496737195966,0.2095980818667194,161824.0,68,-0.01235910618944038,6.1,64.9,9450.0,-26.875,11.99426460387971,-0.30897765473600947,-1.7055566541427725
"saguenay, quebec",2018,-50,36,"Saguenay (CMA), Quebec",CMA,Quebec,546.75,0.24482807642146773,0.21616693553870212,161787.0,45,-0.414124744262518,5.5,65.0,9957.0,-25.25,11.994035934272302,-0.3090483166138194,0.22251478796194996
"saguenay, quebec",2019,-29,238,"Saguenay (CMA), Quebec",CMA,Quebec,576.625,0.24642049736247174,0.22383781980802253,161894.0,71,-0.3582591078112839,5.1,65.1,10098.0,-25.375,11.994697079065464,-0.17912955390564195,1.4700977182600963
"saguenay, quebec",2020,89,904,"Saguenay (CMA), Quebec",CMA,Quebec,591.75,0.24574051822411191,0.23140770866068952,162285.0,112,-0.622361894198478,8.9,63.9,10717.0,-34.625,11.997109327789783,0.5484179067689559,5.570447053024001
"saguenay, quebec",2021,119,682,"Saguenay (CMA), Quebec",CMA,Quebec,641.625,0.2460523722717643,0.23913016701975662,162376.0,296,-0.7759767453318225,6.1,64.3,11732.0,-23.9375,11.997669912537463,0.7328669261467211,4.200128097748436
"saguenay, quebec",2022,147,508,"Saguenay (CMA), Quebec",CMA,Quebec,650.125,0.24413677211952947,0.24479433038649814,164244.0,293,-1.8326392440515331,4.3,64.4,12912.0,-76.1875,12.009108405999267,0.8950098633740046,3.092959255741458
"saguenay, quebec",2023,106,395,"Saguenay (CMA), Quebec",CMA,Quebec,694.5,0.24448687236201422,0.2503707439495188,166557.0,282,-2.2995130796063807,4.5,65.3,14738.0,-116.125,12.023092872159209,0.6364187635464135,2.3715604868003144
"saguenay, quebec",2024,56,79,"Saguenay (CMA), Quebec",CMA,Quebec,776.625,0.2461254852375522,0.25459830898036595,169247.0,393,-2.4579460788078964,5.3,64.9,,-117.3125,12.039114465358933,0.3308773567626014,0.46677341400438416
"saint john, new brunswick",2001,-164,-193,"Saint John (CMA), New Brunswick",CMA,New Brunswick,437.75,0.30295469880274284,0.12879536788589183,127458.0,133,1.6476015628677683,11.1,61.9,162.0,-55.75,11.75554217754794,-1.2866983633824476,-1.5142242934927583
"saint john, new brunswick",2002,-49,-211,"Saint John (CMA), New Brunswick",CMA,New Brunswick,455.25,0.2980491755584736,0.1293315615244895,127177.0,201,1.4389394308719345,10.1,63.3,211.0,-66.125,11.753335095928621,-0.3852897929657092,-1.6591050268523397
"saint john, new brunswick",2003,-68,-70,"Saint John (CMA), New Brunswick",CMA,New Brunswick,460.125,0.29193094005256615,0.13065204047907583,127078.0,184,0.7869182706684085,10.2,63.1,216.0,-55.0,11.752556350141885,-0.5351044240545177,-0.5508427894678859
"saint john, new brunswick",2004,-414,-181,"Saint John (CMA), New Brunswick",CMA,New Brunswick,468.5,0.2878822482457729,0.13189582529394625,126979.0,183,0.9607887918474708,9.8,63.8,227.0,-91.625,11.751776997437485,-3.2603816379086306,-1.4254325518392805
"saint john, new brunswick",2005,-782,-54,"Saint John (CMA), New Brunswick",CMA,New Brunswick,481.125,0.28183442148695004,0.13336073478034052,126514.0,511,1.9839701535007983,9.7,63.2,259.0,-65.25,11.748108252962783,-6.181134103735555,-0.4268302322272634
"saint john, new brunswick",2006,-456,64,"Saint John (CMA), New Brunswick",CMA,New Brunswick,502.75,0.27633830940382237,0.1363427466641311,126204.0,532,2.3612563785616936,9.2,63.5,273.0,-67.5,11.74565492430803,-3.6131976799467527,0.5071154638521759
"saint john, new brunswick",2007,-93,124,"Saint John (CMA), New Brunswick",CMA,New Brunswick,531.875,0.2707483529922285,0.13848278038581405,126745.0,559,2.2328296974239614,7.7,63.8,324.0,-43.125,11.749932472943591,-0.7337567556905599,0.9783423409207463
"saint john, new brunswick",2008,-86,78,"Saint John (CMA), New Brunswick",CMA,New Brunswick,558.75,0.266245522733151,0.14044314165014227,127589.0,606,2.7431831897734127,8.7,65.0,320.0,-31.5,11.756569439280247,-0.6740392980586101,0.6113379680066463
"saint john, new brunswick",2009,-95,53,"Saint John (CMA), New Brunswick",CMA,New Brunswick,582.0,0.2622218423669816,0.1432045624067628,128704.0,612,1.9890601690701142,9.0,64.7,335.0,-30.0,11.765270473132324,-0.7381277971158627,0.4117976131277971
"saint john, new brunswick",2010,-363,40,"Saint John (CMA), New Brunswick",CMA,New Brunswick,593.75,0.25822651801373725,0.14519157221333703,129429.0,585,1.831119764504091,9.4,64.2,290.0,-34.375,11.770887747222599,-2.8046264747467724,0.3090497492833909
"saint john, new brunswick",2011,-864,-148,"Saint John (CMA), New Brunswick",CMA,New Brunswick,618.625,0.25597098815811764,0.14865489151357428,129878.0,535,1.3705169466730316,9.6,63.5,296.0,-26.25,11.77435082726853,-6.6523968647499965,-1.1395309444247679
"saint john, new brunswick",2012,-1049,-93,"Saint John (CMA), New Brunswick",CMA,New Brunswick,625.75,0.25427205428747685,0.1546730413325108,129680.0,416,1.2492288710672423,10.5,63.5,283.0,-57.625,11.772825156409558,-8.089142504626773,-0.717149907464528
"saint john, new brunswick",2013,-1004,-208,"Saint John (CMA), New Brunswick",CMA,New Brunswick,631.875,0.2512293907642745,0.16154388247411502,129129.0,491,1.3629781071641536,10.4,63.7,289.0,-69.75,11.768567183676893,-7.7751705658682395,-1.610792308466727
"saint john, new brunswick",2014,-699,-87,"Saint John (CMA), New Brunswick",CMA,New Brunswick,643.0,0.24797149591965334,0.1680215958862015,128543.0,619,-0.14003096240168658,10.1,63.4,302.0,-70.75,11.764018757691357,-5.437869039932163,-0.6768163182748185
"saint john, new brunswick",2015,-476,-202,"Saint John (CMA), New Brunswick",CMA,New Brunswick,650.375,0.24577742822212012,0.17327145159908736,128417.0,1184,0.7164160508343911,10.1,62.8,309.0,-55.0,11.76303806022795,-3.7066743499692407,-1.5730004594407283
"saint john, new brunswick",2016,-164,150,"Saint John (CMA), New Brunswick",CMA,New Brunswick,652.125,0.24428960075647774,0.17789627884265108,129019.0,802,-0.883590788953565,9.7,62.8,362.0,-100.25,11.767714959319875,-1.271130608670041,1.1626194591494277
"saint john, new brunswick",2017,-12,-25,"Saint John (CMA), New Brunswick",CMA,New Brunswick,672.375,0.2431242190994771,0.18236437396844005,129658.0,784,-0.5630196362738898,8.3,61.9,327.0,-75.125,11.77265549365244,-0.09255117308611888,-0.1928149439294143
"saint john, new brunswick",2018,59,-37,"Saint John (CMA), New Brunswick",CMA,New Brunswick,684.875,0.24317652109911678,0.18646497791952896,130432.0,892,-1.272693817468106,8.1,61.5,364.0,-81.25,11.778607297142342,0.4523429833169774,-0.28367271835132485
"saint john, new brunswick",2019,1,-42,"Saint John (CMA), New Brunswick",CMA,New Brunswick,713.125,0.2446611698604481,0.1914061013026365,131349.0,892,-1.271421936977061,8.2,61.4,373.0,-84.875,11.785613181837656,0.007613305011838689,-0.31975881049722493
"saint john, new brunswick",2020,638,-90,"Saint John (CMA), New Brunswick",CMA,New Brunswick,736.75,0.24437705141197646,0.19663303737540272,132226.0,370,-1.2251750790313554,10.4,60.6,343.0,-127.125,11.79226785877191,4.825072224827189,-0.6806528216840864
"saint john, new brunswick",2021,1019,-178,"Saint John (CMA), New Brunswick",CMA,New Brunswick,799.75,0.24577136848430223,0.2017425266636623,133140.0,1200,-2.8391167192429023,9.3,61.4,397.0,-120.625,11.799156485154695,7.653597716689199,-1.3369385609133242
"saint john, new brunswick",2022,941,-75,"Saint John (CMA), New Brunswick",CMA,New Brunswick,883.625,0.24762446195078372,0.20495706681039255,135443.0,1736,-2.931122317137098,7.2,60.5,474.0,-116.625,11.816306166591241,6.947572041375339,-0.5537384730107868
"saint john, new brunswick",2023,844,-85,"Saint John (CMA), New Brunswick",CMA,New Brunswick,963.125,0.2531219842424417,0.2074769182018523,138854.0,2386,-2.2469644374666915,6.6,60.4,430.0,-126.75,11.84117830038626,6.078326875711178,-0.6121537730277846
"saint john, new brunswick",2024,82,-99,"Saint John (CMA), New Brunswick",CMA,New Brunswick,1046.5,0.258395437528428,0.2081592666456737,142905.0,1935,-2.0293201777404573,7.0,60.6,,-180.375,11.869935352808989,0.5738077743955775,-0.6927679227458801
"saskatoon, saskatchewan",2001,-2215,1300,"Saskatoon (CMA), Saskatchewan",CMA,Saskatchewan,496.0,0.30419457173070147,0.1163544451799823,232634.0,864,4.5264234806606085,5.8,65.6,396.0,-8.0,12.357221682073105,-9.521394121237652,5.588177136618035
"saskatoon, saskatchewan",2002,-1561,719,"Saskatoon (CMA), Saskatchewan",CMA,Saskatchewan,507.75,0.30006314154799185,0.11639803066631399,234394.0,629,4.419908359428995,5.7,66.9,435.0,-8.25,12.364758739087755,-6.659726784815311,3.067484662576687
"saskatoon, saskatchewan",2003,-1199,912,"Saskatoon (CMA), Saskatchewan",CMA,Saskatchewan,515.5,0.29651005118817586,0.11716498864368284,235992.0,827,4.322180412895353,5.6,67.8,398.0,-8.4375,12.371553185128102,-5.080680701040713,3.864537780941727
"saskatoon, saskatchewan",2004,-2586,1233,"Saskatoon (CMA), Saskatchewan",CMA,Saskatchewan,515.125,0.29310547383084246,0.1175451257479,238334.0,977,4.481106346555674,5.3,67.8,424.0,-14.75,12.38142833020692,-10.850319299806154,5.17341210234377
"saskatoon, saskatchewan",2005,-1532,1236,"Saskatoon (CMA), Saskatchewan",CMA,Saskatchewan,519.375,0.28926519277118484,0.11866915744439534,239818.0,828,4.995454886622356,5.1,67.9,454.0,-13.875,12.387635581310626,-6.38817770142358,5.153908380521895
"saskatoon, saskatchewan",2006,537,1062,"Saskatoon (CMA), Saskatchewan",CMA,Saskatchewan,537.5,0.28592793343634065,0.12051443066423195,242054.0,1389,5.436803357928396,4.7,68.8,473.0,-11.4375,12.396916120742553,2.2185132243218453,4.387450734133705
"saskatoon, saskatchewan",2007,1000,954,"Saskatoon (CMA), Saskatchewan",CMA,Saskatchewan,609.625,0.28544206852559856,0.12030374562725747,246127.0,1998,6.0619111271823085,4.4,69.7,503.0,4.625,12.413602941860672,4.06294311473345,3.8760477314557122
"saskatoon, saskatchewan",2008,900,1063,"Saskatoon (CMA), Saskatchewan",CMA,Saskatchewan,726.875,0.28450277517136086,0.11961465672163997,251516.0,2269,6.580098284005789,4.2,70.1,542.0,16.5,12.435261884788632,3.578301181634568,4.2263712845306065
"saskatoon, saskatchewan",2009,1125,1337,"Saskatoon (CMA), Saskatchewan",CMA,Saskatchewan,786.875,0.2863007963030449,0.11842972451171194,257942.0,2826,6.761209884392615,5.1,70.6,586.0,15.25,12.460490032429503,4.361445596296842,5.183335788665669
"saskatoon, saskatchewan",2010,510,1913,"Saskatoon (CMA), Saskatchewan",CMA,Saskatchewan,823.75,0.28853614587543774,0.11758883948639878,264719.0,3236,6.795885448343338,5.3,70.6,593.0,7.625,12.486424165012052,1.9265711943608128,7.226530774141637
"saskatoon, saskatchewan",2011,919,1564,"Saskatoon (CMA), Saskatchewan",CMA,Saskatchewan,874.25,0.2923841693159072,0.11735031790886613,271776.0,4847,7.340604026845638,5.0,70.0,577.0,10.9375,12.512733476579736,3.3814612033439304,5.754739196985753
"saskatoon, saskatchewan",2012,-53,1522,"Saskatoon (CMA), Saskatchewan",CMA,Saskatchewan,891.875,0.29838281558967195,0.11805196794846672,280673.0,3705,7.425010599523289,4.9,70.1,620.0,-9.625,12.544945569622426,-0.18883184346196463,5.4226804858322675
"saskatoon, saskatchewan",2013,-785,1281,"Saskatoon (CMA), Saskatchewan",CMA,Saskatchewan,925.25,0.30325770130037066,0.11906920834766416,287841.0,4483,7.260953095632659,4.2,70.4,708.0,-11.1875,12.570163523330631,-2.727200086158678,4.450373643782505
"saskatoon, saskatchewan",2014,-1104,1405,"Saskatoon (CMA), Saskatchewan",CMA,Saskatchewan,968.125,0.3074843488048642,0.12004407158912765,294067.0,4187,7.596908187589903,3.9,69.8,670.0,-13.5,12.591562911514036,-3.7542464812440706,4.7778227410760135
"saskatoon, saskatchewan",2015,-1386,1843,"Saskatoon (CMA), Saskatchewan",CMA,Saskatchewan,960.875,0.30923159462692734,0.12133067190066947,300089.0,5794,8.074271299514477,5.2,69.9,762.0,-21.875,12.61183437630815,-4.618629806490741,6.1415113516323485
"saskatoon, saskatchewan",2016,-1965,2530,"Saskatoon (CMA), Saskatchewan",CMA,Saskatchewan,989.75,0.31019693597303033,0.12305895062933604,307308.0,5942,7.048303330860244,6.5,69.7,701.0,-16.3125,12.635605780972039,-6.3942364012651804,8.232782745649315
"saskatoon, saskatchewan",2017,-2993,2307,"Saskatoon (CMA), Saskatchewan",CMA,Saskatchewan,959.5,0.31188065110996255,0.12540439135511783,313434.0,6225,7.041354798777414,6.4,69.2,666.0,-30.75,12.655344090575547,-9.54905977015895,7.360401232795421
"saskatoon, saskatchewan",2018,-3125,2017,"Saskatoon (CMA), Saskatchewan",CMA,Saskatchewan,988.125,0.31182738328756376,0.12871243624950962,318625.0,6027,6.468418987838367,6.1,68.8,745.0,-19.3125,12.671770141678417,-9.807767752059632,6.330325617889368
"saskatoon, saskatchewan",2019,-3836,2233,"Saskatoon (CMA), Saskatchewan",CMA,Saskatchewan,1020.0,0.31108219300875684,0.1332286511765924,323519.0,6120,6.042921744936155,5.5,69.0,796.0,0.9375,12.687013123810456,-11.85710885604864,6.902222126057511
"saskatoon, saskatchewan",2020,-2845,1299,"Saskatoon (CMA), Saskatchewan",CMA,Saskatchewan,1039.75,0.31029134750127463,0.13817559006799024,327547.0,3331,4.683297358852317,8.3,67.3,807.0,-8.0,12.699386835211042,-8.685776392395594,3.9658430698495177
"saskatoon, saskatchewan",2021,-3879,1996,"Saskatoon (CMA), Saskatchewan",CMA,Saskatchewan,1057.375,0.3074521105478651,0.14366835640475725,328256.0,7171,3.9725092610645354,6.5,67.5,782.0,6.125,12.701549070748941,-11.816996490543966,6.080620003899396
"saskatoon, saskatchewan",2022,-2705,2172,"Saskatoon (CMA), Saskatchewan",CMA,Saskatchewan,1110.5,0.3102258394612218,0.14687894148164013,336168.0,12154,3.4566050308179244,4.6,67.7,895.0,17.6875,12.725366313986992,-8.04657195211918,6.461055186692368
"saskatoon, saskatchewan",2023,-1696,1328,"Saskatoon (CMA), Saskatchewan",CMA,Saskatchewan,1192.0,0.31595772719929943,0.14707907870460904,352851.0,10387,3.449047898404709,4.7,67.2,905.0,10.1875,12.773801150490428,-4.80656140977353,3.763628273690595
"saskatoon, saskatchewan",2024,-1717,1253,"Saskatoon (CMA), Saskatchewan",CMA,Saskatchewan,1322.125,0.3226067296614616,0.14649264670088652,369766.0,7011,3.2398868473575178,5.4,67.4,,6.625,12.820625652118226,-4.643477226137612,3.3886295657253505
"sherbrooke, quebec",2001,-122,1128,"Sherbrooke (CMA), Quebec",CMA,Quebec,411.75,0.2919386298503885,0.1324111102635909,183542.0,1098,2.5062383541641693,8.8,63.6,6415.0,8.6875,12.12019880312087,-0.6646979982783232,6.145732311950398
"sherbrooke, quebec",2002,-36,1347,"Sherbrooke (CMA), Quebec",CMA,Quebec,421.75,0.2880868680451998,0.13346756176212496,185753.0,974,2.191081705275285,8.7,65.2,6728.0,10.4375,12.132173113189825,-0.19380575280076232,7.251565250628523
"sherbrooke, quebec",2003,-106,651,"Sherbrooke (CMA), Quebec",CMA,Quebec,436.75,0.2841036544850498,0.1341873754152824,188125.0,1376,2.0358803986710963,9.1,66.1,6965.0,10.875,12.144861914485277,-0.5634551495016611,3.46046511627907
"sherbrooke, quebec",2004,-73,458,"Sherbrooke (CMA), Quebec",CMA,Quebec,451.5,0.28105727335873204,0.134932328611421,190036.0,1150,2.515312888084363,8.5,65.9,7244.0,13.4375,12.154968806878962,-0.38413774232250736,2.4100696710097034
"sherbrooke, quebec",2005,-220,130,"Sherbrooke (CMA), Quebec",CMA,Quebec,464.0,0.2773908824864239,0.13674183737878004,191697.0,913,3.52639843085703,8.2,65.6,7262.0,12.0625,12.163671279459013,-1.1476444597463704,0.6781535443955826
"sherbrooke, quebec",2006,-477,143,"Sherbrooke (CMA), Quebec",CMA,Quebec,476.125,0.27230273001672284,0.14033207523725208,193149.0,1151,3.111587427322948,8.3,65.4,7904.0,15.4375,12.171217190757702,-2.469596011369461,0.7403610683979726
"sherbrooke, quebec",2007,-354,104,"Sherbrooke (CMA), Quebec",CMA,Quebec,490.75,0.2695229241886527,0.14421155890645945,194707.0,1048,3.3178057286076,7.4,65.6,7950.0,18.3125,12.179251143461824,-1.818116451899521,0.5341359067727406
"sherbrooke, quebec",2008,-258,467,"Sherbrooke (CMA), Quebec",CMA,Quebec,501.5,0.26501720031754433,0.14886925723125777,196508.0,1091,3.7555722922221997,7.4,65.6,8086.0,7.5625,12.188458421930916,-1.3129236468744274,2.3764935778696032
"sherbrooke, quebec",2009,-135,553,"Sherbrooke (CMA), Quebec",CMA,Quebec,510.75,0.2615869410073678,0.1536482153447184,198974.0,1029,4.166373496034658,8.8,65.3,7844.0,13.375,12.200929441904416,-0.678480605506247,2.779257591444108
"sherbrooke, quebec",2010,-74,767,"Sherbrooke (CMA), Quebec",CMA,Quebec,520.25,0.25894907001076023,0.15928576033004577,201669.0,1121,3.4908687006927193,8.2,65.3,7950.0,12.6875,12.214383018525869,-0.3669379031978142,3.8032617804422095
"sherbrooke, quebec",2011,-144,733,"Sherbrooke (CMA), Quebec",CMA,Quebec,534.5,0.2576105770641215,0.16440606694765253,204518.0,978,3.207541634477161,8.0,65.1,8406.0,15.75,12.228411270151401,-0.704094505129133,3.5840366129142667
"sherbrooke, quebec",2012,-327,767,"Sherbrooke (CMA), Quebec",CMA,Quebec,536.125,0.2563727508294384,0.16935558084905433,206465.0,1072,3.41946576901654,7.9,65.1,8294.0,20.1875,12.237886185492489,-1.5838035502385392,3.714915360957063
"sherbrooke, quebec",2013,-372,850,"Sherbrooke (CMA), Quebec",CMA,Quebec,541.5,0.25491823730375035,0.1748301408775095,208408.0,805,2.94614410195386,7.8,65.3,8454.0,15.9375,12.24725297584049,-1.7849602702391463,4.078538251890523
"sherbrooke, quebec",2014,-508,430,"Sherbrooke (CMA), Quebec",CMA,Quebec,555.0,0.25426465894637557,0.17996598752876056,209923.0,749,2.362771111312243,7.9,64.8,9081.0,19.6875,12.25449607579428,-2.4199349285214105,2.0483701166618236
"sherbrooke, quebec",2015,-325,790,"Sherbrooke (CMA), Quebec",CMA,Quebec,560.5,0.2526278375432444,0.18496753708355054,211010.0,1155,2.7439457845599735,7.7,64.9,8770.0,16.375,12.259660804700102,-1.5402113643903133,3.7438983934410692
"sherbrooke, quebec",2016,-177,477,"Sherbrooke (CMA), Quebec",CMA,Quebec,581.0,0.25186444806715763,0.1908576461108925,213468.0,917,1.7520190379822735,7.2,64.6,8826.0,25.8125,12.27124221751327,-0.8291640901680815,2.234526954859745
"sherbrooke, quebec",2017,-146,1144,"Sherbrooke (CMA), Quebec",CMA,Quebec,585.25,0.2528206554489408,0.19654660918741018,215730.0,1129,1.3720854772168916,6.1,64.9,9450.0,23.0,12.281782904764649,-0.6767718907894127,5.302924952486905
"sherbrooke, quebec",2018,-123,1161,"Sherbrooke (CMA), Quebec",CMA,Quebec,588.0,0.2539690519061503,0.2019760714383643,218818.0,864,1.9605334113281356,5.5,65.0,9957.0,16.0,12.295995613056647,-0.5621109780731018,5.3057792320558645
"sherbrooke, quebec",2019,-177,1385,"Sherbrooke (CMA), Quebec",CMA,Quebec,613.25,0.2544238433235276,0.2074685810415711,222318.0,516,1.5158466700851931,5.1,65.1,10098.0,11.25,12.31186406833418,-0.7961568563948939,6.229814949756655
"sherbrooke, quebec",2020,75,2793,"Sherbrooke (CMA), Quebec",CMA,Quebec,637.5,0.2540305088047029,0.21319864365964003,225902.0,507,0.8986197554691857,8.9,63.9,10717.0,11.125,12.327856555891891,0.33200237271029026,12.36376835973121
"sherbrooke, quebec",2021,-91,1721,"Sherbrooke (CMA), Quebec",CMA,Quebec,689.5,0.25644805359058676,0.219369019686516,229294.0,1061,0.013083639345120239,6.1,64.3,11732.0,23.9375,12.342760301909664,-0.3968703934686472,7.505647770983977
"sherbrooke, quebec",2022,-111,798,"Sherbrooke (CMA), Quebec",CMA,Quebec,776.375,0.25814856398433284,0.22302167522305166,233354.0,1288,-0.9084909622290598,4.3,64.4,12912.0,50.0625,12.360311892863786,-0.47567215475200764,3.419697112541461
"sherbrooke, quebec",2023,-131,575,"Sherbrooke (CMA), Quebec",CMA,Quebec,861.625,0.26461893492120975,0.22600709154152596,237466.0,1122,-0.871703738640479,4.5,65.3,14738.0,51.0,12.377779734314027,-0.5516579215550859,2.4213992740013306
"sherbrooke, quebec",2024,-62,473,"Sherbrooke (CMA), Quebec",CMA,Quebec,924.25,0.27128968843955464,0.2274011299435028,242136.0,1419,-1.3215713483331681,5.3,64.9,,30.3125,12.397254830756324,-0.25605444873955135,1.9534476492549642
"st. catharines-niagara, ontario",2001,82,829,"St. Catharines - Niagara (CMA), Ontario",CMA,Ontario,606.25,0.28265855108251725,0.16849360846728215,392003.0,1106,0.2882631000272957,6.3,67.3,11733.0,-65.25,12.87902477180454,0.20918207258617919,2.1147797338285677
"st. catharines-niagara, ontario",2002,-86,950,"St. Catharines - Niagara (CMA), Ontario",CMA,Ontario,620.5,0.27869903129053175,0.1690479085603113,394752.0,968,0.13426151102464334,7.1,67.8,11392.0,-78.125,12.886012998602837,-0.2178583009079118,2.406574254215305
"st. catharines-niagara, ontario",2003,-83,1564,"St. Catharines - Niagara (CMA), Ontario",CMA,Ontario,634.5,0.2743503427994491,0.16932001581182915,397171.0,1022,0.3474573924078042,6.9,68.5,11983.0,-77.625,12.892122197410174,-0.20897799688295468,3.9378504472884472
"st. catharines-niagara, ontario",2004,-518,1362,"St. Catharines - Niagara (CMA), Ontario",CMA,Ontario,651.375,0.2699828327681724,0.16969071495148447,400181.0,1096,0.06247173154147748,6.8,68.4,12956.0,-67.25,12.899672223742868,-1.2944142775394134,3.403459934379693
"st. catharines-niagara, ontario",2005,-502,326,"St. Catharines - Niagara (CMA), Ontario",CMA,Ontario,668.5,0.26563529046287665,0.17017955886921404,402375.0,1537,-0.2087604846225536,6.6,68.0,13664.0,-72.5,12.90513976860111,-1.247592420006213,0.8101894998446723
"st. catharines-niagara, ontario",2006,-885,-72,"St. Catharines - Niagara (CMA), Ontario",CMA,Ontario,678.5,0.2605714681742127,0.17125233903943446,404012.0,1596,-0.38365197073354257,6.4,67.7,13825.0,-65.125,12.90919985947246,-2.1905289941882913,-0.17821252834074236
"st. catharines-niagara, ontario",2007,-782,172,"St. Catharines - Niagara (CMA), Ontario",CMA,Ontario,693.625,0.2553992544536714,0.1738780818314033,402926.0,1385,-0.9232464522021414,6.4,67.7,14059.0,-63.375,12.9065082012393,-1.9408030258657918,0.42687739187840945
"st. catharines-niagara, ontario",2008,-589,338,"St. Catharines - Niagara (CMA), Ontario",CMA,Ontario,710.625,0.2493487817803199,0.1770094467070874,401939.0,1123,-0.47270854532652967,6.6,67.6,14194.0,-67.25,12.904055614793752,-1.4653964905122419,0.8409236227387737
"st. catharines-niagara, ontario",2009,-377,1188,"St. Catharines - Niagara (CMA), Ontario",CMA,Ontario,725.875,0.24346899499826968,0.18033366445833676,401661.0,1268,-0.8091400459591547,9.2,67.1,13807.0,-62.75,12.903363728255448,-0.9386024533126194,2.9577180756906944
"st. catharines-niagara, ontario",2010,-244,570,"St. Catharines - Niagara (CMA), Ontario",CMA,Ontario,738.25,0.23838121207752405,0.1832483637873135,402301.0,1081,-1.036537319072038,8.8,67.0,13919.0,-63.375,12.904955843641973,-0.6065110452124156,1.4168495728322823
"st. catharines-niagara, ontario",2011,-450,1251,"St. Catharines - Niagara (CMA), Ontario",CMA,Ontario,752.5,0.23481898991905448,0.18736653920643592,402740.0,1259,-0.48914932710930126,8.0,66.7,14412.0,-66.625,12.906046471432397,-1.117346178676069,3.1062223767194714
"st. catharines-niagara, ontario",2012,-846,1725,"St. Catharines - Niagara (CMA), Ontario",CMA,Ontario,775.0,0.23367585575040067,0.19359801648157615,404937.0,1003,-1.4323215710098114,8.0,66.2,14635.0,-62.5,12.911486778433101,-2.0892138777143114,4.259921913779181
"st. catharines-niagara, ontario",2013,-787,2525,"St. Catharines - Niagara (CMA), Ontario",CMA,Ontario,792.875,0.23230469480334176,0.1990346673489269,406492.0,1047,-1.2964584788876534,7.6,66.3,14241.0,-61.375,12.915319527579543,-1.9360774627790953,6.211684362791888
"st. catharines-niagara, ontario",2014,-692,3320,"St. Catharines - Niagara (CMA), Ontario",CMA,Ontario,804.75,0.23122948954196063,0.20374516987125366,408633.0,856,-1.3630812978883253,7.4,65.9,15137.0,-73.5,12.920572721687423,-1.6934510918109893,8.12464974683885
"st. catharines-niagara, ontario",2015,-314,4010,"St. Catharines - Niagara (CMA), Ontario",CMA,Ontario,825.5,0.22989702733800377,0.20843346587240322,411954.0,1182,-0.9102958097263286,6.8,65.3,14708.0,-98.625,12.928666971612847,-0.7622210246775125,9.734096525340208
"st. catharines-niagara, ontario",2016,-251,3539,"St. Catharines - Niagara (CMA), Ontario",CMA,Ontario,868.0,0.22816152214609578,0.2124909629757305,417726.0,1131,-1.5273169493878762,6.6,65.0,15588.0,-85.5,12.942580994178924,-0.6008723421572992,8.472060633046542
"st. catharines-niagara, ontario",2017,-336,2840,"St. Catharines - Niagara (CMA), Ontario",CMA,Ontario,899.375,0.22916480508669868,0.21541576331049272,425266.0,1344,-2.2315444921531467,6.1,65.2,15887.0,-97.375,12.960470134476822,-0.7900937295716093,6.678173190426698
"st. catharines-niagara, ontario",2018,-344,2880,"St. Catharines - Niagara (CMA), Ontario",CMA,Ontario,928.25,0.23213212380133344,0.21843704053041862,432564.0,1459,-1.8933614447804255,5.7,64.9,17095.0,-131.25,12.977485571285186,-0.7952580427404963,6.657974311315781
"st. catharines-niagara, ontario",2019,-562,3605,"St. Catharines - Niagara (CMA), Ontario",CMA,Ontario,974.625,0.23586578059800545,0.221861107828253,439996.0,1225,-2.2454749588632628,5.5,65.2,18274.0,-117.75,12.994520914944031,-1.277284338948536,8.193256302330022
"st. catharines-niagara, ontario",2020,-865,6498,"St. Catharines - Niagara (CMA), Ontario",CMA,Ontario,1038.375,0.23840174338927456,0.22611039967648447,445110.0,1505,-2.859967199119319,9.8,63.7,19757.0,-122.625,13.00607672161295,-1.9433398485767563,14.598638538788164
"st. catharines-niagara, ontario",2021,-1934,8545,"St. Catharines - Niagara (CMA), Ontario",CMA,Ontario,1064.875,0.24249433388183428,0.22997786776544266,450926.0,3641,-2.79646771310592,8.1,65.2,21792.0,-185.875,13.019058525199632,-4.288952067523275,18.949894217676515
"st. catharines-niagara, ontario",2022,-1498,5843,"St. Catharines - Niagara (CMA), Ontario",CMA,Ontario,1138.875,0.24706419398386928,0.23116713974177022,462224.0,2951,-2.931479109695732,5.6,65.4,24269.0,-151.375,13.043804901047677,-3.2408529197964624,12.641057149780192
"st. catharines-niagara, ontario",2023,-1227,6138,"St. Catharines - Niagara (CMA), Ontario",CMA,Ontario,1253.25,0.25502288312759097,0.2301329042005763,477863.0,2858,-2.0528896357324173,5.6,65.6,25705.0,-165.5,13.077079359514185,-2.5676815321546136,12.844685610729435
"st. catharines-niagara, ontario",2024,-641,5828,"St. Catharines - Niagara (CMA), Ontario",CMA,Ontario,1307.125,0.2616529715887911,0.22959311842595745,493608.0,3051,-2.0218472958298896,7.0,65.3,,-186.875,13.109496958897406,-1.2986013192654902,11.806939919936468
"st. john's, newfoundland and labrador",2001,-704,801,"St. John's (CMA), Newfoundland and Labrador",CMA,Newfoundland and Labrador,514.375,0.32161809287391363,0.10526345282056741,178457.0,241,1.2552043349378281,16.0,56.8,142.0,0.0,12.0921029548231,-3.944927909804603,4.48847621555893
"st. john's, newfoundland and labrador",2002,-303,593,"St. John's (CMA), Newfoundland and Labrador",CMA,Newfoundland and Labrador,533.5,0.3196901485261465,0.10566558522863233,179699.0,201,1.368955865085504,16.7,58.2,153.0,0.0,12.099038507925894,-1.6861529557760477,3.299962715429691
"st. john's, newfoundland and labrador",2003,-264,955,"St. John's (CMA), Newfoundland and Labrador",CMA,Newfoundland and Labrador,555.625,0.3186343218515126,0.10606796384385313,181214.0,344,1.4678777577891333,16.5,59.1,173.0,0.0,12.107433932299564,-1.4568410829185383,5.270012250709106
"st. john's, newfoundland and labrador",2004,-1057,486,"St. John's (CMA), Newfoundland and Labrador",CMA,Newfoundland and Labrador,558.0,0.31680307086657106,0.10702231721746337,183401.0,347,1.1341268586321775,15.6,59.1,174.0,0.0,12.11943029135234,-5.763327353722172,2.6499310254578767
"st. john's, newfoundland and labrador",2005,-1036,835,"St. John's (CMA), Newfoundland and Labrador",CMA,Newfoundland and Labrador,575.375,0.31467798763307475,0.10839789143381415,184201.0,375,3.284455567559351,15.2,58.7,267.0,0.0,12.123782831670258,-5.624290856184277,4.533091568449683
"st. john's, newfoundland and labrador",2006,-803,1252,"St. John's (CMA), Newfoundland and Labrador",CMA,Newfoundland and Labrador,583.625,0.3107911114936284,0.11081585558059849,185903.0,395,2.3291716647929297,15.0,59.3,264.0,0.0,12.132980311287769,-4.319456921082501,6.7346949753366
"st. john's, newfoundland and labrador",2007,60,1398,"St. John's (CMA), Newfoundland and Labrador",CMA,Newfoundland and Labrador,575.125,0.30690017959808286,0.11320524128843026,188198.0,462,3.0180979606584555,13.7,59.4,261.0,0.0,12.145249879084389,0.31881316485828753,7.4283467411981
"st. john's, newfoundland and labrador",2008,581,1261,"St. John's (CMA), Newfoundland and Labrador",CMA,Newfoundland and Labrador,595.375,0.3037238067900107,0.11587380287570784,191605.0,440,4.342266642311005,13.3,59.7,259.0,0.0,12.163191240211805,3.032279950940737,6.581247879752617
"st. john's, newfoundland and labrador",2009,782,1195,"St. John's (CMA), Newfoundland and Labrador",CMA,Newfoundland and Labrador,633.25,0.3006422168222009,0.11853954381164362,195884.0,511,4.038104184108962,15.8,59.2,264.0,0.0,12.185277926273468,3.9921586244920464,6.100549304690531
"st. john's, newfoundland and labrador",2010,291,1194,"St. John's (CMA), Newfoundland and Labrador",CMA,Newfoundland and Labrador,677.875,0.2998544033028511,0.12054608733807354,200554.0,536,3.460414651415579,14.9,60.3,249.0,0.0,12.208838816150132,1.4509807832304515,5.953508780677523
"st. john's, newfoundland and labrador",2011,347,976,"St. John's (CMA), Newfoundland and Labrador",CMA,Newfoundland and Labrador,710.625,0.2988002387779267,0.12437981347920968,204374.0,499,2.793897462495229,13.1,60.8,302.0,0.0,12.227706927655323,1.6978676348263477,4.775558534842984
"st. john's, newfoundland and labrador",2012,417,990,"St. John's (CMA), Newfoundland and Labrador",CMA,Newfoundland and Labrador,746.25,0.29903244386577155,0.12850249028329694,206603.0,480,2.5314250035091455,12.7,62.1,375.0,0.0,12.238554356375415,2.018363721727177,4.791798763812723
"st. john's, newfoundland and labrador",2013,139,972,"St. John's (CMA), Newfoundland and Labrador",CMA,Newfoundland and Labrador,781.75,0.29882316818668114,0.13223406143704933,208441.0,629,3.3390743663674614,11.9,61.8,313.0,0.0,12.2474113065553,0.6668553691452257,4.663190063375248
"st. john's, newfoundland and labrador",2014,-98,791,"St. John's (CMA), Newfoundland and Labrador",CMA,Newfoundland and Labrador,809.5,0.29748949006009073,0.13609956535163764,210515.0,509,2.1661164287580457,12.4,61.4,358.0,0.0,12.257312188473142,-0.46552502196993084,3.7574519630430134
"st. john's, newfoundland and labrador",2015,-341,785,"St. John's (CMA), Newfoundland and Labrador",CMA,Newfoundland and Labrador,834.625,0.29690271330993623,0.13966093060115475,211992.0,1064,2.528397298011246,13.1,61.8,370.0,0.0,12.264303817093078,-1.6085512660855128,3.7029699233933355
"st. john's, newfoundland and labrador",2016,-1278,1263,"St. John's (CMA), Newfoundland and Labrador",CMA,Newfoundland and Labrador,836.75,0.29401941293415973,0.1441328499590691,213775.0,697,2.1284060343819435,13.7,60.7,363.0,0.0,12.272679339024156,-5.978248158110162,5.908080926207461
"st. john's, newfoundland and labrador",2017,-1781,900,"St. John's (CMA), Newfoundland and Labrador",CMA,Newfoundland and Labrador,826.125,0.2911791179117912,0.1505191756289031,215534.0,882,0.8304954206760883,15.2,59.5,419.0,0.0,12.280873948702958,-8.263197453765995,4.175675299488712
"st. john's, newfoundland and labrador",2018,-1594,898,"St. John's (CMA), Newfoundland and Labrador",CMA,Newfoundland and Labrador,843.875,0.28820169682630636,0.15789449363228036,216404.0,1134,0.6469381342304208,14.0,59.1,528.0,0.0,12.284902310071987,-7.365852756880649,4.149646032420843
"st. john's, newfoundland and labrador",2019,-1521,1131,"St. John's (CMA), Newfoundland and Labrador",CMA,Newfoundland and Labrador,854.0,0.28450424890162107,0.16533759371226833,217821.0,1039,0.3810468228499548,12.2,58.7,578.0,0.0,12.291428903565793,-6.982797801864834,5.192336827027697
"st. john's, newfoundland and labrador",2020,-383,662,"St. John's (CMA), Newfoundland and Labrador",CMA,Newfoundland and Labrador,869.5,0.28090312930381883,0.17266351091288842,219282.0,652,-0.0136810134894793,14.3,56.4,561.0,0.0,12.298113851693921,-1.7466093888235241,3.018943643345099
"st. john's, newfoundland and labrador",2021,-73,912,"St. John's (CMA), Newfoundland and Labrador",CMA,Newfoundland and Labrador,901.125,0.2791976441931907,0.17995292021885737,220052.0,2134,-0.8906985621580353,13.0,57.5,553.0,0.0,12.301619161041378,-0.33173977059967646,4.144474942286369
"st. john's, newfoundland and labrador",2022,-458,929,"St. John's (CMA), Newfoundland and Labrador",CMA,Newfoundland and Labrador,924.75,0.2808546240215036,0.18255773073380002,224707.0,3870,-1.5709345948279314,11.3,58.3,466.0,0.0,12.322552610336162,-2.0382097575954465,4.134272630581157
"st. john's, newfoundland and labrador",2023,-10,746,"St. John's (CMA), Newfoundland and Labrador",CMA,Newfoundland and Labrador,987.125,0.288712285409571,0.1833049506313001,232536.0,3856,-1.2772215914955103,9.9,57.6,521.0,0.0,12.35680033073295,-0.043004093989747826,3.2081054116351875
"st. john's, newfoundland and labrador",2024,-716,611,"St. John's (CMA), Newfoundland and Labrador",CMA,Newfoundland and Labrador,1090.625,0.295568735754571,0.18459580414926713,240428.0,3776,-1.1853860615236163,10.0,58.3,,0.0,12.390175947406547,-2.9780225264944185,2.541301345933086
"thunder bay, ontario",2001,-337,-419,"Thunder Bay (CMA), Ontario",CMA,Ontario,580.75,0.29614929377416555,0.1463110549988164,126730.0,104,0.34719482364081117,6.3,67.3,11733.0,-90.75,11.74981411807611,-2.6591967174307585,-3.306241616034088
"thunder bay, ontario",2002,-190,-273,"Thunder Bay (CMA), Ontario",CMA,Ontario,587.0,0.2892475322463654,0.1473714087483049,126836.0,165,0.5913147686776624,7.1,67.8,11392.0,-111.625,11.750650192361896,-1.4979974139834116,-2.1523857579866914
"thunder bay, ontario",2003,-501,-158,"Thunder Bay (CMA), Ontario",CMA,Ontario,605.25,0.2828412024576464,0.1485416552232833,127439.0,188,0.23540674361851552,6.9,68.5,11983.0,-106.875,11.755393097723262,-3.931292618429209,-1.239808849724182
"thunder bay, ontario",2004,-638,-298,"Thunder Bay (CMA), Ontario",CMA,Ontario,598.0,0.27649877842510806,0.15003445467643928,127704.0,148,-0.25057946501284223,6.8,68.4,12956.0,-120.625,11.757470364944314,-4.995928083693541,-2.333521267932093
"thunder bay, ontario",2005,-1037,-406,"Thunder Bay (CMA), Ontario",CMA,Ontario,601.25,0.2709717347706192,0.15209012283780396,127648.0,156,-0.5327149661569316,6.6,68.0,13664.0,-139.75,11.757031754705134,-8.123903233893207,-3.1806217097016796
"thunder bay, ontario",2006,-927,418,"Thunder Bay (CMA), Ontario",CMA,Ontario,615.5,0.2637006250098396,0.1547332294274154,127038.0,134,-0.4329413246430202,6.4,67.7,13825.0,-128.125,11.752241533283991,-7.297029235346904,3.2903540672869536
"thunder bay, ontario",2007,-551,449,"Thunder Bay (CMA), Ontario",CMA,Ontario,634.25,0.25784420390562335,0.15769410979900095,125921.0,180,-0.7226753281819553,6.4,67.7,14059.0,-122.75,11.743410005169887,-4.375759404706125,3.565727718172505
"thunder bay, ontario",2008,-284,321,"Thunder Bay (CMA), Ontario",CMA,Ontario,644.0,0.25352640517976893,0.16105445295867188,125411.0,97,-0.3747677635933052,6.6,67.6,14194.0,-133.875,11.73935162263209,-2.2645541459680567,2.5595840875202334
"thunder bay, ontario",2009,-212,568,"Thunder Bay (CMA), Ontario",CMA,Ontario,667.0,0.2504919134232375,0.1633792452528355,125022.0,145,0.0,9.2,67.1,13807.0,-121.625,11.736245000798256,-1.6957015565260514,4.5432003967301755
"thunder bay, ontario",2010,-134,271,"Thunder Bay (CMA), Ontario",CMA,Ontario,695.0,0.24767247648501994,0.16536005689945898,125133.0,141,-1.1987245570712761,8.8,67.0,13919.0,-106.625,11.737132450637635,-1.0708606043170066,2.165695699775439
"thunder bay, ontario",2011,-218,521,"Thunder Bay (CMA), Ontario",CMA,Ontario,718.0,0.24678973997694376,0.16779812988343795,124912.0,108,-1.0567439477392084,8.0,66.7,14412.0,-101.125,11.735364768360073,-1.745228640963238,4.170936339182784
"thunder bay, ontario",2012,-245,344,"Thunder Bay (CMA), Ontario",CMA,Ontario,752.375,0.24586808248642683,0.17296082774281762,125063.0,82,-0.4637662618040508,8.0,66.2,14635.0,-85.125,11.736572889319097,-1.959012657620559,2.7506136906998875
"thunder bay, ontario",2013,-296,228,"Thunder Bay (CMA), Ontario",CMA,Ontario,784.375,0.244762620048259,0.1783186052829224,125158.0,138,-0.6072324581728695,7.6,66.3,14241.0,-69.875,11.737332218108964,-2.3650106265680177,1.8216973745186085
"thunder bay, ontario",2014,-285,17,"Thunder Bay (CMA), Ontario",CMA,Ontario,820.25,0.24471144628363264,0.18299833833961782,125176.0,124,-1.3500990605227838,7.4,65.9,15137.0,-58.0,11.737476025981893,-2.276794273662683,0.1358087812360197
"thunder bay, ontario",2015,-270,103,"Thunder Bay (CMA), Ontario",CMA,Ontario,855.75,0.24372441089985497,0.18831975258194522,124809.0,132,-1.7226321819740564,6.8,65.3,14708.0,-68.375,11.73453984770189,-2.1633055308511406,0.8252609988061759
"thunder bay, ontario",2016,-75,151,"Thunder Bay (CMA), Ontario",CMA,Ontario,862.875,0.24168666986717874,0.19248679788766201,124980.0,215,-1.480236837894063,6.6,65.0,15588.0,-90.625,11.735909003483073,-0.600096015362458,1.2081933109297487
"thunder bay, ontario",2017,-145,184,"Thunder Bay (CMA), Ontario",CMA,Ontario,882.25,0.2451719246527035,0.19557964640341075,126189.0,223,-3.0430544659201675,6.1,65.2,15887.0,-114.5,11.74553606205735,-1.149070045725063,1.4581302649200802
"thunder bay, ontario",2018,-153,-45,"Thunder Bay (CMA), Ontario",CMA,Ontario,948.375,0.2487467588591184,0.19882140331578535,127270.0,231,-2.427909169482203,5.7,64.9,17095.0,-111.125,11.754066092986093,-1.202168617898955,-0.35357900526439856
"thunder bay, ontario",2019,-305,-136,"Thunder Bay (CMA), Ontario",CMA,Ontario,984.375,0.2513504454716231,0.20256292335393752,128291.0,219,-2.5566875306919425,5.5,65.2,18274.0,-108.0,11.762056400052822,-2.3774076123812273,-1.0600899517503177
"thunder bay, ontario",2020,-354,-245,"Thunder Bay (CMA), Ontario",CMA,Ontario,1007.625,0.25432597135426777,0.20750688972557543,128815.0,215,-3.415751271202888,9.8,63.7,19757.0,-153.375,11.766132545498824,-2.7481271591041416,-1.9019524123743354
"thunder bay, ontario",2021,-252,135,"Thunder Bay (CMA), Ontario",CMA,Ontario,1019.375,0.25676351140268666,0.213815995001562,128040.0,848,-5.271790065604499,8.1,65.2,21792.0,-231.375,11.7600979940838,-1.9681349578256793,1.0543580131208998
"thunder bay, ontario",2022,-276,244,"Thunder Bay (CMA), Ontario",CMA,Ontario,1086.0,0.2626948507468471,0.21820183088001613,129009.0,896,-5.394972443782992,5.6,65.4,24269.0,-204.25,11.767637448352035,-2.1393856242587725,1.8913409141997846
"thunder bay, ontario",2023,-163,51,"Thunder Bay (CMA), Ontario",CMA,Ontario,1198.125,0.2721719301724335,0.22039611662332315,131123.0,1114,-5.086826872478512,5.6,65.6,25705.0,-220.625,11.783891092960731,-1.24310761651274,0.38894778185367934
"thunder bay, ontario",2024,-60,-10,"Thunder Bay (CMA), Ontario",CMA,Ontario,1321.0,0.2823449983121413,0.22186714676868835,133305.0,871,-5.078579198079591,7.0,65.3,,-173.0,11.800395014840685,-0.4500956453246315,-0.07501594088743858
"toronto, ontario",2001,2415,-23189,"Toronto (CMA), Ontario",CMA,Ontario,952.25,0.3383803208444011,0.10976931616445605,4883177.0,123072,6.552701243473256,6.3,67.3,11733.0,280.75,15.401306590594915,0.4945550816609761,-4.748752707509885
"toronto, ontario",2002,194,-25629,"Toronto (CMA), Ontario",CMA,Ontario,980.5,0.33652176449970844,0.10978426334571058,5004342.0,86802,6.304525150359428,7.1,67.8,11392.0,281.875,15.425816493557244,0.03876633531441296,-5.1213526173870605
"toronto, ontario",2003,-2254,-26173,"Toronto (CMA), Ontario",CMA,Ontario,968.0,0.3326537034159811,0.11073214766856192,5084630.0,101819,6.530858685882749,6.9,68.5,11983.0,255.875,15.441732821788925,-0.4432967590562145,-5.147473857488156
"toronto, ontario",2004,-2904,-23851,"Toronto (CMA), Ontario",CMA,Ontario,976.25,0.3287912638355797,0.11175960644601997,5166661.0,103187,6.603684662105758,6.8,68.4,12956.0,257.625,15.45773719644657,-0.5620651325875647,-4.61632764371419
"toronto, ontario",2005,-6518,-19615,"Toronto (CMA), Ontario",CMA,Ontario,977.375,0.3248980780209034,0.11253127779560422,5248132.0,107077,6.87235000948909,6.6,68.0,13664.0,236.375,15.47338276172877,-1.2419657127526518,-3.7375203215163033
"toronto, ontario",2006,-7472,-13883,"Toronto (CMA), Ontario",CMA,Ontario,993.625,0.32046214039573967,0.11397074462553035,5336387.0,90494,6.935591440425892,6.4,67.7,13825.0,250.0,15.490059390184578,-1.400198298961451,-2.601572936895319
"toronto, ontario",2007,-6648,-15399,"Toronto (CMA), Ontario",CMA,Ontario,989.375,0.3153204796471819,0.11533804968185687,5418316.0,89476,6.949022537629773,6.4,67.7,14059.0,232.375,15.505295624031229,-1.2269494802444154,-2.8420269323531517
"toronto, ontario",2008,-6427,-12315,"Toronto (CMA), Ontario",CMA,Ontario,1019.125,0.30981012986007644,0.11699981664803163,5503077.0,82741,6.808372843047626,6.6,67.6,14194.0,241.25,15.520817948311803,-1.1678920720171642,-2.2378389399239733
"toronto, ontario",2009,-1146,-19591,"Toronto (CMA), Ontario",CMA,Ontario,1018.625,0.3043190072493028,0.11884949319643247,5589641.0,90971,6.664292035928605,9.2,67.1,13807.0,230.0,15.536425621244286,-0.20502211143792598,-3.504876252338925
"toronto, ontario",2010,122,-16152,"Toronto (CMA), Ontario",CMA,Ontario,1043.625,0.30004962752955217,0.12076542545047542,5682330.0,82226,6.261515962642085,8.8,67.0,13919.0,242.0,15.5528719178513,0.021470065976456842,-2.8424959479650074
"toronto, ontario",2011,-3390,-20336,"Toronto (CMA), Ontario",CMA,Ontario,1074.25,0.29714312754542416,0.12319679621491873,5769176.0,78387,6.348566935728776,8.0,66.7,14412.0,255.125,15.568039820660653,-0.5876055783356237,-3.524940130098302
"toronto, ontario",2012,-4470,-19879,"Toronto (CMA), Ontario",CMA,Ontario,1109.75,0.29527906484440924,0.1267991334874567,5852887.0,83647,6.075292415520751,8.0,66.2,14635.0,272.25,15.582445601748358,-0.7637256622244715,-3.3964434987383147
"toronto, ontario",2013,-4812,-21394,"Toronto (CMA), Ontario",CMA,Ontario,1143.625,0.2927567085249035,0.13087044404712206,5930812.0,79690,5.59468079581683,7.6,66.3,14241.0,289.375,15.595671692459767,-0.8113560166803466,-3.607263221292464
"toronto, ontario",2014,-1483,-25074,"Toronto (CMA), Ontario",CMA,Ontario,1169.0,0.2906149985467591,0.13441719703428798,5996941.0,71210,5.368236906115968,7.4,65.9,15137.0,290.75,15.60676006384979,-0.24729274475103225,-4.181131680301673
"toronto, ontario",2015,6833,-34224,"Toronto (CMA), Ontario",CMA,Ontario,1210.0,0.2889914008604433,0.13792087547657203,6045256.0,91505,5.324836532977264,6.8,65.3,14708.0,285.875,15.614784390183136,1.1303077983794234,-5.661298710923078
"toronto, ontario",2016,7426,-47971,"Toronto (CMA), Ontario",CMA,Ontario,1233.875,0.2891643033231308,0.1407882523137845,6122329.0,75132,5.122887058176716,6.6,65.0,15588.0,280.375,15.627453137651164,1.2129371028574256,-7.835416881386153
"toronto, ontario",2017,4894,-48286,"Toronto (CMA), Ontario",CMA,Ontario,1297.375,0.28821557626090677,0.14376012244796624,6202798.0,102765,4.739796459597748,6.1,65.2,15887.0,300.625,15.64051103853705,0.7889987711997071,-7.784551423406017
"toronto, ontario",2018,2721,-46553,"Toronto (CMA), Ontario",CMA,Ontario,1362.25,0.2901961641488825,0.14598665587073262,6313488.0,106712,4.6473518283395805,5.7,64.9,17095.0,302.75,15.658198855170067,0.43098204985896865,-7.373578598708036
"toronto, ontario",2019,1551,-56304,"Toronto (CMA), Ontario",CMA,Ontario,1449.0,0.29312062179548926,0.148600289467038,6426293.0,96771,4.053347707613082,5.5,65.2,18274.0,356.625,15.675908413634659,0.24135220725229928,-8.761505272168574
"toronto, ontario",2020,-10138,-73517,"Toronto (CMA), Ontario",CMA,Ontario,1528.0,0.29658565799832687,0.15179316996046943,6491939.0,78832,2.9958691848460064,9.8,63.7,19757.0,367.0,15.68607181139256,-1.5616289678630684,-11.324351630537503
"toronto, ontario",2021,-10687,-100570,"Toronto (CMA), Ontario",CMA,Ontario,1562.0,0.2986171222368283,0.1567056509465312,6472951.0,159675,3.1891172975046467,8.1,65.2,21792.0,311.25,15.683142667593232,-1.6510243936652695,-15.53696297098495
"toronto, ontario",2022,-10240,-73232,"Toronto (CMA), Ontario",CMA,Ontario,1659.125,0.30262778227336984,0.15928990075613936,6591642.0,134539,2.8795556554800763,5.6,65.4,24269.0,368.875,15.701313040844271,-1.5534824251681143,-11.109826656241344
"toronto, ontario",2023,-25740,-67516,"Toronto (CMA), Ontario",CMA,Ontario,1811.0,0.3115971805904142,0.15958386269989297,6840723.0,128418,3.3034519889198846,5.6,65.6,25705.0,392.25,15.738403985767082,-3.762760164386133,-9.869716987517254
"toronto, ontario",2024,-12698,-64794,"Toronto (CMA), Ontario",CMA,Ontario,1835.25,0.31799811698279545,0.159970525464193,7109866.0,115348,3.2494283295915842,7.0,65.3,,341.25,15.776993954907025,-1.7859689620029406,-9.113251923453973
"trois-riviã¨res, quebec",2001,-36,21,"Trois-RiviÃ¨res (CMA), Quebec",CMA,Quebec,384.25,0.2791826825814283,0.15198783371818037,143347.0,156,-0.5092537688266933,8.8,63.6,6415.0,-18.8125,11.873023543293433,-0.25113884490083505,0.1464976595254871
"trois-riviã¨res, quebec",2002,-54,479,"Trois-RiviÃ¨res (CMA), Quebec",CMA,Quebec,391.5,0.27338586857805536,0.15396599181232623,143142.0,239,-0.6846348381327633,8.7,65.2,6728.0,-19.8125,11.871592423529753,-0.37724776795070625,3.3463274231183022
"trois-riviã¨res, quebec",2003,-10,356,"Trois-RiviÃ¨res (CMA), Quebec",CMA,Quebec,405.75,0.26772278883129913,0.15558992364710472,143544.0,405,0.09753107061249512,9.1,66.1,6965.0,-20.125,11.874396887392503,-0.06966505043749652,2.480075795574876
"trois-riviã¨res, quebec",2004,-7,629,"Trois-RiviÃ¨res (CMA), Quebec",CMA,Quebec,415.25,0.26335438206925266,0.15805287627506764,144110.0,273,-0.08326972451599474,8.5,65.9,7244.0,-22.8125,11.878332175832407,-0.04857400596766359,4.364721393380057
"trois-riviã¨res, quebec",2005,-72,461,"Trois-RiviÃ¨res (CMA), Quebec",CMA,Quebec,426.75,0.2589294350102939,0.16024622442070938,144746.0,287,0.37306730410512207,8.2,65.6,7262.0,-25.1875,11.882735761201952,-0.49742307214016274,3.1848893924529866
"trois-riviã¨res, quebec",2006,-138,748,"Trois-RiviÃ¨res (CMA), Quebec",CMA,Quebec,445.25,0.25402500789217236,0.16480228392604693,145714.0,297,0.5352951672454259,8.3,65.4,7904.0,-15.4375,11.889401075418904,-0.9470606805111382,5.1333433987125465
"trois-riviã¨res, quebec",2007,-107,572,"Trois-RiviÃ¨res (CMA), Quebec",CMA,Quebec,443.5,0.24992183570544976,0.16954855022225848,147126.0,301,0.9719560104944062,7.4,65.6,7950.0,-28.9375,11.899044641480856,-0.7272677840762339,3.8878240419776247
"trois-riviã¨res, quebec",2008,-63,568,"Trois-RiviÃ¨res (CMA), Quebec",CMA,Quebec,458.125,0.24599193336610264,0.17448304188858887,148513.0,316,1.5688862254482772,7.4,65.6,8086.0,-35.8125,11.908427775480849,-0.4242052884259291,3.824581013109963
"trois-riviã¨res, quebec",2009,-54,775,"Trois-RiviÃ¨res (CMA), Quebec",CMA,Quebec,464.375,0.2413795400644869,0.18026354358195432,150108.0,339,1.0392517387481015,8.8,65.3,7844.0,-33.0,11.919110314002742,-0.3597409864897274,5.162949343139606
"trois-riviã¨res, quebec",2010,-81,689,"Trois-RiviÃ¨res (CMA), Quebec",CMA,Quebec,476.0,0.2387001185302252,0.18588831818780455,151860.0,256,0.03292506255761886,8.2,65.3,7950.0,-31.5625,11.930714322767225,-0.5333860134334255,4.537073620439879
"trois-riviã¨res, quebec",2011,-37,586,"Trois-RiviÃ¨res (CMA), Quebec",CMA,Quebec,492.375,0.23724219903083815,0.19115476548111962,153122.0,358,1.0057339898904143,8.0,65.1,8406.0,-26.375,11.938990268252471,-0.24163738718146313,3.8270137537388487
"trois-riviã¨res, quebec",2012,-112,534,"Trois-RiviÃ¨res (CMA), Quebec",CMA,Quebec,493.25,0.23524901226866293,0.19657803077562902,153888.0,259,0.25992929923060926,7.9,65.1,8294.0,-22.6875,11.943980344077389,-0.727802037845706,3.4700561447286336
"trois-riviã¨res, quebec",2013,-102,782,"Trois-RiviÃ¨res (CMA), Quebec",CMA,Quebec,492.0,0.23423960208800176,0.20217478595391372,154406.0,295,0.2137222646788337,7.8,65.3,8454.0,-33.5625,11.947340775921406,-0.6605960908254861,5.06457002966206
"trois-riviã¨res, quebec",2014,-178,600,"Trois-RiviÃ¨res (CMA), Quebec",CMA,Quebec,498.0,0.23366617277588095,0.2083231334149327,155230.0,270,-0.6828576950331765,7.9,64.8,9081.0,-37.3125,11.95266316702049,-1.1466855633575983,3.8652322360368485
"trois-riviã¨res, quebec",2015,-81,814,"Trois-RiviÃ¨res (CMA), Quebec",CMA,Quebec,509.625,0.2332220367278798,0.21376653396686784,155740.0,315,-0.43020418646462055,7.7,64.9,8770.0,-34.5,11.955943229130977,-0.5200975985617053,5.2266598176447925
"trois-riviã¨res, quebec",2016,-73,874,"Trois-RiviÃ¨res (CMA), Quebec",CMA,Quebec,520.5,0.2338495109392646,0.21891928105200698,156729.0,319,-0.5487178505573315,7.2,64.6,8826.0,-34.6875,11.962273478228346,-0.46577212896145576,5.57650466729195
"trois-riviã¨res, quebec",2017,8,638,"Trois-RiviÃ¨res (CMA), Quebec",CMA,Quebec,529.75,0.23719189163467944,0.22563207816514927,157615.0,234,-1.6686229102560037,6.1,64.9,9450.0,-32.5,11.967910629541784,0.05075659042603813,4.047838086476541
"trois-riviã¨res, quebec",2018,31,857,"Trois-RiviÃ¨res (CMA), Quebec",CMA,Quebec,534.25,0.24023798083002454,0.23287853114488757,158164.0,268,-1.820894767456564,5.5,65.0,9957.0,-37.75,11.971387748369406,0.19599908955261627,5.418426443438457
"trois-riviã¨res, quebec",2019,28,1132,"Trois-RiviÃ¨res (CMA), Quebec",CMA,Quebec,551.625,0.24159478026286899,0.23886571096960382,159395.0,239,-1.3049342827566737,5.1,65.1,10098.0,-50.375,11.97914067721767,0.1756642303710907,7.101853885002667
"trois-riviã¨res, quebec",2020,66,1591,"Trois-RiviÃ¨res (CMA), Quebec",CMA,Quebec,571.625,0.24385694188806464,0.24441469747956446,161361.0,207,-1.0783274768996227,8.9,63.9,10717.0,-54.75,11.991399369931647,0.40902076709985685,9.859879400846548
"trois-riviã¨res, quebec",2021,40,1405,"Trois-RiviÃ¨res (CMA), Quebec",CMA,Quebec,595.75,0.24327051454799392,0.2510782558404243,162531.0,529,-1.8827177584583865,6.1,64.3,11732.0,-69.8125,11.998624031788562,0.24610689653050805,8.644504740634094
"trois-riviã¨res, quebec",2022,-12,513,"Trois-RiviÃ¨res (CMA), Quebec",CMA,Quebec,628.75,0.24430570635782362,0.2550609241162987,165780.0,669,-3.29352153456388,4.3,64.4,12912.0,-97.5625,12.018416887145516,-0.07238508867173361,3.094462540716612
"trois-riviã¨res, quebec",2023,58,629,"Trois-RiviÃ¨res (CMA), Quebec",CMA,Quebec,689.125,0.2476341443142284,0.25760220377824483,168438.0,890,-2.837839442406108,4.5,65.3,14738.0,-121.5,12.03432300854116,0.34434035075220554,3.7343117348816772
"trois-riviã¨res, quebec",2024,88,710,"Trois-RiviÃ¨res (CMA), Quebec",CMA,Quebec,861.1666666666666,0.2519859779239215,0.2573398615175131,172585.0,1031,-2.746472752556711,5.3,64.9,,-32.77083333333337,12.05864514771354,0.5098936755801489,4.113914882521656
"vancouver, british columbia",2001,-3361,-3542,"Vancouver (CMA), British Columbia",CMA,British Columbia,834.625,0.33354340329723114,0.11866495719824485,2075499.0,34468,4.087209870975606,7.7,64.0,1760.0,237.5,14.545712164663502,-1.6193696070198058,-1.706577550748037
"vancouver, british columbia",2002,-1461,-3654,"Vancouver (CMA), British Columbia",CMA,British Columbia,867.25,0.3282155690333826,0.11940735660758807,2099745.0,28684,4.232418698461004,8.5,65.0,1949.0,254.625,14.557326466749178,-0.6957987755656044,-1.740211311373524
"vancouver, british columbia",2003,2340,-5514,"Vancouver (CMA), British Columbia",CMA,British Columbia,879.0,0.3223268071755782,0.12060303643179834,2117683.0,32317,3.8707398604984786,8.0,65.5,2050.0,256.25,14.565833124442364,1.1049812460127413,-2.603789141245408
"vancouver, british columbia",2004,2973,-5481,"Vancouver (CMA), British Columbia",CMA,British Columbia,898.25,0.31786513918425024,0.12170557008561655,2135802.0,36008,3.850075990190102,7.2,65.3,2263.0,270.5,14.574352778136412,1.3919829647130213,-2.5662491185980723
"vancouver, british columbia",2005,3131,-5626,"Vancouver (CMA), British Columbia",CMA,British Columbia,915.125,0.31443327581979913,0.1225926422766108,2161810.0,38313,3.8740684889051304,5.9,65.4,2414.0,265.5,14.586456391728358,1.4483233956730703,-2.6024488738603297
"vancouver, british columbia",2006,4039,-5927,"Vancouver (CMA), British Columbia",CMA,British Columbia,947.5,0.3113062767088773,0.12411914071328997,2190049.0,32265,4.1350672975810125,4.9,65.8,2432.0,301.25,14.599434475971604,1.8442509733800478,-2.7063321414269725
"vancouver, british columbia",2007,3896,-5606,"Vancouver (CMA), British Columbia",CMA,British Columbia,982.0,0.3087754460798037,0.12533917212024331,2218269.0,36649,4.149181185870605,4.4,66.2,2838.0,278.625,14.612237719971395,1.7563244133150668,-2.5271957548881585
"vancouver, british columbia",2008,4603,-1954,"Vancouver (CMA), British Columbia",CMA,British Columbia,1029.875,0.3062755519759012,0.126484997236905,2254718.0,35997,4.511872438149693,4.8,66.4,2947.0,283.375,14.628535467666461,2.0414969854323246,-0.8666272234487861
"vancouver, british columbia",2009,3600,-1825,"Vancouver (CMA), British Columbia",CMA,British Columbia,1067.25,0.3045155366532283,0.12773794911486552,2302362.0,36881,4.346405995234459,7.8,66.2,2911.0,285.5,14.649446110462014,1.563611630143305,-0.7926642291698699
"vancouver, british columbia",2010,1079,-2060,"Vancouver (CMA), British Columbia",CMA,British Columbia,1091.125,0.30338360481296556,0.12918261097923658,2345664.0,32886,4.083705083080953,7.8,65.8,3020.0,301.625,14.66807907543184,0.45999768082726256,-0.8782161468991296
"vancouver, british columbia",2011,-2472,-3160,"Vancouver (CMA), British Columbia",CMA,British Columbia,1124.5,0.301525771669025,0.13187239949190033,2376699.0,29637,4.005134853004104,7.6,65.2,3046.0,327.5,14.681223108117907,-1.0400980519619858,-1.3295751796925062
"vancouver, british columbia",2012,-2500,-3454,"Vancouver (CMA), British Columbia",CMA,British Columbia,1146.625,0.2997147700103634,0.13511176632519686,2422957.0,29836,4.118108575595853,6.9,65.3,3025.0,325.0,14.70049925304606,-1.031797097513493,-1.4255308699246416
"vancouver, british columbia",2013,1496,-4384,"Vancouver (CMA), British Columbia",CMA,British Columbia,1168.0,0.2974106572260375,0.1392487396151388,2464525.0,30450,3.803978454266035,6.7,64.8,3228.0,342.25,14.717509649121565,0.6070135218754121,-1.778841764640245
"vancouver, british columbia",2014,6281,-5588,"Vancouver (CMA), British Columbia",CMA,British Columbia,1197.625,0.2958340330065362,0.1423684422051365,2513078.0,25177,3.641351362751176,6.2,64.1,3282.0,351.5,14.737018854643326,2.4993255282963758,-2.22356807070851
"vancouver, british columbia",2015,9079,-9929,"Vancouver (CMA), British Columbia",CMA,British Columbia,1249.5,0.29274260841665545,0.14669963946187706,2537041.0,34755,3.496593078314462,6.2,64.1,3569.0,376.875,14.7465089992707,3.578578351709728,-3.91361432471923
"vancouver, british columbia",2016,5707,-13101,"Vancouver (CMA), British Columbia",CMA,British Columbia,1317.75,0.29318282922451444,0.14932207389297858,2585090.0,28053,3.194086085977664,6.1,65.2,4196.0,425.875,14.765270881566178,2.207660081467183,-5.067908660820319
"vancouver, british columbia",2017,3753,-14444,"Vancouver (CMA), British Columbia",CMA,British Columbia,1404.375,0.29420490679981526,0.15261124662643197,2619630.0,33300,2.9256039975110992,5.3,66.1,4219.0,492.625,14.778543644390556,1.4326450681966538,-5.513755759401137
"vancouver, british columbia",2018,3344,-11848,"Vancouver (CMA), British Columbia",CMA,British Columbia,1497.625,0.2964483207980907,0.15545152591065256,2663557.0,34579,2.8604606546809395,4.6,65.7,4749.0,481.125,14.795173005523196,1.2554640279896394,-4.448187142231235
"vancouver, british columbia",2019,5007,-11143,"Vancouver (CMA), British Columbia",CMA,British Columbia,1596.375,0.30020651859293374,0.1584194257103864,2715494.0,36452,2.6930643190520764,4.8,66.5,4964.0,520.625,14.814484446916758,1.8438634001769107,-4.1034890889097895
"vancouver, british columbia",2020,9019,-13064,"Vancouver (CMA), British Columbia",CMA,British Columbia,1652.75,0.30492016259015925,0.16239313753786852,2750966.0,28004,1.7168514623590405,9.1,64.5,5398.0,517.375,14.827462680688207,3.278484721366967,-4.748877303463583
"vancouver, british columbia",2021,10892,-18694,"Vancouver (CMA), British Columbia",CMA,British Columbia,1707.75,0.31077386042584515,0.16649527500243558,2771430.0,65943,1.5897929949520646,6.6,65.9,6026.0,461.125,14.834873990442027,3.9301010669582124,-6.745254255023579
"vancouver, british columbia",2022,1230,-15389,"Vancouver (CMA), British Columbia",CMA,British Columbia,1850.625,0.31709071677865514,0.16757150537351959,2855205.0,52809,1.283620615682587,4.6,65.5,6928.0,489.125,14.864654202347364,0.43079218479934017,-5.389805635672395
"vancouver, british columbia",2023,-6516,-16712,"Vancouver (CMA), British Columbia",CMA,British Columbia,1970.0,0.3261849799731179,0.16743220893681093,2970008.0,48929,1.6841705476887605,5.2,65.8,7675.0,505.875,14.904075204377948,-2.193933484354251,-5.626920870246814
"vancouver, british columbia",2024,-4656,-16166,"Vancouver (CMA), British Columbia",CMA,British Columbia,2125.25,0.3306414322164329,0.16784528604707835,3081713.0,42030,1.9839615175066594,5.6,65.2,,556.25,14.940996169176364,-1.5108480251081136,-5.2457837572804475
"victoria, british columbia",2001,701,821,"Victoria (CMA), British Columbia",CMA,British Columbia,678.125,0.29170784103114933,0.1719195949056314,325850.0,827,-1.611170784103115,7.7,64.0,1760.0,81.0,12.694192431760527,2.1512966088691114,2.5195642166641092
"victoria, british columbia",2002,1319,336,"Victoria (CMA), British Columbia",CMA,British Columbia,697.875,0.28710454129838464,0.17168850960073148,328100.0,667,-0.9326424870466321,8.5,65.0,1949.0,85.25,12.701073718949193,4.020115818348065,1.0240780249923804
"victoria, british columbia",2003,1834,-91,"Victoria (CMA), British Columbia",CMA,British Columbia,716.625,0.28273666306515705,0.1719887293934634,330417.0,919,-1.3588889191536755,8.0,65.5,2050.0,93.875,12.708110772089814,5.550561865763566,-0.2754095582249097
"victoria, british columbia",2004,1994,18,"Victoria (CMA), British Columbia",CMA,British Columbia,727.75,0.2783459595959596,0.17252585377585378,332640.0,1107,-1.488095238095238,7.2,65.3,2263.0,100.0,12.71481610309184,5.994468494468494,0.05411255411255411
"victoria, british columbia",2005,1356,203,"Victoria (CMA), British Columbia",CMA,British Columbia,763.5,0.2734263132042332,0.1724513641843919,335915.0,1163,-0.6430198115594719,5.9,65.4,2414.0,113.875,12.72461343075099,4.036735483678907,0.6043195451230222
"victoria, british columbia",2006,2047,594,"Victoria (CMA), British Columbia",CMA,British Columbia,801.875,0.268202716177937,0.17272467886211146,339963.0,1225,-0.9383374073060892,4.9,65.8,2432.0,155.625,12.736592067141222,6.021243488261958,1.7472489653285799
"victoria, british columbia",2007,2596,1000,"Victoria (CMA), British Columbia",CMA,British Columbia,836.25,0.26696350053611234,0.1732358689840744,342279.0,1455,-1.0751462987796505,4.4,66.2,2838.0,132.875,12.743381472943057,7.584455955521665,2.9215932032055725
"victoria, british columbia",2008,2617,1726,"Victoria (CMA), British Columbia",CMA,British Columbia,898.875,0.2668730075390805,0.17402541647690847,344737.0,1412,-0.7338927936368884,4.8,66.4,2947.0,152.375,12.750537086460156,7.591294232995008,5.0067152640998795
"victoria, british columbia",2009,2282,1300,"Victoria (CMA), British Columbia",CMA,British Columbia,932.75,0.2668968565589768,0.17513662143234368,348408.0,1621,-0.04592317053569378,7.8,66.2,2911.0,151.0,12.761129485809374,6.549792197653326,3.7312576060251197
"victoria, british columbia",2010,1610,640,"Victoria (CMA), British Columbia",CMA,British Columbia,947.625,0.2670797557880841,0.17675207255802308,351498.0,1299,-0.4751093889581164,7.8,65.8,3020.0,158.125,12.769959300316243,4.580395905524356,1.820778496605955
"victoria, british columbia",2011,1148,1482,"Victoria (CMA), British Columbia",CMA,British Columbia,962.125,0.2665819474267949,0.18003783999977307,352537.0,1478,-0.29784107767411644,7.6,65.2,3046.0,165.125,12.772910860265076,3.25639578257034,4.203814067743244
"victoria, british columbia",2012,938,1425,"Victoria (CMA), British Columbia",CMA,British Columbia,979.25,0.2668008261399142,0.18377989670463826,358777.0,1238,-0.25085220067061154,6.9,65.3,3025.0,157.625,12.790456304548018,2.6144373803225958,3.971826510618016
"victoria, british columbia",2013,2201,1454,"Victoria (CMA), British Columbia",CMA,British Columbia,988.75,0.2672528833585887,0.18745050542693437,364939.0,1292,-0.11782791096594225,6.7,64.8,3228.0,163.0,12.807485495310305,6.031144931070672,3.9842275010344195
"victoria, british columbia",2014,3101,1714,"Victoria (CMA), British Columbia",CMA,British Columbia,1011.625,0.26623024282262747,0.1918447230958198,370435.0,1517,-0.6289902412029101,6.2,64.1,3282.0,165.5,12.822433269730636,8.371239218756326,4.6269925897930815
"victoria, british columbia",2015,3791,2606,"Victoria (CMA), British Columbia",CMA,British Columbia,1044.125,0.2627997632290439,0.19779973656564795,375046.0,1784,-0.4639430896476699,6.2,64.1,3569.0,171.5,12.834803964096274,10.108093407208715,6.948480986332343
"victoria, british columbia",2016,2845,2161,"Victoria (CMA), British Columbia",CMA,British Columbia,1104.5,0.26251819126819126,0.20164760914760915,384800.0,1701,-1.613825363825364,6.1,65.2,4196.0,212.625,12.860478997773688,7.393451143451144,5.615904365904366
"victoria, british columbia",2017,2757,2149,"Victoria (CMA), British Columbia",CMA,British Columbia,1188.25,0.2658633777548007,0.20568069265753328,390727.0,1915,-1.2899031804815126,5.3,66.1,4219.0,276.5,12.87576438538691,7.0560775170387515,5.500003838997562
"victoria, british columbia",2018,2990,1912,"Victoria (CMA), British Columbia",CMA,British Columbia,1281.875,0.26929885749252724,0.21007330481051803,397109.0,2048,-1.9264232238503787,4.6,65.7,4749.0,265.375,12.891966081178804,7.529418874918473,4.814798959479639
"victoria, british columbia",2019,3740,1793,"Victoria (CMA), British Columbia",CMA,British Columbia,1327.875,0.2739434666772312,0.2144958253686848,403868.0,1974,-2.0526508661245755,4.8,66.5,4964.0,252.125,12.90884337088127,9.260451434627155,4.439569364247725
"victoria, british columbia",2020,3925,1345,"Victoria (CMA), British Columbia",CMA,British Columbia,1379.375,0.277486106299616,0.21919599510122031,409898.0,1607,-2.137117038873085,9.1,64.5,5398.0,244.0,12.923663627241687,9.575552942439337,3.281304129319977
"victoria, british columbia",2021,4425,2052,"Victoria (CMA), British Columbia",CMA,British Columbia,1434.5,0.2815849646402763,0.2241459155418769,414596.0,3667,-2.3685708496946423,6.6,65.9,6026.0,187.875,12.935059831083922,10.673040743277793,4.949396520950516
"victoria, british columbia",2022,1543,983,"Victoria (CMA), British Columbia",CMA,British Columbia,1584.625,0.2892616299676316,0.2259777998417963,426033.0,2660,-3.452784173995911,4.6,65.5,6928.0,223.125,12.962272087039999,3.6217851668767445,2.3073330000258196
"victoria, british columbia",2023,1716,2027,"Victoria (CMA), British Columbia",CMA,British Columbia,1648.875,0.29711752687873827,0.22874892531269933,432684.0,3308,-3.050725240591286,5.2,65.8,7675.0,184.75,12.977762948408898,3.965942812768672,4.684712168695861
"victoria, british columbia",2024,1414,1772,"Victoria (CMA), British Columbia",CMA,British Columbia,1825.125,0.303977047748557,0.23045472338056977,441961.0,3099,-2.678969411328149,5.6,65.2,,256.125,12.998976921872755,3.199377320623313,4.009403544656656
"windsor, ontario",2001,-41,352,"Windsor (CMA), Ontario",CMA,Ontario,671.5,0.31638099726454044,0.12414068663108178,390428.0,3949,3.9418279426680463,6.3,67.3,11733.0,0.0,12.874998852260699,-0.10501296013605582,0.9015746821436986
"windsor, ontario",2002,-107,158,"Windsor (CMA), Ontario",CMA,Ontario,701.375,0.31402534221049344,0.12394365487857696,397124.0,2573,3.565636929523272,7.1,67.8,11392.0,2.75,12.892003853469811,-0.26943725385521905,0.39786061784228605
"windsor, ontario",2003,-233,-247,"Windsor (CMA), Ontario",CMA,Ontario,713.125,0.31066120602464264,0.12435416448689396,401418.0,2986,3.7666472355499754,6.9,68.5,11983.0,1.0,12.902758557388283,-0.5804423319332964,-0.6153186952254258
"windsor, ontario",2004,-636,-770,"Windsor (CMA), Ontario",CMA,Ontario,701.625,0.3071888645209729,0.12494566613320689,404904.0,2977,3.610732420524371,6.8,68.4,12956.0,-17.0,12.91140528095392,-1.5707426945646374,-1.9016853377590737
"windsor, ontario",2005,-1195,-1117,"Windsor (CMA), Ontario",CMA,Ontario,713.75,0.30214398145533394,0.12605805521654678,407233.0,3072,3.8233640201064256,6.6,68.0,13664.0,-27.25,12.917140782192153,-2.9344380244233643,-2.7429014839170693
"windsor, ontario",2006,-1851,-1433,"Windsor (CMA), Ontario",CMA,Ontario,696.625,0.2963366474803587,0.12835811394757266,408451.0,2581,3.760549000981758,6.4,67.7,13825.0,-47.0,12.9201272350471,-4.53175533907372,-3.5083767697961323
"windsor, ontario",2007,-1860,-1792,"Windsor (CMA), Ontario",CMA,Ontario,698.25,0.28844310523651057,0.1314510143189292,406874.0,2480,3.145937071427518,6.4,67.7,14059.0,-58.75,12.916258834184655,-4.571439806918113,-4.404311899998525
"windsor, ontario",2008,-1786,-1729,"Windsor (CMA), Ontario",CMA,Ontario,700.0,0.28035774862018675,0.13548292844779986,403859.0,2016,3.2684674601779333,6.6,67.6,14194.0,-77.875,12.908821086124167,-4.422335518089234,-4.281197150490641
"windsor, ontario",2009,-737,-1187,"Windsor (CMA), Ontario",CMA,Ontario,672.375,0.27165543852122703,0.1403572221376959,400927.0,2096,2.9356965233072354,9.2,67.1,13807.0,-116.25,12.901534644828743,-1.8382398790802315,-2.96063871976694
"windsor, ontario",2010,-228,-655,"Windsor (CMA), Ontario",CMA,Ontario,683.5,0.26373530191406463,0.14460515852176392,399882.0,1978,2.048104190736267,8.8,67.0,13919.0,-118.125,12.89892478256906,-0.5701681996188875,-1.6379832050454883
"windsor, ontario",2011,-954,-321,"Windsor (CMA), Ontario",CMA,Ontario,689.0,0.25754947676150286,0.1486618059674969,399531.0,1684,2.350255674778678,8.0,66.7,14412.0,-130.125,12.89804663817422,-2.3877996951425544,-0.8034420357869603
"windsor, ontario",2012,-1044,-232,"Windsor (CMA), Ontario",CMA,Ontario,713.125,0.2546471557708635,0.15439994006892074,400460.0,1958,2.105079158967188,8.0,66.2,14635.0,-124.375,12.90036916534664,-2.607001947760076,-0.5793337661689058
"windsor, ontario",2013,-881,-218,"Windsor (CMA), Ontario",CMA,Ontario,719.25,0.2518468621298537,0.15855896461800972,403793.0,1867,1.9366358505471861,7.6,66.3,14241.0,-135.0,12.908657649396103,-2.181810977406741,-0.5398805823776043
"windsor, ontario",2014,-765,-241,"Windsor (CMA), Ontario",CMA,Ontario,726.625,0.2491822623129695,0.16362653395246876,405081.0,1482,1.6046173481353112,7.4,65.9,15137.0,-151.625,12.911842326091342,-1.8885111866515587,-0.5949427398470923
"windsor, ontario",2015,15,-98,"Windsor (CMA), Ontario",CMA,Ontario,749.625,0.2464205419476985,0.16871031041691317,405648.0,2821,1.2325957480377074,6.8,65.3,14708.0,-174.5,12.913241067452374,0.03697787244113123,-0.2415887666153907
"windsor, ontario",2016,158,295,"Windsor (CMA), Ontario",CMA,Ontario,789.375,0.24305305383274753,0.17189675484631037,410828.0,1879,1.185410926227034,6.6,65.0,15588.0,-164.125,12.925929914402188,0.38458917113731295,0.7180620600348564
"windsor, ontario",2017,437,959,"Windsor (CMA), Ontario",CMA,Ontario,795.875,0.24189737352802185,0.17479028284529266,416871.0,2467,0.8659753257002766,6.1,65.2,15887.0,-200.875,12.940532100403592,1.0482859205845454,2.3004718486054436
"windsor, ontario",2018,394,78,"Windsor (CMA), Ontario",CMA,Ontario,848.375,0.24349027028421227,0.1762580397067134,426477.0,2625,0.5697845370324777,5.7,64.9,17095.0,-211.125,12.963313717144384,0.9238481793859927,0.18289380201042496
"windsor, ontario",2019,-204,-1870,"Windsor (CMA), Ontario",CMA,Ontario,893.125,0.24661101113187506,0.17883123376937593,433979.0,2624,0.38481124662714095,5.5,65.2,18274.0,-199.25,12.980751424815075,-0.47006882821519014,-4.308964258639243
"windsor, ontario",2020,-502,-622,"Windsor (CMA), Ontario",CMA,Ontario,976.875,0.24844865032578342,0.18269423810479823,438328.0,1931,-0.6593236115420416,9.8,63.7,19757.0,-184.125,12.99072276755149,-1.1452610830245842,-1.419028672592214
"windsor, ontario",2021,-826,104,"Windsor (CMA), Ontario",CMA,Ontario,1080.0,0.25092326491047234,0.1877771785752481,439473.0,4633,-0.3572460651735146,8.1,65.2,21792.0,-170.75,12.993331560773159,-1.8795238842886821,0.23664707501939825
"windsor, ontario",2022,-572,34,"Windsor (CMA), Ontario",CMA,Ontario,1102.25,0.25607205267152666,0.18837043051559493,453224.0,4483,-0.9222812560676398,5.6,65.4,24269.0,-188.0,13.024141763485815,-1.2620690872504545,0.07501809259880324
"windsor, ontario",2023,-655,-350,"Windsor (CMA), Ontario",CMA,Ontario,1124.5,0.2637622345759709,0.18756241044301036,469673.0,4545,-0.41731161893487595,5.6,65.6,25705.0,-294.25,13.05979198686274,-1.3945872979711416,-0.7451993195265643
"windsor, ontario",2024,-110,-380,"Windsor (CMA), Ontario",CMA,Ontario,1164.25,0.27046738381425134,0.18766324597997103,484698.0,4122,-0.3754915431877169,7.0,65.3,,-329.75,13.091281295561286,-0.22694543819037835,-0.7839933319303979
"winnipeg, manitoba",2001,-2681,927,"Winnipeg (CMA), Manitoba",CMA,Manitoba,532.5,0.3058887560065598,0.13369474144042853,698195.0,3586,2.6067216178861203,5.0,67.7,457.0,0.0,13.456253712355588,-3.8399014601937855,1.327709307571667
"winnipeg, manitoba",2002,-1902,504,"Winnipeg (CMA), Manitoba",CMA,Manitoba,550.875,0.3021140466146638,0.13335763108327628,702397.0,3755,2.4117415080075797,5.1,68.9,454.0,0.0,13.462254050223308,-2.707870335437082,0.7175429280022552
"winnipeg, manitoba",2003,-1853,45,"Winnipeg (CMA), Manitoba",CMA,Manitoba,571.25,0.29837130324041317,0.13330691948492995,706700.0,5527,2.6036507711900385,4.9,68.6,455.0,0.0,13.468361526678946,-2.6220461298995335,0.06367624168671289
"winnipeg, manitoba",2004,-4924,-53,"Winnipeg (CMA), Manitoba",CMA,Manitoba,584.875,0.2944599418519807,0.13282697035349056,712664.0,5874,2.40085089186489,5.3,68.9,518.0,0.0,13.476765340077238,-6.909286844852553,-0.07436884703029759
"winnipeg, manitoba",2005,-4874,-183,"Winnipeg (CMA), Manitoba",CMA,Manitoba,602.625,0.28940456871452314,0.1329478314470578,715431.0,6910,2.8234728436425036,4.7,68.4,582.0,0.0,13.480640437269686,-6.812676554412655,-0.255789866528009
"winnipeg, manitoba",2006,-3736,444,"Winnipeg (CMA), Manitoba",CMA,Manitoba,627.0,0.28418966008916835,0.1339403086810458,718865.0,8208,3.018647451190418,4.5,68.5,562.0,0.0,13.485428858295062,-5.197081510436591,0.617640307985505
"winnipeg, manitoba",2007,-2980,865,"Winnipeg (CMA), Manitoba",CMA,Manitoba,657.875,0.2816829065011948,0.13438497683781486,722298.0,7904,2.9392300684758923,4.6,69.1,600.0,0.0,13.490193075102528,-4.125720962815901,1.1975666553140119
"winnipeg, manitoba",2008,-2482,1160,"Winnipeg (CMA), Manitoba",CMA,Manitoba,685.375,0.27900511022582214,0.13556350877386253,726191.0,9703,3.368259865517474,4.3,69.4,588.0,0.0,13.495568344605488,-3.4178336002511736,1.5973758969747627
"winnipeg, manitoba",2009,-2067,301,"Winnipeg (CMA), Manitoba",CMA,Manitoba,701.125,0.27684141455342637,0.13625642361845308,733037.0,10512,3.605547878210786,5.4,69.2,656.0,0.0,13.50495145708461,-2.8197758094066194,0.41062047345495517
"winnipeg, manitoba",2010,-2511,713,"Winnipeg (CMA), Manitoba",CMA,Manitoba,751.25,0.2750776433191607,0.13713472501155527,739922.0,13176,3.1435745929976404,5.4,69.5,671.0,0.0,13.514300054219406,-3.3936009471268593,0.9636150837520712
"winnipeg, manitoba",2011,-2891,459,"Winnipeg (CMA), Manitoba",CMA,Manitoba,777.875,0.2751194927610665,0.13783788470799477,749627.0,12584,3.415031742453247,5.5,69.3,654.0,0.0,13.527331028467918,-3.8565846747782566,0.612304519447672
"winnipeg, manitoba",2012,-3153,133,"Winnipeg (CMA), Manitoba",CMA,Manitoba,797.125,0.27691880941331753,0.14028346175133138,760667.0,10669,3.6257652823114452,5.4,68.9,691.0,0.0,13.541950958948046,-4.145046386920952,0.17484654914699863
"winnipeg, manitoba",2013,-4731,713,"Winnipeg (CMA), Manitoba",CMA,Manitoba,868.75,0.2782179362146144,0.14285027874777126,770051.0,12941,3.432240202272317,5.5,68.7,706.0,0.0,13.554212025402741,-6.143748920526043,0.9259126992887484
"winnipeg, manitoba",2014,-4705,419,"Winnipeg (CMA), Manitoba",CMA,Manitoba,893.125,0.28006002265586155,0.1447847949439498,780372.0,12488,3.248450738878381,5.5,68.2,765.0,0.0,13.567526008051033,-6.029175828963623,0.5369234160118508
"winnipeg, manitoba",2015,-3789,268,"Winnipeg (CMA), Manitoba",CMA,Manitoba,925.125,0.2811499822611537,0.14633222523410858,792047.0,14073,3.493479553612349,5.7,68.7,805.0,0.0,13.582376012470155,-4.783807021553014,0.3383637587163388
"winnipeg, manitoba",2016,-4015,1189,"Winnipeg (CMA), Manitoba",CMA,Manitoba,960.125,0.283717405164565,0.14783809195396597,806186.0,12586,3.334218158092549,6.1,68.0,818.0,0.0,13.60006976409641,-4.980240291942554,1.474845755197932
"winnipeg, manitoba",2017,-5134,770,"Winnipeg (CMA), Manitoba",CMA,Manitoba,1003.125,0.28635616291650084,0.1497425450013813,821697.0,11284,3.489120685605521,5.3,67.6,863.0,0.0,13.619126992945109,-6.248045204010724,0.9370850812404086
"winnipeg, manitoba",2018,-5603,501,"Winnipeg (CMA), Manitoba",CMA,Manitoba,1057.375,0.2878070628190681,0.1519108459503574,835049.0,12853,3.0189845146811747,6.0,67.6,825.0,0.0,13.635245684745964,-6.709785892803895,0.5999647924852315
"winnipeg, manitoba",2019,-6615,564,"Winnipeg (CMA), Manitoba",CMA,Manitoba,1109.75,0.2891259304734863,0.15521330791072177,847015.0,11338,2.684722230420949,5.3,67.1,879.0,0.0,13.649473683040544,-7.809779047596559,0.6658677827429267
"winnipeg, manitoba",2020,-2163,359,"Winnipeg (CMA), Manitoba",CMA,Manitoba,1145.625,0.2888550137487468,0.15956050914335634,852805.0,8222,2.066122970667386,8.1,65.7,840.0,0.0,13.656286195415928,-2.5363359736399294,0.420963760765943
"winnipeg, manitoba",2021,-5315,-483,"Winnipeg (CMA), Manitoba",CMA,Manitoba,1189.625,0.28888899221958597,0.16286906980285665,860237.0,16392,1.2729050250105494,6.5,66.8,938.0,0.0,13.664963211659462,-6.178529870256685,-0.5614731754156123
"winnipeg, manitoba",2022,-7743,712,"Winnipeg (CMA), Manitoba",CMA,Manitoba,1218.75,0.29132256611690394,0.16484672964329083,877045.0,20490,0.8927706104019748,4.5,66.7,1003.0,0.0,13.684313581326425,-8.828509369530641,0.8118169535200589
"winnipeg, manitoba",2023,-6978,1016,"Winnipeg (CMA), Manitoba",CMA,Manitoba,1272.125,0.29982839685727697,0.16443010937089475,909657.0,18546,1.1278976581282836,4.9,67.1,1141.0,0.0,13.720822884362752,-7.671023253819846,1.1169045035656298
"winnipeg, manitoba",2024,-3463,688,"Winnipeg (CMA), Manitoba",CMA,Manitoba,1331.5,0.30770949245220797,0.16491101158498314,940010.0,16254,1.092541568706716,5.4,66.8,,0.0,13.753645792487474,-3.684003361666365,0.7319071073711981
