geo_key,year,net_interprovincial,net_intraprovincial,geo_name,geo_type,province,avg_rent,share_25_44,share_65plus,population,intl_inmigration,natural_increase_rate,unemployment_rate,participation_rate,rd_provincial,rent_deviation,log_population
"abbotsford-mission, british columbia",2001,-296,672,"Abbotsford - Mission (CMA), British Columbia",CMA,British Columbia,601.125,0.30066331867232315,0.12694659017820598,153923.0,758,4.437283576853362,7.7,64.0,1760.0,4.0,11.944207756354084
"abbotsford-mission, british columbia",2002,-131,641,"Abbotsford - Mission (CMA), British Columbia",CMA,British Columbia,621.625,0.2969308787236373,0.12728830924473714,155191.0,681,4.922965893640739,8.5,65.0,1949.0,9.0,11.952411895359067
"abbotsford-mission, british columbia",2003,196,1188,"Abbotsford - Mission (CMA), British Columbia",CMA,British Columbia,622.75,0.29396827827329686,0.1272059105003254,156738.0,900,4.842475979022318,8.0,65.5,2050.0,0.0,11.962330900540758
"abbotsford-mission, british columbia",2004,41,815,"Abbotsford - Mission (CMA), British Columbia",CMA,British Columbia,627.75,0.29141605032836493,0.1271205595389078,159274.0,819,4.5832967088162535,7.2,65.3,2263.0,0.0,11.978381268515756
"abbotsford-mission, british columbia",2005,49,680,"Abbotsford - Mission (CMA), British Columbia",CMA,British Columbia,649.625,0.289417408929468,0.1274522565409004,161331.0,1616,4.50006508358592,5.9,65.4,2414.0,0.0,11.991213434116155
"abbotsford-mission, british columbia",2006,-8,-76,"Abbotsford - Mission (CMA), British Columbia",CMA,British Columbia,646.25,0.28695604569398653,0.12770836628182825,164398.0,1272,5.450187958490979,4.9,65.8,2432.0,0.0,12.010045596080095
"abbotsford-mission, british columbia",2007,3,224,"Abbotsford - Mission (CMA), British Columbia",CMA,British Columbia,703.375,0.2845172932330827,0.1295578947368421,166250.0,1319,5.449624060150376,4.4,66.2,2838.0,0.0,12.021247958518101
"abbotsford-mission, british columbia",2008,91,47,"Abbotsford - Mission (CMA), British Columbia",CMA,British Columbia,708.625,0.2813627516141284,0.13061977781997722,168512.0,1430,6.33189327763008,4.8,66.4,2947.0,-37.875,12.034762242855981
"abbotsford-mission, british columbia",2009,-99,210,"Abbotsford - Mission (CMA), British Columbia",CMA,British Columbia,740.125,0.27929326055892617,0.1324462976410785,170756.0,1352,5.581063037316405,7.8,66.2,2911.0,-41.625,12.047990915907913
"abbotsford-mission, british columbia",2010,-164,349,"Abbotsford - Mission (CMA), British Columbia",CMA,British Columbia,750.625,0.2760243600282502,0.13474430074909402,172742.0,1129,6.026328281483368,7.8,65.8,3020.0,-38.875,12.059554430861496
"abbotsford-mission, british columbia",2011,-614,777,"Abbotsford - Mission (CMA), British Columbia",CMA,British Columbia,754.75,0.2744282625030831,0.13750953612830322,174337.0,1286,5.14520727097518,7.6,65.2,3046.0,-42.25,12.06874548666255
"abbotsford-mission, british columbia",2012,-437,226,"Abbotsford - Mission (CMA), British Columbia",CMA,British Columbia,768.125,0.2732355787460173,0.14065002461785728,176701.0,1207,4.997142064844002,6.9,65.3,3025.0,-53.5,12.082214317601338
"abbotsford-mission, british columbia",2013,-156,329,"Abbotsford - Mission (CMA), British Columbia",CMA,British Columbia,779.375,0.2716941859749445,0.14446377914426234,178723.0,1219,4.750367887736889,6.7,64.8,3228.0,-46.375,12.093592400196163
"abbotsford-mission, british columbia",2014,463,1213,"Abbotsford - Mission (CMA), British Columbia",CMA,British Columbia,790.125,0.26992101786908534,0.148501881974498,180927.0,966,4.499052103887204,6.2,64.1,3282.0,-56.0,12.1058489139775
"abbotsford-mission, british columbia",2015,792,2085,"Abbotsford - Mission (CMA), British Columbia",CMA,British Columbia,816.625,0.26886741172377804,0.15260262654374673,183968.0,1293,3.7941381109758217,6.2,64.1,3569.0,-56.0,12.122517108423018
"abbotsford-mission, british columbia",2016,472,892,"Abbotsford - Mission (CMA), British Columbia",CMA,British Columbia,852.875,0.26911022435982135,0.15492191009751327,189205.0,1179,3.884675352131286,6.1,65.2,4196.0,-39.0,12.150586362312037
"abbotsford-mission, british columbia",2017,-212,548,"Abbotsford - Mission (CMA), British Columbia",CMA,British Columbia,881.625,0.2701698458863347,0.15757061386712484,193234.0,1238,3.6122007514205574,5.3,66.1,4219.0,-30.125,12.17165716871414
"abbotsford-mission, british columbia",2018,25,112,"Abbotsford - Mission (CMA), British Columbia",CMA,British Columbia,937.625,0.27350557167231176,0.1593533721148053,197517.0,1269,3.2402274234622843,4.6,65.7,4749.0,-78.875,12.193579935568359
"barrie, ontario",2001,64,3491,"Barrie (CMA), Ontario",CMA,Ontario,810.625,0.33795119062180135,0.10555623507296943,155339.0,261,3.270266964509878,6.3,67.3,11733.0,139.125,11.953365104460964
"barrie, ontario",2002,138,3282,"Barrie (CMA), Ontario",CMA,Ontario,825.25,0.33423270665990074,0.10616730819213585,161594.0,242,3.3974033689369656,7.1,67.8,11392.0,126.625,11.992842295666973
"barrie, ontario",2003,-190,2944,"Barrie (CMA), Ontario",CMA,Ontario,921.3333333333334,0.3304535379775495,0.10660406587382922,167836.0,290,3.396172454062299,6.9,68.5,11983.0,209.20833333333337,12.03074259112497
"barrie, ontario",2004,-235,2627,"Barrie (CMA), Ontario",CMA,Ontario,921.0,0.3259913415925943,0.10720536084373417,173704.0,340,3.143278220420946,6.8,68.4,12956.0,202.375,12.065107980173607
"barrie, ontario",2005,-159,1788,"Barrie (CMA), Ontario",CMA,Ontario,905.1666666666666,0.3201536728708278,0.10803938843104237,179342.0,399,5.882615338292202,6.6,68.0,13664.0,164.16666666666663,12.09704987644564
"barrie, ontario",2006,-413,1591,"Barrie (CMA), Ontario",CMA,Ontario,843.25,0.31236549522152296,0.10998357483208925,184473.0,426,4.992600543168919,6.4,67.7,13825.0,99.625,12.125258390290348
"barrie, ontario",2007,-278,1167,"Barrie (CMA), Ontario",CMA,Ontario,877.75,0.30430679478380235,0.11189516129032258,186496.0,377,5.3674073438572405,6.4,67.7,14059.0,120.75,12.136165070114822
"barrie, ontario",2008,-292,1022,"Barrie (CMA), Ontario",CMA,Ontario,906.75,0.2955053851426385,0.11490783887610719,188203.0,398,4.224162207828781,6.6,67.6,14194.0,128.875,12.14527644649521
"barrie, ontario",2009,-254,837,"Barrie (CMA), Ontario",CMA,Ontario,893.5,0.2866394882153462,0.1177094155929772,189611.0,403,4.899504775566818,9.2,67.1,13807.0,104.875,12.152729883997782
"barrie, ontario",2010,-328,1412,"Barrie (CMA), Ontario",CMA,Ontario,912.0,0.2789832318030522,0.12015637756704138,191076.0,315,3.8623374992149717,8.8,67.0,13919.0,110.375,12.160426533644426
"barrie, ontario",2011,-237,1843,"Barrie (CMA), Ontario",CMA,Ontario,921.5,0.2741776435296194,0.12276440486199773,192678.0,347,4.235044997353097,8.0,66.7,14412.0,102.375,12.16877568078578
"barrie, ontario",2012,-565,2274,"Barrie (CMA), Ontario",CMA,Ontario,960.875,0.27048763316254953,0.12773326892539813,194593.0,373,3.8233646636826606,8.0,66.2,14635.0,123.375,12.17866547686404
"barrie, ontario",2013,-494,2063,"Barrie (CMA), Ontario",CMA,Ontario,983.875,0.2682959089197961,0.13145176879953605,196574.0,393,3.7441370679744015,7.6,66.3,14241.0,129.625,12.1887942297299
"barrie, ontario",2014,-418,1934,"Barrie (CMA), Ontario",CMA,Ontario,1029.125,0.26726053417845247,0.1343658835206804,198473.0,394,3.2346969109148347,7.4,65.9,15137.0,150.875,12.19840834970667
"barrie, ontario",2015,-339,2900,"Barrie (CMA), Ontario",CMA,Ontario,1049.0,0.26661537077933106,0.13681012860611752,200146.0,432,3.3425599312501872,6.8,65.3,14708.0,124.875,12.206802379209774
"barrie, ontario",2016,-171,2015,"Barrie (CMA), Ontario",CMA,Ontario,1072.375,0.26701118031949383,0.1388845224294107,203572.0,434,2.7705185388953293,6.6,65.0,15588.0,118.875,12.223775029643178
"barrie, ontario",2017,-276,1208,"Barrie (CMA), Ontario",CMA,Ontario,1104.75,0.2676803804810146,0.14256921351790272,206896.0,626,2.358672956461217,6.1,65.2,15887.0,108.0,12.239971530535632
"barrie, ontario",2018,-234,2467,"Barrie (CMA), Ontario",CMA,Ontario,1196.875,0.2687337271346905,0.1456620765485104,210089.0,584,1.9039549905040245,5.7,64.9,17095.0,137.375,12.255286529441525
"brantford, ontario",2001,22,662,"Brantford (CMA), Ontario",CMA,Ontario,614.625,0.29144355893157337,0.13612944399476995,128488.0,241,1.9223585081875352,6.3,67.3,11733.0,-56.875,11.763590793742733
"brantford, ontario",2002,11,920,"Brantford (CMA), Ontario",CMA,Ontario,633.5,0.2878620742854939,0.1360357928028696,129635.0,243,1.8050680757511475,7.1,67.8,11392.0,-65.125,11.772478088168603
"brantford, ontario",2003,-56,1069,"Brantford (CMA), Ontario",CMA,Ontario,694.0,0.2845180626415612,0.13550222303568296,131127.0,277,1.6396318073318232,6.9,68.5,11983.0,-18.125,11.783921598203822
"brantford, ontario",2004,-88,1284,"Brantford (CMA), Ontario",CMA,Ontario,703.5,0.28128698615163095,0.135445643078454,132651.0,212,2.103263450709003,6.8,68.4,12956.0,-15.125,11.795476898172977
"brantford, ontario",2005,-203,642,"Brantford (CMA), Ontario",CMA,Ontario,741.0,0.27878071095441054,0.13563028585455114,134439.0,266,1.51741682101176,6.6,68.0,13664.0,0.0,11.808865843548956
"brantford, ontario",2006,-213,834,"Brantford (CMA), Ontario",CMA,Ontario,676.125,0.2741706686368674,0.13705947543405986,135350.0,228,2.393793867750277,6.4,67.7,13825.0,-67.5,11.815619295042447
"brantford, ontario",2007,-185,480,"Brantford (CMA), Ontario",CMA,Ontario,702.0,0.2696579754376183,0.13832113039778146,136306.0,225,2.1569116546593694,6.4,67.7,14059.0,-55.0,11.822657637258668
"brantford, ontario",2008,-237,682,"Brantford (CMA), Ontario",CMA,Ontario,708.25,0.26494333915406926,0.14125391803721862,136867.0,198,2.1992152966018104,6.6,67.6,14194.0,-69.625,11.826764930356196
"brantford, ontario",2009,-48,445,"Brantford (CMA), Ontario",CMA,Ontario,718.875,0.25985905260098807,0.1440714908456844,137640.0,205,2.3684975297878523,9.2,67.1,13807.0,-69.75,11.832396859911416
"brantford, ontario",2010,-186,554,"Brantford (CMA), Ontario",CMA,Ontario,737.25,0.255906194460098,0.14663979077260972,138414.0,214,1.6689063245047466,8.8,67.0,13919.0,-64.375,11.83800447311914
"brantford, ontario",2011,-155,649,"Brantford (CMA), Ontario",CMA,Ontario,775.375,0.2532276363218589,0.14845690979851509,139266.0,208,2.4772737064322947,8.0,66.7,14412.0,-43.75,11.84414105244562
"brantford, ontario",2012,-74,1043,"Brantford (CMA), Ontario",CMA,Ontario,770.625,0.25195678614867284,0.15393861343635973,139770.0,189,1.0374186162982042,8.0,66.2,14635.0,-66.875,11.847753493478953
"brantford, ontario",2013,-207,938,"Brantford (CMA), Ontario",CMA,Ontario,795.875,0.2517229852274909,0.1579883213963115,140599.0,217,1.7994438082774415,7.6,66.3,14241.0,-58.375,11.853667145957875
"brantford, ontario",2014,-146,1061,"Brantford (CMA), Ontario",CMA,Ontario,821.875,0.2514203640943277,0.16150760239710762,141337.0,162,1.889101933676249,7.4,65.9,15137.0,-56.375,11.858902388605687
"brantford, ontario",2015,-74,1355,"Brantford (CMA), Ontario",CMA,Ontario,824.5,0.2513920526449,0.1650777580921848,142236.0,207,1.4623583340363904,6.8,65.3,14708.0,-99.625,11.8652429288675
"brantford, ontario",2016,-33,1572,"Brantford (CMA), Ontario",CMA,Ontario,883.75,0.25115558119652176,0.16837078690735194,143867.0,222,0.688135569658087,6.6,65.0,15588.0,-69.75,11.876644540655471
"brantford, ontario",2017,22,953,"Brantford (CMA), Ontario",CMA,Ontario,906.875,0.25246552373130754,0.17181671970708004,146115.0,229,0.9239297813366184,6.1,65.2,15887.0,-89.875,11.892149261873167
"brantford, ontario",2018,-45,1425,"Brantford (CMA), Ontario",CMA,Ontario,925.375,0.25446085373255106,0.17584462876795467,148290.0,316,1.1261716906062444,5.7,64.9,17095.0,-134.125,11.906925094969115
"calgary, alberta",2001,9015,1260,"Calgary (CMA), Alberta",CMA,Alberta,675.375,0.35320355443988133,0.08841638542000978,978382.0,9723,7.154669648460417,4.7,72.3,1588.0,87.9375,13.793655465802383
"calgary, alberta",2002,4407,455,"Calgary (CMA), Alberta",CMA,Alberta,692.875,0.3486283952785326,0.08890105932392572,1007907.0,8056,7.6296721820564795,5.3,72.9,1714.0,77.875,13.823386461452298
"calgary, alberta",2003,3360,1069,"Calgary (CMA), Alberta",CMA,Alberta,694.0,0.3439078419242718,0.0895058701050491,1029709.0,9563,7.857559757174114,5.1,73.5,1901.0,65.27083333333326,13.844786796016473
"calgary, alberta",2004,12114,1990,"Calgary (CMA), Alberta",CMA,Alberta,689.5,0.338834546733884,0.09014614932470864,1053101.0,9391,7.915670006960395,4.7,73.5,2262.0,63.75,13.867249702945676
"calgary, alberta",2005,13765,-169,"Calgary (CMA), Alberta",CMA,Alberta,697.0,0.3359568250325063,0.09027643675941303,1087482.0,11685,8.367035040579982,4.0,72.7,2422.0,58.1875,13.899375490083857
"calgary, alberta",2006,9738,-3488,"Calgary (CMA), Alberta",CMA,Alberta,814.625,0.33409829336617064,0.09051227445451064,1125549.0,11119,8.972510303860604,3.6,73.6,2599.0,109.4375,13.93378147458738
"calgary, alberta",2007,6257,-1484,"Calgary (CMA), Alberta",CMA,Alberta,935.5,0.3336063659559746,0.09038273580417766,1156150.0,12641,9.381135665787312,3.7,74.5,2709.0,109.875,13.960606077582113
"calgary, alberta",2008,4670,9,"Calgary (CMA), Alberta",CMA,Alberta,992.625,0.3337492097086087,0.0904539534774084,1187853.0,13359,9.510436055639882,3.8,74.8,3019.0,113.0,13.98765803387489
"calgary, alberta",2009,-2099,669,"Calgary (CMA), Alberta",CMA,Alberta,953.375,0.3339716665246935,0.09084780913564552,1220888.0,14918,9.256377325356626,6.8,74.6,2997.0,95.9375,14.015089020793836
"calgary, alberta",2010,1163,2952,"Calgary (CMA), Alberta",CMA,Alberta,938.375,0.3316626766981271,0.09233144430952056,1241029.0,15122,8.855554543850305,6.6,73.2,2974.0,90.1875,14.03145143216512
"calgary, alberta",2011,9416,2446,"Calgary (CMA), Alberta",CMA,Alberta,945.375,0.3293584921186265,0.09438263233602297,1263866.0,16034,8.860116499692214,5.6,73.8,3308.0,78.1875,14.049685835410973
"calgary, alberta",2012,13680,1926,"Calgary (CMA), Alberta",CMA,Alberta,1000.875,0.3299642417158436,0.09698828602625968,1299559.0,17712,8.734501473192061,4.7,73.7,3722.0,113.3125,14.07753553411076
"calgary, alberta",2013,12160,1477,"Calgary (CMA), Alberta",CMA,Alberta,1079.5,0.3313384392502294,0.09936075587213927,1343931.0,18566,8.908939521448646,4.6,73.3,3749.0,131.5625,14.11110945946161
"calgary, alberta",2014,7241,1511,"Calgary (CMA), Alberta",CMA,Alberta,1159.125,0.33347353809481206,0.10108883546838972,1386068.0,18543,8.673456136351176,4.8,72.8,3775.0,154.125,14.141981519577545
"calgary, alberta",2015,-4426,742,"Calgary (CMA), Alberta",CMA,Alberta,1163.875,0.333859968656021,0.10341959987010603,1416540.0,24867,8.683835260564473,6.1,73.3,3533.0,119.4375,14.163727836470313
"calgary, alberta",2016,-5622,2559,"Calgary (CMA), Alberta",CMA,Alberta,1108.5,0.33060561587524606,0.10697498104624716,1437710.0,18908,7.743564418415397,8.2,72.3,3257.0,94.5,14.178562127940504
"calgary, alberta",2017,-1893,2444,"Calgary (CMA), Alberta",CMA,Alberta,1092.375,0.3263587965828897,0.11127412543160965,1453860.0,17425,7.1918891777750265,8.0,72.1,3310.0,88.125,14.189732646332507
"calgary, alberta",2018,104,2535,"Calgary (CMA), Alberta",CMA,Alberta,1118.75,0.323323728955978,0.11574584811711738,1475716.0,18626,6.765529410808042,6.5,71.8,3651.0,93.75,14.204653853704887
"chilliwack, british columbia",2001,-165,372,"Chilliwack (CMA), British Columbia",CMA,British Columbia,529.625,0.2840890581734805,0.15650332652575394,79813.0,416,4.72354127773671,7.7,64.0,1760.0,-67.5,11.287441677438123
"chilliwack, british columbia",2002,-73,348,"Chilliwack (CMA), British Columbia",CMA,British Columbia,540.875,0.2775117845948814,0.15776549273180485,81038.0,382,5.244453219477283,8.5,65.0,1949.0,-71.75,11.302673459447249
"chilliwack, british columbia",2003,109,661,"Chilliwack (CMA), British Columbia",CMA,British Columbia,603.0,0.2720391105503864,0.15799497773949753,82433.0,500,5.1435711426249195,8.0,65.5,2050.0,-19.75,11.319741121161568
"chilliwack, british columbia",2004,16,451,"Chilliwack (CMA), British Columbia",CMA,British Columbia,609.6666666666666,0.267266020661108,0.15819624494443324,84313.0,461,4.767948003273516,7.2,65.3,2263.0,-18.08333333333337,11.342291343251283
"chilliwack, british columbia",2005,17,380,"Chilliwack (CMA), British Columbia",CMA,British Columbia,570.875,0.2627803526096374,0.16015324778163356,85874.0,184,3.470200526352563,5.9,65.4,2414.0,-78.75,11.360636384624243
"chilliwack, british columbia",2006,109,577,"Chilliwack (CMA), British Columbia",CMA,British Columbia,603.8125,0.2582529641536175,0.162662610759676,86787.0,144,3.537396153801837,4.9,65.8,2432.0,-42.4375,11.371212119846604
"chilliwack, british columbia",2007,83,552,"Chilliwack (CMA), British Columbia",CMA,British Columbia,636.75,0.25378775058945635,0.16301711397660226,88641.0,239,3.7680080324003566,4.4,66.2,2838.0,-66.625,11.39234978350592
"chilliwack, british columbia",2008,65,392,"Chilliwack (CMA), British Columbia",CMA,British Columbia,660.625,0.25081853358468104,0.16420279789661674,90711.0,245,3.3843745521491333,4.8,66.4,2947.0,-85.875,11.415433907691098
"chilliwack, british columbia",2009,15,506,"Chilliwack (CMA), British Columbia",CMA,British Columbia,670.5,0.2506322547175929,0.16593173810604586,92526.0,201,3.8367593973585805,7.8,66.2,2911.0,-111.25,11.435244965085712
"chilliwack, british columbia",2010,-88,460,"Chilliwack (CMA), British Columbia",CMA,British Columbia,665.875,0.2501562947029341,0.16718764900978034,94373.0,192,3.592129104722749,7.8,65.8,3020.0,-123.625,11.45501029427379
"chilliwack, british columbia",2011,-82,1064,"Chilliwack (CMA), British Columbia",CMA,British Columbia,664.75,0.24901375524431735,0.17072992548372956,95818.0,242,3.2979189713832473,7.6,65.2,3046.0,-132.25,11.470205837750067
"chilliwack, british columbia",2012,-154,819,"Chilliwack (CMA), British Columbia",CMA,British Columbia,684.125,0.2469357218988276,0.17501229810609167,97576.0,227,2.715831761908666,6.9,65.3,3025.0,-137.5,11.488386840523074
"chilliwack, british columbia",2013,159,852,"Chilliwack (CMA), British Columbia",CMA,British Columbia,689.25,0.24328009939695142,0.17932866652524823,98997.0,275,2.6364435285917756,6.7,64.8,3228.0,-136.5,11.502844825627278
"chilliwack, british columbia",2014,359,1223,"Chilliwack (CMA), British Columbia",CMA,British Columbia,690.75,0.23947229865988495,0.18462593008354608,100663.0,222,2.27491729831219,6.2,64.1,3282.0,-155.375,11.519533583184474
"chilliwack, british columbia",2015,530,2014,"Chilliwack (CMA), British Columbia",CMA,British Columbia,714.75,0.23633835953373972,0.18935262149891602,102861.0,237,2.3040802636567794,6.2,64.1,3569.0,-157.875,11.541133841233817
"chilliwack, british columbia",2016,181,2374,"Chilliwack (CMA), British Columbia",CMA,British Columbia,745.375,0.235563400222755,0.1922300039642837,105946.0,214,1.5196420818152643,6.1,65.2,4196.0,-146.5,11.570684809326373
"chilliwack, british columbia",2017,-31,2398,"Chilliwack (CMA), British Columbia",CMA,British Columbia,821.125,0.23904946707253147,0.19418975712485861,108739.0,229,1.5725728579442517,5.3,66.1,4219.0,-90.625,11.596705794409695
"chilliwack, british columbia",2018,19,1618,"Chilliwack (CMA), British Columbia",CMA,British Columbia,920.375,0.24491453563618512,0.19450171821305842,112035.0,237,1.2228321506672022,4.6,65.7,4749.0,-96.125,11.626566601459277
"drummondville, quebec",2001,-2,359,"Drummondville (CMA), Quebec",CMA,Quebec,381.625,0.2933307646924253,0.12707548192118287,83053.0,128,2.311776817213105,8.8,63.6,6415.0,-21.4375,11.327234237206607
"drummondville, quebec",2002,51,717,"Drummondville (CMA), Quebec",CMA,Quebec,400.875,0.2912646925047279,0.12808512675651737,83546.0,162,2.705096593493405,8.7,65.2,6728.0,-10.4375,11.333152657353832
"drummondville, quebec",2003,13,609,"Drummondville (CMA), Quebec",CMA,Quebec,415.0,0.2886032237845764,0.12999207653827505,84559.0,225,2.5307773270734044,9.1,66.1,6965.0,-10.875,11.345204794551771
"drummondville, quebec",2004,-34,761,"Drummondville (CMA), Quebec",CMA,Quebec,424.625,0.28624078624078625,0.13190593190593192,85470.0,300,3.018603018603019,8.5,65.9,7244.0,-13.4375,11.355920716160064
"drummondville, quebec",2005,-54,592,"Drummondville (CMA), Quebec",CMA,Quebec,439.875,0.28372963172542814,0.1344450475211622,86593.0,192,2.7831348954303468,8.2,65.6,7262.0,-12.0625,11.368974259874717
"drummondville, quebec",2006,-69,291,"Drummondville (CMA), Quebec",CMA,Quebec,444.75,0.280332860217023,0.1376196144865162,87364.0,127,2.976054209972071,8.3,65.4,7904.0,-15.9375,11.377838577476302
"drummondville, quebec",2007,-107,703,"Drummondville (CMA), Quebec",CMA,Quebec,454.125,0.27465946853273754,0.14212155924283496,88171.0,169,4.332490274580077,7.4,65.6,7950.0,-18.3125,11.387033389742967
"drummondville, quebec",2008,-40,478,"Drummondville (CMA), Quebec",CMA,Quebec,486.375,0.2695564741369679,0.14704502290246899,89510.0,119,4.357055077644956,7.4,65.6,8086.0,-7.5625,11.402105629864984
"drummondville, quebec",2009,-22,558,"Drummondville (CMA), Quebec",CMA,Quebec,484.0,0.26498015873015873,0.15162037037037038,90720.0,140,2.8659611992945324,8.8,65.3,7844.0,-13.375,11.415533118961578
"drummondville, quebec",2010,-45,637,"Drummondville (CMA), Quebec",CMA,Quebec,494.875,0.26116195305613893,0.15729566797610367,91897.0,135,2.8727814836175285,8.2,65.3,7950.0,-12.6875,11.428423663632492
"drummondville, quebec",2011,-32,592,"Drummondville (CMA), Quebec",CMA,Quebec,503.0,0.2574359525216177,0.16311294913797733,93095.0,145,2.1376013749395777,8.0,65.1,8406.0,-15.75,11.441375756130153
"drummondville, quebec",2012,-84,542,"Drummondville (CMA), Quebec",CMA,Quebec,495.75,0.25628151394591836,0.1671701806267685,94006.0,130,2.4147394847137416,7.9,65.1,8294.0,-20.1875,11.451113889002341
"drummondville, quebec",2013,-68,561,"Drummondville (CMA), Quebec",CMA,Quebec,509.0,0.25490382181726146,0.17207668944570995,94824.0,104,2.8157428499114148,7.8,65.3,8454.0,-16.5625,11.459777820759337
"drummondville, quebec",2014,-96,691,"Drummondville (CMA), Quebec",CMA,Quebec,514.0,0.2526782261520292,0.178220926222055,95679.0,128,0.8779355971529803,7.9,64.8,9081.0,-21.3125,11.468754117624824
"drummondville, quebec",2015,-64,527,"Drummondville (CMA), Quebec",CMA,Quebec,527.75,0.2523988145814768,0.18258968354299215,96506.0,238,2.9324601579176424,7.7,64.9,8770.0,-16.375,11.477360461560023
"drummondville, quebec",2016,-12,753,"Drummondville (CMA), Quebec",CMA,Quebec,529.375,0.2519656787870711,0.18820285190007074,97549.0,203,2.2142718018636787,7.2,64.6,8826.0,-25.8125,11.488110094845458
"drummondville, quebec",2017,44,545,"Drummondville (CMA), Quebec",CMA,Quebec,539.25,0.25238887423667605,0.1946197074516646,98582.0,149,0.8115071716946298,6.1,64.9,9450.0,-23.0,11.498643968144458
"drummondville, quebec",2018,32,268,"Drummondville (CMA), Quebec",CMA,Quebec,556.0,0.2533072911422991,0.20063226144211987,99326.0,185,1.8524857539818376,5.5,65.0,9957.0,-16.0,11.50616264859084
"edmonton, alberta",2001,6482,2577,"Edmonton (CMA), Alberta",CMA,Alberta,596.0,0.32287952385204693,0.10369841194024891,963062.0,4399,5.672531986518002,4.7,72.3,1588.0,8.5625,13.77787307084697
"edmonton, alberta",2002,1992,758,"Edmonton (CMA), Alberta",CMA,Alberta,638.75,0.31938298051544123,0.10429581702516726,985447.0,3548,5.960746747415133,5.3,72.9,1714.0,23.75,13.800850624321521
"edmonton, alberta",2003,1448,683,"Edmonton (CMA), Alberta",CMA,Alberta,652.125,0.3151845703739121,0.10536497330340093,1001813.0,4837,5.912281034484479,5.1,73.5,1901.0,23.395833333333258,13.817321916463502
"edmonton, alberta",2004,7510,2044,"Edmonton (CMA), Alberta",CMA,Alberta,657.5,0.31071634487412325,0.10627453715208443,1018099.0,5101,6.0416521379551495,4.7,73.5,2262.0,31.75,13.83344772087302
"edmonton, alberta",2005,12915,2502,"Edmonton (CMA), Alberta",CMA,Alberta,665.0,0.30750697718119,0.10694765220609313,1043043.0,6025,5.98728911463861,4.0,72.7,2422.0,26.1875,13.857652960362238
"edmonton, alberta",2006,9501,2352,"Edmonton (CMA), Alberta",CMA,Alberta,734.875,0.30561390544247,0.10735283031335828,1074457.0,6427,7.261342240778365,3.6,73.6,2599.0,29.6875,13.887325975650628
"edmonton, alberta",2007,3612,2409,"Edmonton (CMA), Alberta",CMA,Alberta,871.5,0.3060515873015873,0.10724333072645116,1104768.0,7510,7.454053701772679,3.7,74.5,2709.0,45.875,13.915145916139275
"edmonton, alberta",2008,4218,4042,"Edmonton (CMA), Alberta",CMA,Alberta,940.75,0.3070432113758308,0.10737000154562919,1132225.0,7780,7.29890260328115,3.8,74.8,3019.0,61.125,13.939695281245351
"edmonton, alberta",2009,-1287,3538,"Edmonton (CMA), Alberta",CMA,Alberta,930.25,0.3091869755228231,0.10730826669691299,1163778.0,9764,7.571890858909517,6.8,74.6,2997.0,72.8125,13.967182167434348
"edmonton, alberta",2010,2514,3197,"Edmonton (CMA), Alberta",CMA,Alberta,934.625,0.3089882043011661,0.10849256541673351,1184330.0,10449,7.220116014962046,6.6,73.2,2974.0,86.4375,13.984687771808156
"edmonton, alberta",2011,8646,2797,"Edmonton (CMA), Alberta",CMA,Alberta,948.25,0.30887804101029076,0.11014671184280826,1205356.0,11584,7.197873491317088,5.6,73.8,3308.0,81.0625,14.002285516959011
"edmonton, alberta",2012,13173,2707,"Edmonton (CMA), Alberta",CMA,Alberta,977.75,0.31161023069061294,0.11259449334868947,1233817.0,12771,7.36008662548822,4.7,73.7,3722.0,90.1875,14.025623174233022
"edmonton, alberta",2013,13886,3828,"Edmonton (CMA), Alberta",CMA,Alberta,1037.625,0.31539807696089034,0.11429852331045874,1271425.0,15005,7.664628271427729,4.6,73.3,3749.0,89.6875,14.055648876654345
"edmonton, alberta",2014,10270,3632,"Edmonton (CMA), Alberta",CMA,Alberta,1112.25,0.3193383254163287,0.11515735427731671,1311944.0,14092,7.589500771374388,4.8,72.8,3775.0,107.25,14.0870205646484
"edmonton, alberta",2015,-2402,4151,"Edmonton (CMA), Alberta",CMA,Alberta,1138.625,0.32079058044502773,0.11690404462208435,1341040.0,21477,7.909532899838931,6.1,73.3,3533.0,94.1875,14.108955990305159
"edmonton, alberta",2016,-3719,5888,"Edmonton (CMA), Alberta",CMA,Alberta,1115.75,0.31984878428751795,0.1196543054636532,1364673.0,16783,7.44647252491989,8.2,72.3,3257.0,101.75,14.126425397462452
"edmonton, alberta",2017,-954,4174,"Edmonton (CMA), Alberta",CMA,Alberta,1104.875,0.3193994552810516,0.1228764674788961,1388606.0,14646,6.299843152053211,8.0,72.1,3310.0,100.625,14.143810924190722
"edmonton, alberta",2018,-530,4254,"Edmonton (CMA), Alberta",CMA,Alberta,1126.0,0.31844606578094964,0.12637503849789192,1412415.0,15476,6.3770209180729465,6.5,71.8,3651.0,101.0,14.160811563200875
"fredericton, new brunswick",2001,-140,378,"Fredericton (CMA), New Brunswick",CMA,New Brunswick,581.125,0.312803000615798,0.11422493422157533,89315.0,258,3.806751385545541,11.1,61.9,162.0,87.625,11.399924725882984
"fredericton, new brunswick",2002,-146,320,"Fredericton (CMA), New Brunswick",CMA,New Brunswick,591.5,0.3097480274879104,0.11555103079664036,90367.0,149,2.921420430024235,10.1,63.3,211.0,70.125,11.41163443548761
"fredericton, new brunswick",2003,-49,149,"Fredericton (CMA), New Brunswick",CMA,New Brunswick,602.625,0.30564962463696643,0.11701463093868157,91245.0,185,3.72623157433284,10.2,63.1,216.0,87.5,11.421303475422915
"fredericton, new brunswick",2004,-249,152,"Fredericton (CMA), New Brunswick",CMA,New Brunswick,630.875,0.30252310766924806,0.11787898206779698,92069.0,236,3.736328188641128,9.8,63.8,227.0,70.75,11.430293574921723
"fredericton, new brunswick",2005,-526,463,"Fredericton (CMA), New Brunswick",CMA,New Brunswick,652.875,0.29932545464357024,0.11983163347903512,92655.0,421,4.1767848470131135,9.7,63.2,259.0,106.5,11.436638196798109
"fredericton, new brunswick",2006,-415,339,"Fredericton (CMA), New Brunswick",CMA,New Brunswick,662.0,0.2957678691750714,0.12369116247232591,93499.0,503,3.7540508454635875,9.2,63.5,273.0,91.75,11.445706020032418
"fredericton, new brunswick",2007,-94,524,"Fredericton (CMA), New Brunswick",CMA,New Brunswick,681.0,0.2940970639069442,0.12642483750225322,94309.0,487,4.156549215875474,7.7,63.8,324.0,106.0,11.45433190415227
"fredericton, new brunswick",2008,-55,469,"Fredericton (CMA), New Brunswick",CMA,New Brunswick,684.75,0.2899829403330298,0.12916156446565566,95547.0,577,4.312013982647284,8.7,65.0,320.0,94.5,11.467373552001263
"fredericton, new brunswick",2009,-7,496,"Fredericton (CMA), New Brunswick",CMA,New Brunswick,699.25,0.28729804498287687,0.1313594619332147,97237.0,467,4.607299690447053,9.0,64.7,335.0,87.25,11.484906576452703
"fredericton, new brunswick",2010,-20,436,"Fredericton (CMA), New Brunswick",CMA,New Brunswick,717.375,0.28265489950003037,0.1339088719308544,98806.0,536,3.5119324737364126,9.4,64.2,290.0,89.25,11.500913610636983
"fredericton, new brunswick",2011,-387,774,"Fredericton (CMA), New Brunswick",CMA,New Brunswick,734.125,0.28074167215535994,0.13630920304173402,100206.0,749,3.762249765483105,9.6,63.5,296.0,89.25,11.514983346079672
"fredericton, new brunswick",2012,-576,1091,"Fredericton (CMA), New Brunswick",CMA,New Brunswick,758.5,0.27854503783612905,0.1416928457115761,101226.0,717,3.200758698358129,10.5,63.5,283.0,75.125,11.52511091983403
"fredericton, new brunswick",2013,-775,718,"Fredericton (CMA), New Brunswick",CMA,New Brunswick,760.125,0.2770074169622702,0.14680503845289397,102333.0,762,3.2833983172583623,10.4,63.7,289.0,58.5,11.535987480566929
"fredericton, new brunswick",2014,-780,931,"Fredericton (CMA), New Brunswick",CMA,New Brunswick,788.375,0.2745675127002166,0.15212091189012247,102951.0,914,2.5643267185360026,10.1,63.4,302.0,74.625,11.542008425861892
"fredericton, new brunswick",2015,-716,960,"Fredericton (CMA), New Brunswick",CMA,New Brunswick,794.0,0.27029966981449927,0.1563038476718553,103881.0,1433,3.061195021226211,10.1,62.8,309.0,88.625,11.551001292222457
"fredericton, new brunswick",2016,-278,482,"Fredericton (CMA), New Brunswick",CMA,New Brunswick,810.625,0.2673352898158437,0.16083046034323922,105291.0,1103,2.4788443456705704,9.7,62.8,362.0,58.25,11.564483224383821
"fredericton, new brunswick",2017,-372,636,"Fredericton (CMA), New Brunswick",CMA,New Brunswick,829.25,0.26730142020621656,0.1658285789478631,106393.0,1262,1.4662618781310799,8.3,61.9,327.0,81.75,11.574895064251775
"fredericton, new brunswick",2018,-189,436,"Fredericton (CMA), New Brunswick",CMA,New Brunswick,862.5,0.26786378169380626,0.16978028106178897,107592.0,1444,1.031675217488289,8.1,61.5,364.0,96.375,11.586101574503385
"greater sudbury, ontario",2001,-154,-261,"Greater Sudbury (CMA), Ontario",CMA,Ontario,549.5,0.2943902085397385,0.1341009593311263,165532.0,135,0.20539835198028175,6.3,67.3,11733.0,-122.0,12.016919808583202
"greater sudbury, ontario",2002,-55,220,"Greater Sudbury (CMA), Ontario",CMA,Ontario,564.25,0.2897665350802838,0.1364401443413819,165164.0,182,-0.3027294083456443,7.1,67.8,11392.0,-134.375,12.014694198645964
"greater sudbury, ontario",2003,-102,310,"Greater Sudbury (CMA), Ontario",CMA,Ontario,569.625,0.28628116544259763,0.13758093351372247,165568.0,121,0.09059721685349827,6.9,68.5,11983.0,-142.5,12.017137265545701
"greater sudbury, ontario",2004,-174,591,"Greater Sudbury (CMA), Ontario",CMA,Ontario,574.875,0.28209762739640193,0.1397052621431756,165978.0,152,-0.1506223716396149,6.8,68.4,12956.0,-143.75,12.019610528435306
"greater sudbury, ontario",2005,-55,846,"Greater Sudbury (CMA), Ontario",CMA,Ontario,592.125,0.2785958595859586,0.14122412241224122,166650.0,123,0.04200420042004201,6.6,68.0,13664.0,-148.875,12.023651083735885
"greater sudbury, ontario",2006,-80,413,"Greater Sudbury (CMA), Ontario",CMA,Ontario,615.0,0.27598732790243435,0.14334714877804774,167928.0,128,0.6133581058548903,6.4,67.7,13825.0,-128.625,12.031290595093843
"greater sudbury, ontario",2007,-29,388,"Greater Sudbury (CMA), Ontario",CMA,Ontario,655.0,0.2718342879188058,0.14565688340208327,168485.0,171,0.7893877793275366,6.4,67.7,14059.0,-102.0,12.034602004040456
"greater sudbury, ontario",2008,-263,-144,"Greater Sudbury (CMA), Ontario",CMA,Ontario,708.375,0.2678951224123263,0.1481531808299461,169264.0,134,1.5301540788354289,6.6,67.6,14194.0,-69.5,12.039214905226556
"greater sudbury, ontario",2009,-388,-669,"Greater Sudbury (CMA), Ontario",CMA,Ontario,730.125,0.2633924092467673,0.15087669599806425,169443.0,125,1.8059170340468476,9.2,67.1,13807.0,-58.5,12.040271866060932
"greater sudbury, ontario",2010,-173,-213,"Greater Sudbury (CMA), Ontario",CMA,Ontario,738.5,0.25752357960260824,0.15383841611341878,169002.0,139,-0.20709814085040415,8.8,67.0,13919.0,-63.125,12.037665828154712
"greater sudbury, ontario",2011,-234,430,"Greater Sudbury (CMA), Ontario",CMA,Ontario,776.5,0.254899755530168,0.15694608049154418,168937.0,146,1.3614542699349461,8.0,66.7,14412.0,-42.625,12.037281143339987
"greater sudbury, ontario",2012,-277,373,"Greater Sudbury (CMA), Ontario",CMA,Ontario,810.75,0.2551600500082561,0.16183685985893898,169572.0,164,0.6663836010662137,8.0,66.2,14635.0,-26.75,12.041032894370746
"greater sudbury, ontario",2013,-418,26,"Greater Sudbury (CMA), Ontario",CMA,Ontario,807.0,0.25513234420666986,0.16619327370346193,170049.0,281,0.25874894883239535,7.6,66.3,14241.0,-47.25,12.043841909794704
"greater sudbury, ontario",2014,-336,-42,"Greater Sudbury (CMA), Ontario",CMA,Ontario,822.375,0.25388540054492703,0.1704986141433876,169931.0,161,1.188717773684613,7.4,65.9,15137.0,-55.875,12.04314775128692
"greater sudbury, ontario",2015,-16,-198,"Greater Sudbury (CMA), Ontario",CMA,Ontario,855.25,0.252786289397691,0.17481723705956043,170029.0,212,0.49991472043004426,6.8,65.3,14708.0,-68.875,12.043724289719174
"greater sudbury, ontario",2016,25,-161,"Greater Sudbury (CMA), Ontario",CMA,Ontario,863.125,0.2517813195827962,0.17899332005156451,170660.0,159,-0.5801007851869214,6.6,65.0,15588.0,-90.375,12.047428552090576
"greater sudbury, ontario",2017,-44,209,"Greater Sudbury (CMA), Ontario",CMA,Ontario,928.125,0.25157100841559654,0.1823068635159139,171705.0,219,-0.8910631606534463,6.1,65.2,15887.0,-68.625,12.053533167020687
"greater sudbury, ontario",2018,30,102,"Greater Sudbury (CMA), Ontario",CMA,Ontario,930.0,0.2510970706490523,0.18478460654796094,174100.0,268,-1.3497989661114302,5.7,64.9,17095.0,-129.5,12.06738512575628
"guelph, ontario",2001,-62,431,"Guelph (CMA), Ontario",CMA,Ontario,736.375,0.3288083877546255,0.11948035774053692,128473.0,788,4.319973846644821,6.3,67.3,11733.0,64.875,11.76347404450828
"guelph, ontario",2002,-41,441,"Guelph (CMA), Ontario",CMA,Ontario,767.25,0.32491881624900437,0.11972305618528277,130568.0,555,5.047178481710679,7.1,67.8,11392.0,68.625,11.779649442830532
"guelph, ontario",2003,-16,771,"Guelph (CMA), Ontario",CMA,Ontario,781.625,0.32079157145335113,0.11975384058462861,132597.0,644,4.524989253150524,6.9,68.5,11983.0,69.5,11.795069732043574
"guelph, ontario",2004,-85,904,"Guelph (CMA), Ontario",CMA,Ontario,791.25,0.31671597742827695,0.11969538555083457,134859.0,760,4.61963977190992,6.8,68.4,12956.0,72.625,11.811985067163944
"guelph, ontario",2005,-288,518,"Guelph (CMA), Ontario",CMA,Ontario,814.875,0.3132007022502604,0.11962294114647454,137273.0,796,5.937074297203383,6.6,68.0,13664.0,73.875,11.82972692274573
"guelph, ontario",2006,-428,585,"Guelph (CMA), Ontario",CMA,Ontario,826.125,0.30802805475990497,0.12019468912196067,139299.0,731,5.161558948736173,6.4,67.7,13825.0,82.5,11.844377980991233
"guelph, ontario",2007,-367,926,"Guelph (CMA), Ontario",CMA,Ontario,811.25,0.3029628678620847,0.12194547866649548,140202.0,765,6.048415857120441,6.4,67.7,14059.0,54.25,11.850839518816112
"guelph, ontario",2008,-414,678,"Guelph (CMA), Ontario",CMA,Ontario,829.625,0.29713349250526255,0.12346891202689911,141566.0,660,5.799415113798511,6.6,67.6,14194.0,51.75,11.860521318415666
"guelph, ontario",2009,-136,859,"Guelph (CMA), Ontario",CMA,Ontario,843.375,0.29030947762082515,0.126340264306074,142789.0,660,5.2805188074711635,9.2,67.1,13807.0,54.75,11.86912329510827
"guelph, ontario",2010,-112,652,"Guelph (CMA), Ontario",CMA,Ontario,841.0,0.2847601826256244,0.1290087918026313,144339.0,539,4.2815870970423795,8.8,67.0,13919.0,39.375,11.879919978515803
"guelph, ontario",2011,-85,780,"Guelph (CMA), Ontario",CMA,Ontario,850.875,0.28209072057349244,0.13084856558221294,145634.0,600,5.589354134336761,8.0,66.7,14412.0,31.75,11.88885190396751
"guelph, ontario",2012,-145,515,"Guelph (CMA), Ontario",CMA,Ontario,885.125,0.28183003709534654,0.1350567916917235,147997.0,649,4.108191382257749,8.0,66.2,14635.0,47.625,11.904947282270538
"guelph, ontario",2013,-227,934,"Guelph (CMA), Ontario",CMA,Ontario,898.375,0.2815112851805562,0.13854338628935778,149621.0,689,4.3175757413732025,7.6,66.3,14241.0,44.125,11.91586070900251
"guelph, ontario",2014,-129,931,"Guelph (CMA), Ontario",CMA,Ontario,926.375,0.28011708629180593,0.1420396484774167,151683.0,667,3.2765702155152523,7.4,65.9,15137.0,48.125,11.929548095774269
"guelph, ontario",2015,101,1575,"Guelph (CMA), Ontario",CMA,Ontario,953.875,0.2783181838884515,0.14486859998308294,153691.0,727,4.131666785953635,6.8,65.3,14708.0,29.75,11.942699372184393
"guelph, ontario",2016,244,1272,"Guelph (CMA), Ontario",CMA,Ontario,994.0,0.2766965893258177,0.14711514603996614,157183.0,726,3.7472245726319002,6.6,65.0,15588.0,40.5,11.965166010635784
"guelph, ontario",2017,91,1008,"Guelph (CMA), Ontario",CMA,Ontario,1027.25,0.27839105922763874,0.14972433448245823,160702.0,920,3.310475289666588,6.1,65.2,15887.0,30.5,11.987306997198875
"guelph, ontario",2018,79,879,"Guelph (CMA), Ontario",CMA,Ontario,1067.0,0.2802858902664366,0.1531964458863635,163979.0,971,2.7442538373816157,5.7,64.9,17095.0,7.5,12.007493649826902
"halifax, nova scotia",2001,362,927,"Halifax (CMA), Nova Scotia",CMA,Nova Scotia,650.875,0.33424026789451655,0.10776781794607397,391796.0,1327,3.443118357512583,9.7,62.0,376.0,0.0,12.878496575150008
"halifax, nova scotia",2002,673,344,"Halifax (CMA), Nova Scotia",CMA,Nova Scotia,684.0,0.330488241012648,0.10846022495454065,397058.0,1055,3.3194142921185317,9.6,62.6,400.0,0.0,12.891837644716272
"halifax, nova scotia",2003,-457,-71,"Halifax (CMA), Nova Scotia",CMA,Nova Scotia,701.625,0.3253136509267299,0.10954826281801759,400764.0,1392,3.428451657334491,9.1,63.0,410.0,0.0,12.901128004359421
"halifax, nova scotia",2004,-1642,637,"Halifax (CMA), Nova Scotia",CMA,Nova Scotia,733.125,0.31984646378542597,0.11132862350174574,403553.0,1413,3.0702286936288417,8.8,63.9,448.0,0.0,12.908063108747932
"halifax, nova scotia",2005,-708,411,"Halifax (CMA), Nova Scotia",CMA,Nova Scotia,722.0,0.31386408822040285,0.11326887217673717,404895.0,1781,3.3564257400066686,8.4,63.4,466.0,0.0,12.911383053215925
"halifax, nova scotia",2006,-1011,1246,"Halifax (CMA), Nova Scotia",CMA,Nova Scotia,762.375,0.3084593219299859,0.11612040953957452,407775.0,2293,3.0433449819140455,8.2,62.8,502.0,0.0,12.918470830682232
"halifax, nova scotia",2007,-180,1417,"Halifax (CMA), Nova Scotia",CMA,Nova Scotia,778.75,0.302781792613137,0.11818590206839977,409592.0,2176,3.8428484931346314,8.2,63.5,509.0,0.0,12.922916821266698
"halifax, nova scotia",2008,-125,1391,"Halifax (CMA), Nova Scotia",CMA,Nova Scotia,794.5,0.29766940948693127,0.12045256534365925,413200.0,1951,3.5285575992255565,7.9,63.9,525.0,0.0,12.93168701622762
"halifax, nova scotia",2009,927,1174,"Halifax (CMA), Nova Scotia",CMA,Nova Scotia,829.75,0.2937635017035224,0.12239706337199126,417077.0,1893,3.627627512425763,9.4,64.5,520.0,0.0,12.941026136012983
"halifax, nova scotia",2010,605,1253,"Halifax (CMA), Nova Scotia",CMA,Nova Scotia,849.375,0.2911075932868538,0.12418656896805047,421978.0,1800,3.042812658479826,9.6,64.5,524.0,0.0,12.95270845895777
"halifax, nova scotia",2011,-724,1269,"Halifax (CMA), Nova Scotia",CMA,Nova Scotia,882.0,0.28978210688715067,0.12702564981648512,425851.0,1733,3.4988763675557886,9.0,64.3,504.0,0.0,12.961844798811157
"halifax, nova scotia",2012,-882,1323,"Halifax (CMA), Nova Scotia",CMA,Nova Scotia,901.25,0.2870123466022889,0.1326950087755994,427891.0,1729,2.6782521716979324,9.3,64.6,510.0,0.0,12.966623769232088
"halifax, nova scotia",2013,-946,1349,"Halifax (CMA), Nova Scotia",CMA,Nova Scotia,924.875,0.2843050393796252,0.1385654531804468,428902.0,2173,2.45044322479261,9.1,64.1,525.0,0.0,12.968983733585729
"halifax, nova scotia",2014,-1194,1191,"Halifax (CMA), Nova Scotia",CMA,Nova Scotia,947.375,0.2818205271830963,0.14363310548077973,430249.0,2073,2.098784657256612,9.1,63.2,590.0,0.0,12.972119389840985
"halifax, nova scotia",2015,157,1255,"Halifax (CMA), Nova Scotia",CMA,Nova Scotia,976.375,0.27893540727930993,0.1480298977437977,432541.0,4545,2.1431494355448386,8.9,62.6,616.0,0.0,12.977432398548915
"halifax, nova scotia",2016,1629,954,"Halifax (CMA), Nova Scotia",CMA,Nova Scotia,988.875,0.27832163681276284,0.1519718187670939,438022.0,3621,1.7259407061745757,8.4,61.7,640.0,0.0,12.990024416407685
"halifax, nova scotia",2017,1563,958,"Halifax (CMA), Nova Scotia",CMA,Nova Scotia,1020.875,0.28092229063652246,0.1557914875843764,445326.0,4397,1.2305591858548568,8.7,61.7,671.0,0.0,13.006561877209167
"halifax, nova scotia",2018,1726,971,"Halifax (CMA), Nova Scotia",CMA,Nova Scotia,1057.625,0.28343303679830467,0.15923489547692105,453010.0,5454,1.2560429129599788,7.9,61.3,657.0,0.0,13.023669479276709
"hamilton, ontario",2001,64,2667,"Hamilton (CMA), Ontario",CMA,Ontario,680.25,0.30616085003655946,0.13862710507073966,689288.0,4430,3.030663525260849,6.3,67.3,11733.0,8.75,13.443414459756587
"hamilton, ontario",2002,152,2570,"Hamilton (CMA), Ontario",CMA,Ontario,707.125,0.3023907101866165,0.13961248469239967,697366.0,3314,2.725971727901848,7.1,67.8,11392.0,8.5,13.455065659525925
"hamilton, ontario",2003,-464,2140,"Hamilton (CMA), Ontario",CMA,Ontario,716.625,0.29829151064186166,0.14069912361139106,704482.0,4028,3.158348971300899,6.9,68.5,11983.0,4.5,13.465218059958978
"hamilton, ontario",2004,-755,1822,"Hamilton (CMA), Ontario",CMA,Ontario,728.0,0.2935577548097351,0.1419635143919206,710746.0,3805,3.00670000253255,6.8,68.4,12956.0,9.375,13.474070401639514
"hamilton, ontario",2005,-1191,1769,"Hamilton (CMA), Ontario",CMA,Ontario,722.875,0.28905590790980973,0.14327903662932023,715820.0,4248,2.835908468609427,6.6,68.0,13664.0,-18.125,13.481184017689303
"hamilton, ontario",2006,-1122,902,"Hamilton (CMA), Ontario",CMA,Ontario,719.25,0.2834851918809292,0.14521864434806897,719639.0,3824,2.3595163686237126,6.4,67.7,13825.0,-24.375,13.486504976365909
"hamilton, ontario",2007,-968,1266,"Hamilton (CMA), Ontario",CMA,Ontario,750.875,0.27796308249784607,0.14728216152723103,721934.0,3836,2.705233442392241,6.4,67.7,14059.0,-6.125,13.489689000954181
"hamilton, ontario",2008,-994,1476,"Hamilton (CMA), Ontario",CMA,Ontario,767.375,0.27257514719553766,0.14946803016217333,726075.0,3664,2.6305822401267087,6.6,67.6,14194.0,-10.5,13.495408594256382
"hamilton, ontario",2009,-439,3149,"Hamilton (CMA), Ontario",CMA,Ontario,762.125,0.26677032278021023,0.1516709757863516,730621.0,3954,2.69496770555459,9.2,67.1,13807.0,-26.5,13.501650136428728
"hamilton, ontario",2010,-492,2600,"Hamilton (CMA), Ontario",CMA,Ontario,795.5,0.2627232451701994,0.1534643526670049,737194.0,3455,2.382005279478672,8.8,67.0,13919.0,-6.125,13.510606365840724
"hamilton, ontario",2011,-577,3685,"Hamilton (CMA), Ontario",CMA,Ontario,819.125,0.26023867222912966,0.156440903770019,742357.0,3623,2.4907153835688223,8.0,66.7,14412.0,0.0,13.517585538518064
"hamilton, ontario",2012,-879,3491,"Hamilton (CMA), Ontario",CMA,Ontario,823.375,0.25957224509864174,0.16060448971629973,748466.0,3592,1.9773777299169235,8.0,66.2,14635.0,-14.125,13.525781057628414
"hamilton, ontario",2013,-773,3588,"Hamilton (CMA), Ontario",CMA,Ontario,854.25,0.258672994083971,0.16455664285922825,753546.0,3378,1.8764614237219757,7.6,66.3,14241.0,0.0,13.532545343625918
"hamilton, ontario",2014,-390,2946,"Hamilton (CMA), Ontario",CMA,Ontario,878.25,0.25832769425790425,0.16824231008187543,758103.0,2860,1.9601558099624985,7.4,65.9,15137.0,0.0,13.538574539298141
"hamilton, ontario",2015,2,3079,"Hamilton (CMA), Ontario",CMA,Ontario,930.125,0.25769847119023703,0.17119443344340204,762554.0,4368,2.022151873834509,6.8,65.3,14708.0,6.0,13.54442860462824
"hamilton, ontario",2016,163,2543,"Hamilton (CMA), Ontario",CMA,Ontario,953.5,0.2579708527163981,0.17377653056986211,770432.0,3297,1.3849372819405217,6.6,65.0,15588.0,0.0,13.554706675467388
"hamilton, ontario",2017,-249,1670,"Hamilton (CMA), Ontario",CMA,Ontario,996.75,0.2598089824667605,0.17595313183339126,779719.0,4179,1.0991139115501867,6.1,65.2,15887.0,0.0,13.566688877347588
"hamilton, ontario",2018,26,2980,"Hamilton (CMA), Ontario",CMA,Ontario,1077.375,0.261503956645617,0.17797674471707256,788294.0,4493,1.2203568719284936,5.7,64.9,17095.0,17.875,13.577626395703545
"kamloops, british columbia",2001,-807,400,"Kamloops (CMA), British Columbia",CMA,British Columbia,563.5,0.291114415637594,0.12429689015322945,92802.0,82,1.0344604642141333,7.7,64.0,1760.0,-33.625,11.438223470266195
"kamloops, british columbia",2002,-409,304,"Kamloops (CMA), British Columbia",CMA,British Columbia,565.5,0.28423339674852993,0.12812391905914908,92512.0,72,0.7674680041508128,8.5,65.0,1949.0,-47.125,11.435093644816073
"kamloops, british columbia",2003,-210,559,"Kamloops (CMA), British Columbia",CMA,British Columbia,568.125,0.2759654153819617,0.13206408072619072,92758.0,81,0.6899674421613231,8.0,65.5,2050.0,-54.625,11.437749230119346
"kamloops, british columbia",2004,-189,724,"Kamloops (CMA), British Columbia",CMA,British Columbia,580.75,0.26913728303583856,0.1364478375860629,93391.0,90,0.8673212622201283,7.2,65.3,2263.0,-47.0,11.444550259830995
"kamloops, british columbia",2005,-40,977,"Kamloops (CMA), British Columbia",CMA,British Columbia,597.25,0.2640892540577264,0.13965584960139274,94203.0,162,0.6475377641901001,5.9,65.4,2414.0,-52.375,11.453207307191104
"kamloops, british columbia",2006,359,1161,"Kamloops (CMA), British Columbia",CMA,British Columbia,646.25,0.259277859736129,0.14295280245247288,95577.0,152,1.4020109440555784,4.9,65.8,2432.0,0.0,11.467687484320034
"kamloops, british columbia",2007,281,816,"Kamloops (CMA), British Columbia",CMA,British Columbia,701.875,0.2564591926778715,0.14473927230191466,97458.0,256,2.5036425947587677,4.4,66.2,2838.0,-1.5,11.48717679494745
"kamloops, british columbia",2008,-9,245,"Kamloops (CMA), British Columbia",CMA,British Columbia,746.5,0.2550143555130207,0.14831007908124716,99265.0,220,2.5285851004885913,4.8,66.4,2947.0,0.0,11.50554832063118
"kamloops, british columbia",2009,6,-121,"Kamloops (CMA), British Columbia",CMA,British Columbia,781.75,0.2538845616137408,0.1519273017775115,100140.0,287,2.296784501697623,7.8,66.2,2911.0,0.0,11.514324485883936
"kamloops, british columbia",2010,-81,-58,"Kamloops (CMA), British Columbia",CMA,British Columbia,789.5,0.25378177987158845,0.15543562526089807,100614.0,213,1.2224938875305624,7.8,65.8,3020.0,0.0,11.519046691975165
"kamloops, british columbia",2011,-249,576,"Kamloops (CMA), British Columbia",CMA,British Columbia,797.0,0.2541665427361867,0.15849221220863943,100863.0,209,1.3384491835459982,7.6,65.2,3046.0,0.0,11.521518439388247
"kamloops, british columbia",2012,-287,493,"Kamloops (CMA), British Columbia",CMA,British Columbia,821.625,0.2560966062551376,0.16354170744118685,102188.0,213,0.5088660116647746,6.9,65.3,3025.0,0.0,11.5345695330281
"kamloops, british columbia",2013,-56,510,"Kamloops (CMA), British Columbia",CMA,British Columbia,825.75,0.25859937810224615,0.16825038144349808,103554.0,255,0.7242598064777798,6.7,64.8,3228.0,0.0,11.547848494759458
"kamloops, british columbia",2014,260,443,"Kamloops (CMA), British Columbia",CMA,British Columbia,846.125,0.2595798223205094,0.17194112937049605,104908.0,202,0.7625729210355741,6.2,64.1,3282.0,0.0,11.560839054584227
"kamloops, british columbia",2015,531,651,"Kamloops (CMA), British Columbia",CMA,British Columbia,904.375,0.25786531154836095,0.17687876530871996,106067.0,346,0.8390922718658961,6.2,64.1,3569.0,31.75,11.571826248890337
"kamloops, british columbia",2016,452,828,"Kamloops (CMA), British Columbia",CMA,British Columbia,891.875,0.25683135650234545,0.181214115218373,108507.0,283,0.06451196696987291,6.1,65.2,4196.0,0.0,11.594569966010608
"kamloops, british columbia",2017,292,1138,"Kamloops (CMA), British Columbia",CMA,British Columbia,911.75,0.25812898347196717,0.18420294551870656,111084.0,348,0.10802635843145728,5.3,66.1,4219.0,0.0,11.618041950855211
"kamloops, british columbia",2018,110,870,"Kamloops (CMA), British Columbia",CMA,British Columbia,1016.5,0.25954623809440897,0.18652818164405982,114862.0,355,-0.7400184569309257,4.6,65.7,4749.0,0.0,11.651486686768868
"kelowna, british columbia",2001,-28,2063,"Kelowna (CMA), British Columbia",CMA,British Columbia,597.125,0.2764321464692306,0.1790669329114909,154244.0,276,-0.35009465522159694,7.7,64.0,1760.0,0.0,11.94629104311806
"kelowna, british columbia",2002,829,2243,"Kelowna (CMA), British Columbia",CMA,British Columbia,612.625,0.26872720980755305,0.18126413873099081,156043.0,207,-0.1730292291227418,8.5,65.0,1949.0,0.0,11.957886889275308
"kelowna, british columbia",2003,1272,1487,"Kelowna (CMA), British Columbia",CMA,British Columbia,623.875,0.261913928140916,0.18299894603310846,158449.0,385,-0.6500514361087796,8.0,65.5,2050.0,1.125,11.97318805395999
"kelowna, british columbia",2004,1209,1249,"Kelowna (CMA), British Columbia",CMA,British Columbia,637.375,0.2569554343306461,0.18390397994203547,161133.0,400,-0.5213084842955819,7.2,65.3,2263.0,9.625,11.989985389901088
"kelowna, british columbia",2005,1547,1810,"Kelowna (CMA), British Columbia",CMA,British Columbia,664.75,0.25314405837132276,0.1839686633015974,163642.0,379,-0.12832891311521494,5.9,65.4,2414.0,15.125,12.00543639391927
"kelowna, british columbia",2006,2214,1184,"Kelowna (CMA), British Columbia",CMA,British Columbia,707.5,0.25018851664332653,0.18460866338707554,167094.0,456,0.38900259734041914,4.9,65.8,2432.0,61.25,12.026311807296096
"kelowna, british columbia",2007,2211,1093,"Kelowna (CMA), British Columbia",CMA,British Columbia,775.375,0.24878619479379935,0.1838900263234864,170950.0,611,0.2690845276396607,4.4,66.2,2838.0,72.0,12.049126395067447
"kelowna, british columbia",2008,1207,1040,"Kelowna (CMA), British Columbia",CMA,British Columbia,855.125,0.2483967312162,0.18349504028873115,175111.0,545,0.7937822295572523,4.8,66.4,2947.0,108.625,12.073175337545774
"kelowna, british columbia",2009,1244,1049,"Kelowna (CMA), British Columbia",CMA,British Columbia,807.375,0.24827663572370082,0.1835319853044283,178285.0,641,1.2227613091398604,7.8,66.2,2911.0,25.625,12.091138672437914
"kelowna, british columbia",2010,873,1086,"Kelowna (CMA), British Columbia",CMA,British Columbia,812.5,0.24874324771249035,0.18436225333480322,181420.0,499,0.34174842905964065,7.8,65.8,3020.0,23.0,12.108570064168935
"kelowna, british columbia",2011,452,1496,"Kelowna (CMA), British Columbia",CMA,British Columbia,825.875,0.24834893204623534,0.18736967043975847,183669.0,597,0.19056019252024023,7.6,65.2,3046.0,28.875,12.120890503560473
"kelowna, british columbia",2012,471,1464,"Kelowna (CMA), British Columbia",CMA,British Columbia,847.5,0.2470016642508187,0.1916357974982552,186270.0,532,0.05905406130885275,6.9,65.3,3025.0,25.875,12.134952513027049
"kelowna, british columbia",2013,1612,1457,"Kelowna (CMA), British Columbia",CMA,British Columbia,876.375,0.24695089729226996,0.19550191295525166,189236.0,651,0.10040372867741867,6.7,64.8,3228.0,50.625,12.150750192341391
"kelowna, british columbia",2014,2596,1401,"Kelowna (CMA), British Columbia",CMA,British Columbia,891.25,0.24665194158937725,0.19825575079789573,193321.0,529,0.11897310690509567,6.2,64.1,3282.0,45.125,12.172107298716178
"kelowna, british columbia",2015,2771,1238,"Kelowna (CMA), British Columbia",CMA,British Columbia,872.625,0.24672740495333523,0.20175447456668416,198008.0,721,-0.2878671568825502,6.2,64.1,3569.0,0.0,12.196062712900854
"kelowna, british columbia",2016,2172,1726,"Kelowna (CMA), British Columbia",CMA,British Columbia,967.5,0.24590445612846532,0.20389598275870532,203697.0,539,-2.0029750069956846,6.1,65.2,4196.0,75.625,12.224388874565944
"kelowna, british columbia",2017,1946,1536,"Kelowna (CMA), British Columbia",CMA,British Columbia,1055.0,0.24882465026762546,0.2063397071918956,208874.0,725,-0.32555511935425185,5.3,66.1,4219.0,143.25,12.249486478333871
"kelowna, british columbia",2018,1871,1549,"Kelowna (CMA), British Columbia",CMA,British Columbia,1132.375,0.2523368399503087,0.2083591172816817,214927.0,835,-1.7820004001358603,4.6,65.7,4749.0,115.875,12.27805371457106
"kingston, ontario",2001,503,772,"Kingston (CMA), Ontario",CMA,Ontario,653.875,0.30282676722049834,0.13751522055068935,152754.0,486,0.9426921717270906,6.3,67.3,11733.0,-17.625,11.936584063270358
"kingston, ontario",2002,433,523,"Kingston (CMA), Ontario",CMA,Ontario,661.625,0.29859304074951737,0.13862325905742123,154873.0,385,0.5617505956493385,7.1,67.8,11392.0,-37.0,11.950360705208029
"kingston, ontario",2003,-49,271,"Kingston (CMA), Ontario",CMA,Ontario,706.0,0.2953490750565705,0.14024366858004883,156442.0,451,0.5433323532043824,6.9,68.5,11983.0,-6.125,11.960440613241834
"kingston, ontario",2004,-212,-155,"Kingston (CMA), Ontario",CMA,Ontario,718.625,0.29169102508705486,0.1426365554228198,157372.0,414,0.6989807589660169,6.8,68.4,12956.0,0.0,11.966367708416739
"kingston, ontario",2005,-164,-285,"Kingston (CMA), Ontario",CMA,Ontario,741.875,0.28622345114503334,0.144868436907427,157681.0,366,1.046416499134328,6.6,68.0,13664.0,0.875,11.968329283764888
"kingston, ontario",2006,105,138,"Kingston (CMA), Ontario",CMA,Ontario,780.5,0.27950243785216056,0.1477762108631451,158131.0,378,1.0877057629433824,6.4,67.7,13825.0,36.875,11.971179082408073
"kingston, ontario",2007,326,564,"Kingston (CMA), Ontario",CMA,Ontario,808.375,0.27450535601764336,0.14952110901071203,158700.0,461,1.001890359168242,6.4,67.7,14059.0,51.375,11.9747709065145
"kingston, ontario",2008,216,734,"Kingston (CMA), Ontario",CMA,Ontario,869.25,0.26845734074273175,0.15254692862098926,159977.0,359,1.7627533958006463,6.6,67.6,14194.0,91.375,11.982785333882942
"kingston, ontario",2009,245,775,"Kingston (CMA), Ontario",CMA,Ontario,842.125,0.26372776010004084,0.15482189508091176,161534.0,436,1.0833632547946563,9.2,67.1,13807.0,53.5,11.992470925803083
"kingston, ontario",2010,303,700,"Kingston (CMA), Ontario",CMA,Ontario,884.5,0.2612940440102601,0.15647819737116628,162962.0,381,1.1965979798971538,8.8,67.0,13919.0,82.875,12.001272323775792
"kingston, ontario",2011,143,1129,"Kingston (CMA), Ontario",CMA,Ontario,902.375,0.25998331801106855,0.1588015756564728,164249.0,348,1.1446036201133645,8.0,66.7,14412.0,83.25,12.009138848048263
"kingston, ontario",2012,255,700,"Kingston (CMA), Ontario",CMA,Ontario,934.25,0.25947172474206737,0.166141473622737,164384.0,332,0.2615826357796379,8.0,66.2,14635.0,96.75,12.009960433266995
"kingston, ontario",2013,274,1089,"Kingston (CMA), Ontario",CMA,Ontario,1007.125,0.2589623447299705,0.17315201210435122,163908.0,366,1.0249652243941725,7.6,66.3,14241.0,152.875,12.007060573790891
"kingston, ontario",2014,292,1019,"Kingston (CMA), Ontario",CMA,Ontario,1001.25,0.2583711068869718,0.1787602963396208,164136.0,358,0.31681044987083884,7.4,65.9,15137.0,123.0,12.008450631446042
"kingston, ontario",2015,348,1277,"Kingston (CMA), Ontario",CMA,Ontario,1031.75,0.2574359161437813,0.18378812199036917,164472.0,421,0.8572887786370933,6.8,65.3,14708.0,107.625,12.010495621933769
"kingston, ontario",2016,479,1553,"Kingston (CMA), Ontario",CMA,Ontario,1127.0,0.2551849489028251,0.18886695475281967,166154.0,355,0.19861092721210444,6.6,65.0,15588.0,173.5,12.020670348124309
"kingston, ontario",2017,414,1311,"Kingston (CMA), Ontario",CMA,Ontario,1131.0,0.2570398301146491,0.19107984258545738,169997.0,500,-0.40000705894809907,6.1,65.2,15887.0,134.25,12.043536068817865
"kingston, ontario",2018,282,1007,"Kingston (CMA), Ontario",CMA,Ontario,1223.0,0.25950413223140495,0.19400466495810176,173635.0,446,-0.6565496587669536,5.7,64.9,17095.0,163.5,12.064710673790463
"kitchener-cambridge-waterloo, ontario",2001,211,1639,"Kitchener - Cambridge - Waterloo (CMA), Ontario",CMA,Ontario,683.0,0.32556319000840983,0.11004124393866194,447096.0,3307,5.772809419006209,6.3,67.3,11733.0,11.5,13.010528615637654
"kitchener-cambridge-waterloo, ontario",2002,66,1456,"Kitchener - Cambridge - Waterloo (CMA), Ontario",CMA,Ontario,698.625,0.3226286178041478,0.11003388863908051,455905.0,2458,5.268641493293559,7.1,67.8,11392.0,0.0,13.030039733458786
"kitchener-cambridge-waterloo, ontario",2003,-68,2362,"Kitchener - Cambridge - Waterloo (CMA), Ontario",CMA,Ontario,712.125,0.31955319805787097,0.11020654011308217,463203.0,3247,5.919650779463863,6.9,68.5,11983.0,0.0,13.045920681903887
"kitchener-cambridge-waterloo, ontario",2004,-196,1816,"Kitchener - Cambridge - Waterloo (CMA), Ontario",CMA,Ontario,730.25,0.31754516701315527,0.11033157054606887,472358.0,3336,5.451373746184038,6.8,68.4,12956.0,11.625,13.065492451647486
"kitchener-cambridge-waterloo, ontario",2005,-697,1399,"Kitchener - Cambridge - Waterloo (CMA), Ontario",CMA,Ontario,770.625,0.31443402998117076,0.1110426831171263,480635.0,3064,6.268790246236749,6.6,68.0,13664.0,29.625,13.08286342526747
"kitchener-cambridge-waterloo, ontario",2006,-1029,839,"Kitchener - Cambridge - Waterloo (CMA), Ontario",CMA,Ontario,804.75,0.31047056318535077,0.11216003734368474,488436.0,3249,5.896371274844606,6.4,67.7,13825.0,61.125,13.098963728575942
"kitchener-cambridge-waterloo, ontario",2007,-700,961,"Kitchener - Cambridge - Waterloo (CMA), Ontario",CMA,Ontario,757.0,0.30589128620764566,0.11415902432487854,492541.0,3360,6.07462119904739,6.4,67.7,14059.0,0.0,13.107332984860262
"kitchener-cambridge-waterloo, ontario",2008,-842,367,"Kitchener - Cambridge - Waterloo (CMA), Ontario",CMA,Ontario,777.875,0.3010026926013744,0.11619780573082024,497660.0,2717,5.742876662781819,6.6,67.6,14194.0,0.0,13.117672391916205
"kitchener-cambridge-waterloo, ontario",2009,-372,861,"Kitchener - Cambridge - Waterloo (CMA), Ontario",CMA,Ontario,787.375,0.29661760075253,0.11849358476126702,501774.0,3139,5.763550921331118,9.2,67.1,13807.0,-1.25,13.125905098100592
"kitchener-cambridge-waterloo, ontario",2010,-123,1172,"Kitchener - Cambridge - Waterloo (CMA), Ontario",CMA,Ontario,801.625,0.2925756096598921,0.12026151525012573,507045.0,2661,5.543886637280715,8.8,67.0,13919.0,0.0,13.136355036031066
"kitchener-cambridge-waterloo, ontario",2011,-607,1217,"Kitchener - Cambridge - Waterloo (CMA), Ontario",CMA,Ontario,815.25,0.2897776477472206,0.1225121903647357,512700.0,2843,5.272088940901112,8.0,66.7,14412.0,-3.875,13.147446157771792
"kitchener-cambridge-waterloo, ontario",2012,-628,338,"Kitchener - Cambridge - Waterloo (CMA), Ontario",CMA,Ontario,841.5,0.2879944670690148,0.12652909038923707,517628.0,2865,4.802676825828588,8.0,66.2,14635.0,4.0,13.157012116532595
"kitchener-cambridge-waterloo, ontario",2013,-685,773,"Kitchener - Cambridge - Waterloo (CMA), Ontario",CMA,Ontario,882.0,0.28595495927168185,0.13102443699089603,521750.0,2679,4.7666506947771925,7.6,66.3,14241.0,27.75,13.164943824939447
"kitchener-cambridge-waterloo, ontario",2014,-513,1571,"Kitchener - Cambridge - Waterloo (CMA), Ontario",CMA,Ontario,888.75,0.2833851862423291,0.13498120926692356,525525.0,2243,4.4660101802958945,7.4,65.9,15137.0,10.5,13.172153041906844
"kitchener-cambridge-waterloo, ontario",2015,375,3014,"Kitchener - Cambridge - Waterloo (CMA), Ontario",CMA,Ontario,924.125,0.2818196903072038,0.1386716245672522,530332.0,3810,4.140802365310787,6.8,65.3,14708.0,0.0,13.181258504506605
"kitchener-cambridge-waterloo, ontario",2016,428,3083,"Kitchener - Cambridge - Waterloo (CMA), Ontario",CMA,Ontario,1011.375,0.28039021725489616,0.14061773325557533,541852.0,2974,4.348050759247913,6.6,65.0,15588.0,57.875,13.20274818040274
"kitchener-cambridge-waterloo, ontario",2017,662,2494,"Kitchener - Cambridge - Waterloo (CMA), Ontario",CMA,Ontario,1004.0,0.28209590903428367,0.14339052392309512,553879.0,4210,3.8419943706116317,6.1,65.2,15887.0,7.25,13.224701530321797
"kitchener-cambridge-waterloo, ontario",2018,410,1019,"Kitchener - Cambridge - Waterloo (CMA), Ontario",CMA,Ontario,1068.25,0.285283050731177,0.14466978734033814,568467.0,4408,3.7627513998174034,5.7,64.9,17095.0,8.75,13.250698542994503
"lethbridge, alberta",2001,662,-441,"Lethbridge (CMA), Alberta",CMA,Alberta,546.375,0.28334987676075973,0.13692381472848333,89663.0,318,6.502124622196447,4.7,72.3,1588.0,-41.0625,11.40381347688645
"lethbridge, alberta",2002,359,-227,"Lethbridge (CMA), Alberta",CMA,Alberta,557.5,0.278981978926176,0.1364108848598908,91393.0,224,6.969899226417779,5.3,72.9,1714.0,-57.5,11.42292416807609
"lethbridge, alberta",2003,265,-151,"Lethbridge (CMA), Alberta",CMA,Alberta,605.3333333333334,0.2757314566721546,0.13652064434903316,92931.0,401,7.424863608483713,5.1,73.5,1901.0,-23.39583333333337,11.439612561281178
"lethbridge, alberta",2004,1145,-820,"Lethbridge (CMA), Alberta",CMA,Alberta,572.25,0.27318080711789006,0.13725240970236205,94410.0,478,6.9801927761889635,4.7,73.5,2262.0,-53.5,11.455402278726563
"lethbridge, alberta",2005,1341,-434,"Lethbridge (CMA), Alberta",CMA,Alberta,577.5,0.2691959783320683,0.13765998814710073,96179.0,259,5.18824275569511,4.0,72.7,2422.0,-61.3125,11.473966317605633
"lethbridge, alberta",2006,864,192,"Lethbridge (CMA), Alberta",CMA,Alberta,611.0,0.2673067564279341,0.13740976559331658,98632.0,291,7.350555600616432,3.6,73.6,2599.0,-94.1875,11.499151031548388
"lethbridge, alberta",2007,243,71,"Lethbridge (CMA), Alberta",CMA,Alberta,671.5,0.2674393499254141,0.13690429457486064,101896.0,387,6.840307764779776,3.7,74.5,2709.0,-154.125,11.531707964269595
"lethbridge, alberta",2008,5,-159,"Lethbridge (CMA), Alberta",CMA,Alberta,744.5,0.26794735378981777,0.1372233246100902,104319.0,410,7.429135632051688,3.8,74.8,3019.0,-135.125,11.555208791224965
"lethbridge, alberta",2009,-74,-187,"Lethbridge (CMA), Alberta",CMA,Alberta,769.125,0.2686089007055552,0.1376161441549779,106441.0,597,6.435490083708345,6.8,74.6,2997.0,-88.3125,11.575346120011792
"lethbridge, alberta",2010,37,-807,"Lethbridge (CMA), Alberta",CMA,Alberta,754.375,0.2705057863433077,0.13755359859836783,108445.0,565,5.873945317903084,6.6,73.2,2974.0,-93.8125,11.593998410996708
"lethbridge, alberta",2011,261,148,"Lethbridge (CMA), Alberta",CMA,Alberta,789.0,0.27113684018597867,0.13966633239128454,109690.0,587,6.737168383626583,5.6,73.8,3308.0,-78.1875,11.60541348440538
"lethbridge, alberta",2012,485,538,"Lethbridge (CMA), Alberta",CMA,Alberta,797.375,0.27326004692008304,0.14293547140301835,111253.0,533,5.6447916011253625,4.7,73.7,3722.0,-90.1875,11.619562165957037
"lethbridge, alberta",2013,424,946,"Lethbridge (CMA), Alberta",CMA,Alberta,788.375,0.27604690117252934,0.14506744247553557,113430.0,701,5.871462576038085,4.6,73.3,3749.0,-159.5625,11.638941185553088
"lethbridge, alberta",2014,609,1016,"Lethbridge (CMA), Alberta",CMA,Alberta,823.5,0.2791506955510573,0.14674189241569405,116095.0,512,6.348249278608036,4.8,72.8,3775.0,-181.5,11.662164100436467
"lethbridge, alberta",2015,147,900,"Lethbridge (CMA), Alberta",CMA,Alberta,844.875,0.2804759776347858,0.14910142776423757,118577.0,1019,6.375604037882558,6.1,73.3,3533.0,-199.5625,11.683317817565376
"lethbridge, alberta",2016,-129,349,"Lethbridge (CMA), Alberta",CMA,Alberta,877.0,0.28010884758856275,0.15107152014424788,120903.0,766,5.219059907529177,8.2,72.3,3257.0,-137.0,11.702743850190807
"lethbridge, alberta",2017,272,650,"Lethbridge (CMA), Alberta",CMA,Alberta,881.875,0.2817280104926633,0.15357816214443806,121990.0,572,5.451266497253873,8.0,72.1,3310.0,-122.375,11.711694353142784
"lethbridge, alberta",2018,160,360,"Lethbridge (CMA), Alberta",CMA,Alberta,909.75,0.28415150659513533,0.15684724295107094,123955.0,688,5.163164051470292,6.5,71.8,3651.0,-115.25,11.727673875496055
"london, ontario",2001,36,163,"London (CMA), Ontario",CMA,Ontario,622.875,0.30750544960330417,0.12803920184271605,453244.0,2892,3.192540883056367,6.3,67.3,11733.0,-48.625,13.024185890801954
"london, ontario",2002,-91,54,"London (CMA), Ontario",CMA,Ontario,645.375,0.3041944626117288,0.12855897100501418,458700.0,1875,2.716372356660126,7.1,67.8,11392.0,-53.25,13.036151680585263
"london, ontario",2003,-261,854,"London (CMA), Ontario",CMA,Ontario,670.625,0.300875736984975,0.1293311375071321,462696.0,2621,2.9522623925860607,6.9,68.5,11983.0,-41.5,13.044825529947415
"london, ontario",2004,-582,429,"London (CMA), Ontario",CMA,Ontario,686.875,0.2976445900012193,0.13020319716264114,467477.0,2750,2.738102623230662,6.8,68.4,12956.0,-31.75,13.055105428639662
"london, ontario",2005,-707,1069,"London (CMA), Ontario",CMA,Ontario,695.875,0.29316024478454084,0.130991547084964,471435.0,2877,3.36419654883494,6.6,68.0,13664.0,-45.125,13.063536513652057
"london, ontario",2006,-829,1786,"London (CMA), Ontario",CMA,Ontario,708.75,0.288617954491984,0.13254755822942224,476048.0,2835,3.1992572177595533,6.4,67.7,13825.0,-34.875,13.073273968465646
"london, ontario",2007,-780,1244,"London (CMA), Ontario",CMA,Ontario,731.25,0.28380483770586984,0.13457192860812578,478822.0,2598,3.9367447611012025,6.4,67.7,14059.0,-25.75,13.079084199814211
"london, ontario",2008,-1045,623,"London (CMA), Ontario",CMA,Ontario,744.0,0.27837249773393374,0.13762955987496708,482113.0,2228,3.548960513406608,6.6,67.6,14194.0,-33.875,13.085933805390038
"london, ontario",2009,-458,717,"London (CMA), Ontario",CMA,Ontario,788.625,0.27287585075478016,0.14045150439479154,483982.0,2789,3.3823571951022973,9.2,67.1,13807.0,0.0,13.089802994924556
"london, ontario",2010,-409,660,"London (CMA), Ontario",CMA,Ontario,779.25,0.2689897088559733,0.14309169968271712,486632.0,2554,3.28790543983955,8.8,67.0,13919.0,-22.375,13.095263469602516
"london, ontario",2011,-678,1374,"London (CMA), Ontario",CMA,Ontario,784.75,0.2666470476435714,0.14588991684395314,489321.0,2321,2.7180521579903583,8.0,66.7,14412.0,-34.375,13.10077399481118
"london, ontario",2012,-1069,1597,"London (CMA), Ontario",CMA,Ontario,815.0,0.2660764505812478,0.15049697954210875,492475.0,1954,2.938220214224072,8.0,66.2,14635.0,-22.5,13.107198976884556
"london, ontario",2013,-876,1851,"London (CMA), Ontario",CMA,Ontario,828.25,0.26530958576438834,0.15552219869733164,494984.0,2255,2.5960435084770417,7.6,66.3,14241.0,-26.0,13.112280717796096
"london, ontario",2014,-672,2387,"London (CMA), Ontario",CMA,Ontario,840.875,0.26388392480653466,0.1595833115806129,498022.0,1705,2.4717783551730648,7.4,65.9,15137.0,-37.375,13.118399531737856
"london, ontario",2015,327,3022,"London (CMA), Ontario",CMA,Ontario,855.5,0.263230695332758,0.1631252603486729,501731.0,3259,2.3259475695143412,6.8,65.3,14708.0,-68.625,13.125819398477718
"london, ontario",2016,560,3601,"London (CMA), Ontario",CMA,Ontario,887.875,0.2633951583977358,0.1660535120334455,510203.0,2307,2.097204446073426,6.6,65.0,15588.0,-65.625,13.142563964719601
"london, ontario",2017,631,4072,"London (CMA), Ontario",CMA,Ontario,929.5,0.2653578625755704,0.16825869657490508,523022.0,2748,1.5008928878708736,6.1,65.2,15887.0,-67.25,13.167378807171913
"london, ontario",2018,481,2230,"London (CMA), Ontario",CMA,Ontario,965.875,0.26841199670772087,0.16987080411311437,537014.0,3058,1.5623428811911795,5.7,64.9,17095.0,-93.625,13.193779443914666
"moncton, new brunswick",2001,135,929,"Moncton (CMA), New Brunswick",CMA,New Brunswick,493.5,0.31711457089718914,0.12981507199766099,123129.0,168,1.770500856824956,11.1,61.9,162.0,0.0,11.720987865256333
"moncton, new brunswick",2002,190,939,"Moncton (CMA), New Brunswick",CMA,New Brunswick,521.375,0.3147873253789307,0.12970704582474102,124627.0,118,2.1102971266258512,10.1,63.3,211.0,0.0,11.733080555279802
"moncton, new brunswick",2003,195,958,"Moncton (CMA), New Brunswick",CMA,New Brunswick,515.125,0.31252575848841263,0.12957708524870812,126172.0,192,1.6881717021209144,10.2,63.1,216.0,0.0,11.745401334424907
"moncton, new brunswick",2004,-116,748,"Moncton (CMA), New Brunswick",CMA,New Brunswick,560.125,0.3102916784026539,0.12994867461584203,127812.0,191,1.5647982974994523,9.8,63.8,227.0,0.0,11.758315713231166
"moncton, new brunswick",2005,-114,912,"Moncton (CMA), New Brunswick",CMA,New Brunswick,546.375,0.30742449501802815,0.13185748071182105,128965.0,203,3.4660566820455165,9.7,63.2,259.0,0.0,11.767296328701011
"moncton, new brunswick",2006,-119,949,"Moncton (CMA), New Brunswick",CMA,New Brunswick,570.25,0.3031479779411765,0.13392310049019607,130560.0,300,3.599877450980392,9.2,63.5,273.0,0.0,11.779588170197934
"moncton, new brunswick",2007,45,833,"Moncton (CMA), New Brunswick",CMA,New Brunswick,575.0,0.30164028733413567,0.13543913830036863,132111.0,389,3.860390126484547,7.7,63.8,324.0,0.0,11.791397757293453
"moncton, new brunswick",2008,354,1070,"Moncton (CMA), New Brunswick",CMA,New Brunswick,590.25,0.2989224186213231,0.13723293829483763,133911.0,401,4.488055499548207,8.7,65.0,320.0,0.0,11.804930679163917
"moncton, new brunswick",2009,414,908,"Moncton (CMA), New Brunswick",CMA,New Brunswick,612.0,0.29581639690668704,0.13927245513375497,136294.0,537,3.595169266438728,9.0,64.7,335.0,0.0,11.822569596172771
"moncton, new brunswick",2010,287,1135,"Moncton (CMA), New Brunswick",CMA,New Brunswick,628.125,0.2929230946932234,0.14098945286274284,138521.0,390,3.407425588899878,9.4,64.2,290.0,0.0,11.838777217664427
"moncton, new brunswick",2011,80,922,"Moncton (CMA), New Brunswick",CMA,New Brunswick,644.875,0.2921389812210574,0.14338475524872865,140796.0,567,4.0413079917043095,9.6,63.5,296.0,0.0,11.855067313211624
"moncton, new brunswick",2012,-283,736,"Moncton (CMA), New Brunswick",CMA,New Brunswick,683.375,0.29092728392297357,0.14814011419614867,142912.0,467,3.1697828034034927,10.5,63.5,283.0,0.0,11.86998433519983
"moncton, new brunswick",2013,-388,788,"Moncton (CMA), New Brunswick",CMA,New Brunswick,701.625,0.2882520576060352,0.15369467691945002,144221.0,626,3.196483175127062,10.4,63.7,289.0,0.0,11.879102124297772
"moncton, new brunswick",2014,-648,493,"Moncton (CMA), New Brunswick",CMA,New Brunswick,713.75,0.28584959402604,0.15927357085498184,145699.0,823,1.5923239006444794,10.1,63.4,302.0,0.0,11.88929812874176
"moncton, new brunswick",2015,-286,687,"Moncton (CMA), New Brunswick",CMA,New Brunswick,705.375,0.2808236931136091,0.16470451817090473,146608.0,1250,2.0053475935828877,10.1,62.8,309.0,0.0,11.895517637204994
"moncton, new brunswick",2016,134,565,"Moncton (CMA), New Brunswick",CMA,New Brunswick,752.375,0.2755842931231899,0.1694887856132552,148470.0,961,1.3807503199299522,9.7,62.8,362.0,0.0,11.908138196614042
"moncton, new brunswick",2017,189,345,"Moncton (CMA), New Brunswick",CMA,New Brunswick,747.5,0.2738218918990916,0.17443192413223582,150156.0,1381,0.725911718479448,8.3,61.9,327.0,0.0,11.919430032653056
"moncton, new brunswick",2018,560,428,"Moncton (CMA), New Brunswick",CMA,New Brunswick,766.125,0.2729246151822129,0.18022628601499802,152020.0,1695,0.8354163925799237,8.1,61.5,364.0,0.0,11.931767370120031
"montrã©al, quebec",2001,-4267,-122,"MontrÃ©al (CMA), Quebec",CMA,Quebec,515.0,0.31929220742568193,0.1265532351924843,3631855.0,33537,3.279040600464501,8.8,63.6,6415.0,111.9375,15.105254094998891
"montrã©al, quebec",2002,-3232,-3545,"MontrÃ©al (CMA), Quebec",CMA,Quebec,541.875,0.3166625703213515,0.12691277073345653,3669938.0,30115,3.2760771435375746,8.7,65.2,6728.0,130.5625,15.115685326155083
"montrã©al, quebec",2003,-2717,-6169,"MontrÃ©al (CMA), Quebec",CMA,Quebec,563.875,0.3135900165346417,0.12774496666054272,3701320.0,37189,3.3163844250159404,9.1,66.1,6965.0,138.0,15.12420007074865
"montrã©al, quebec",2004,-5332,-6653,"MontrÃ©al (CMA), Quebec",CMA,Quebec,580.0,0.3107417489415677,0.12866782151488662,3733824.0,36227,3.5063248830153753,8.5,65.9,7244.0,141.9375,15.132943467532664
"montrã©al, quebec",2005,-7666,-6889,"MontrÃ©al (CMA), Quebec",CMA,Quebec,596.75,0.3078883152912772,0.1299208779046851,3762413.0,36347,4.417112103323054,8.2,65.6,7262.0,144.8125,15.140571064848341
"montrã©al, quebec",2006,-9256,-7096,"MontrÃ©al (CMA), Quebec",CMA,Quebec,616.75,0.3045584483236996,0.1319565669338394,3795173.0,39097,4.635361813545786,8.3,65.4,7904.0,156.0625,15.149240554070603
"montrã©al, quebec",2007,-9196,-7300,"MontrÃ©al (CMA), Quebec",CMA,Quebec,631.25,0.3007350936015355,0.13406172257752413,3828356.0,39517,5.206412360814929,7.4,65.6,7950.0,158.8125,15.157946026185915
"montrã©al, quebec",2008,-6426,-7221,"MontrÃ©al (CMA), Quebec",CMA,Quebec,638.25,0.2966845722419104,0.13656518105215684,3866952.0,40286,5.347105420496557,7.4,65.6,8086.0,144.3125,15.167977157789355
"montrã©al, quebec",2009,-3342,-11149,"MontrÃ©al (CMA), Quebec",CMA,Quebec,650.125,0.29345061591232413,0.1387941757144353,3915330.0,44699,4.982210950290269,8.8,65.3,7844.0,152.75,15.180410175042477
"montrã©al, quebec",2010,-4294,-11346,"MontrÃ©al (CMA), Quebec",CMA,Quebec,678.75,0.2910797055348541,0.14114610156825916,3961080.0,46369,4.706797136134589,8.2,65.3,7950.0,171.1875,15.192027273320068
"montrã©al, quebec",2011,-5810,-10087,"MontrÃ©al (CMA), Quebec",CMA,Quebec,693.875,0.28940338112272707,0.1438123094741267,4001097.0,46765,4.8141797112142,8.0,65.1,8406.0,175.125,15.202079131484508
"montrã©al, quebec",2012,-7804,-8178,"MontrÃ©al (CMA), Quebec",CMA,Quebec,690.625,0.2873920844463128,0.1471704208022271,4036837.0,47837,4.642000655463671,7.9,65.1,8294.0,174.6875,15.210972022502709
"montrã©al, quebec",2013,-10429,-7119,"MontrÃ©al (CMA), Quebec",CMA,Quebec,703.625,0.2853712584265246,0.1502338790511193,4070480.0,44122,4.667999842770386,7.8,65.3,8454.0,178.0625,15.219271486582796
"montrã©al, quebec",2014,-11590,-6493,"MontrÃ©al (CMA), Quebec",CMA,Quebec,715.25,0.28356227413581203,0.15360851794037492,4096765.0,39170,4.037575989835882,7.9,64.8,9081.0,179.9375,15.225708195840713
"montrã©al, quebec",2015,-8240,-8411,"MontrÃ©al (CMA), Quebec",CMA,Quebec,738.375,0.281952094909255,0.15678793944160535,4115763.0,46818,4.181727665076925,7.7,64.9,8770.0,194.25,15.230334794103348
"montrã©al, quebec",2016,-6155,-9502,"MontrÃ©al (CMA), Quebec",CMA,Quebec,753.25,0.2809534433583975,0.16018499647252488,4146025.0,44977,3.5783672312636803,7.2,64.6,8826.0,198.0625,15.237660601868027
"montrã©al, quebec",2017,-4508,-12181,"MontrÃ©al (CMA), Quebec",CMA,Quebec,760.75,0.28232897642087723,0.16294054508821335,4193413.0,40656,3.358362269588042,6.1,64.9,9450.0,198.5,15.249025518798167
"montrã©al, quebec",2018,-4342,-14061,"MontrÃ©al (CMA), Quebec",CMA,Quebec,794.5,0.2846664476617312,0.16483422108548232,4261700.0,37661,3.251988643029777,5.5,65.0,9957.0,222.5,15.26517869967474
"nanaimo, british columbia",2001,346,967,"Nanaimo (CMA), British Columbia",CMA,British Columbia,524.25,0.2783687150837989,0.15812290502793297,89500.0,108,-1.6089385474860336,7.7,64.0,1760.0,-72.875,11.401993904262946
"nanaimo, british columbia",2002,527,960,"Nanaimo (CMA), British Columbia",CMA,British Columbia,539.875,0.2702258544493549,0.16101845477359036,90058.0,117,-1.7988407470741077,8.5,65.0,1949.0,-72.75,11.408209186191696
"nanaimo, british columbia",2003,886,1057,"Nanaimo (CMA), British Columbia",CMA,British Columbia,550.75,0.2630710506341646,0.16361776320855378,90907.0,182,-1.8920435170008911,8.0,65.5,2050.0,-72.0,11.4175922849014
"nanaimo, british columbia",2004,868,840,"Nanaimo (CMA), British Columbia",CMA,British Columbia,576.5,0.2572678826740609,0.1651249945842901,92324.0,172,-2.209609635631039,7.2,65.3,2263.0,-51.25,11.433059408359641
"nanaimo, british columbia",2005,642,661,"Nanaimo (CMA), British Columbia",CMA,British Columbia,609.625,0.25184218688170434,0.16727805524956418,93503.0,205,-0.342235008502401,5.9,65.4,2414.0,-40.0,11.445748800323544
"nanaimo, british columbia",2006,811,677,"Nanaimo (CMA), British Columbia",CMA,British Columbia,629.25,0.24522044889880826,0.16865288246936455,94988.0,248,-0.8843222301764433,4.9,65.8,2432.0,-17.0,11.461505846814694
"nanaimo, british columbia",2007,876,670,"Nanaimo (CMA), British Columbia",CMA,British Columbia,640.0,0.24378414945100693,0.17141073008273924,96085.0,284,0.041629806941770306,4.4,66.2,2838.0,-63.375,11.472988495366527
"nanaimo, british columbia",2008,545,385,"Nanaimo (CMA), British Columbia",CMA,British Columbia,689.625,0.24300686738454275,0.17464097642095322,97417.0,263,0.4311362493199339,4.8,66.4,2947.0,-56.875,11.486756012388323
"nanaimo, british columbia",2009,485,665,"Nanaimo (CMA), British Columbia",CMA,British Columbia,707.875,0.2407130277209378,0.17930550041230187,98229.0,267,0.2545073247208055,7.8,66.2,2911.0,-73.875,11.495056766427746
"nanaimo, british columbia",2010,333,481,"Nanaimo (CMA), British Columbia",CMA,British Columbia,729.375,0.24088194115691824,0.18369073639467773,99281.0,244,0.21152083480222802,7.8,65.8,3020.0,-60.125,11.50570949234992
"nanaimo, british columbia",2011,-37,361,"Nanaimo (CMA), British Columbia",CMA,British Columbia,740.375,0.24079628851960724,0.1876037354770332,100014.0,230,-0.8898754174415582,7.6,65.2,3046.0,-56.625,11.513065455171143
"nanaimo, british columbia",2012,58,445,"Nanaimo (CMA), British Columbia",CMA,British Columbia,743.875,0.24044837385538365,0.193331622987054,101344.0,210,-1.8254657404483738,6.9,65.3,3025.0,-77.75,11.526275949338366
"nanaimo, british columbia",2013,443,464,"Nanaimo (CMA), British Columbia",CMA,British Columbia,776.0,0.24094264567143567,0.19734090665940457,102817.0,236,-1.3421904937899374,6.7,64.8,3228.0,-49.75,11.540705987980955
"nanaimo, british columbia",2014,799,327,"Nanaimo (CMA), British Columbia",CMA,British Columbia,773.125,0.2417540514775977,0.2008007626310772,104900.0,260,-1.086749285033365,6.2,64.1,3282.0,-73.0,11.560762794384388
"nanaimo, british columbia",2015,955,334,"Nanaimo (CMA), British Columbia",CMA,British Columbia,797.5,0.24251295385248509,0.20531622364802934,106918.0,356,-1.3281206157990235,6.2,64.1,3569.0,-75.125,11.579817464503643
"nanaimo, british columbia",2016,754,800,"Nanaimo (CMA), British Columbia",CMA,British Columbia,861.375,0.24182558192710477,0.20978643618237527,109335.0,275,-1.9572872364750538,6.1,65.2,4196.0,-30.5,11.602171842484424
"nanaimo, british columbia",2017,643,1359,"Nanaimo (CMA), British Columbia",CMA,British Columbia,906.25,0.24375957223849315,0.2157974402378841,111651.0,407,-2.4451191659725393,5.3,66.1,4219.0,-5.5,11.623133213788876
"nanaimo, british columbia",2018,656,818,"Nanaimo (CMA), British Columbia",CMA,British Columbia,1007.75,0.24800104863022676,0.21948704504740682,114435.0,418,-1.7040241184952156,4.6,65.7,4749.0,-8.75,11.64776225519244
"oshawa, ontario",2001,24,4139,"Oshawa (CMA), Ontario",CMA,Ontario,736.25,0.32747556744745016,0.10172752804439161,308707.0,945,5.665566378475383,6.3,67.3,11733.0,64.75,12.640147885970121
"oshawa, ontario",2002,27,5296,"Oshawa (CMA), Ontario",CMA,Ontario,762.0,0.3229373800802372,0.10326498897927469,315315.0,857,5.264576693148121,7.1,67.8,11392.0,63.375,12.661327418140853
"oshawa, ontario",2003,-185,5153,"Oshawa (CMA), Ontario",CMA,Ontario,781.125,0.3185037956186301,0.10411326175527238,323004.0,943,5.281668338472588,6.9,68.5,11983.0,69.0,12.685419986029043
"oshawa, ontario",2004,-324,4611,"Oshawa (CMA), Ontario",CMA,Ontario,799.0,0.3145163729635881,0.10529149501218973,330606.0,1006,5.40522555549506,6.8,68.4,12956.0,80.375,12.708682613024699
"oshawa, ontario",2005,-454,4360,"Oshawa (CMA), Ontario",CMA,Ontario,803.625,0.30962645379823295,0.10655363952909966,337736.0,802,5.039439088518843,6.6,68.0,13664.0,62.625,12.730019804186137
"oshawa, ontario",2006,-591,3011,"Oshawa (CMA), Ontario",CMA,Ontario,813.625,0.3033115891096873,0.10783721457075973,344306.0,760,4.911328876057925,6.4,67.7,13825.0,70.0,12.749286075837567
"oshawa, ontario",2007,-647,3582,"Oshawa (CMA), Ontario",CMA,Ontario,816.5,0.29553606327454995,0.11027061826040972,347944.0,849,5.25371898926264,6.4,67.7,14059.0,59.5,12.759796826267443
"oshawa, ontario",2008,-710,3622,"Oshawa (CMA), Ontario",CMA,Ontario,836.75,0.287722371509235,0.11306507024048437,352788.0,767,4.8641110241844965,6.6,67.6,14194.0,58.875,12.773622588930856
"oshawa, ontario",2009,-544,3991,"Oshawa (CMA), Ontario",CMA,Ontario,842.5,0.2801529088787335,0.11592698209253449,357337.0,863,5.15199937314076,9.2,67.1,13807.0,53.875,12.78643459308616
"oshawa, ontario",2010,-442,3405,"Oshawa (CMA), Ontario",CMA,Ontario,855.0,0.27426622252126054,0.11881073449443531,362644.0,672,4.798093998521966,8.8,67.0,13919.0,53.375,12.80117691577671
"oshawa, ontario",2011,-470,4484,"Oshawa (CMA), Ontario",CMA,Ontario,879.5,0.27037612005338124,0.12237383228477272,367170.0,795,4.956831985183975,8.0,66.7,14412.0,60.375,12.813580235044494
"oshawa, ontario",2012,-542,3983,"Oshawa (CMA), Ontario",CMA,Ontario,887.875,0.26780062335403126,0.12741710760508027,372501.0,860,4.359719839678283,8.0,66.2,14635.0,50.375,12.827995001361906
"oshawa, ontario",2013,-853,3928,"Oshawa (CMA), Ontario",CMA,Ontario,931.625,0.2655942924584599,0.13207707302841837,377045.0,920,4.280656155100851,7.6,66.3,14241.0,77.375,12.84011982270213
"oshawa, ontario",2014,-762,4166,"Oshawa (CMA), Ontario",CMA,Ontario,950.875,0.26455929953781665,0.13586406249180294,381234.0,819,4.173289895444793,7.4,65.9,15137.0,72.625,12.851168638809996
"oshawa, ontario",2015,-483,5509,"Oshawa (CMA), Ontario",CMA,Ontario,985.25,0.26371141132807535,0.1394210694213547,385573.0,1029,3.6932046590399223,6.8,65.3,14708.0,61.125,12.862485818520073
"oshawa, ontario",2016,-267,4152,"Oshawa (CMA), Ontario",CMA,Ontario,1028.125,0.2641977512047118,0.14202340582851022,392210.0,986,3.883123836720124,6.6,65.0,15588.0,74.625,12.879552689614643
"oshawa, ontario",2017,-354,4076,"Oshawa (CMA), Ontario",CMA,Ontario,1084.75,0.2665318848468278,0.1448244032016535,398669.0,1369,3.092791262927391,6.1,65.2,15887.0,88.0,12.895886777650286
"oshawa, ontario",2018,-226,5196,"Oshawa (CMA), Ontario",CMA,Ontario,1160.375,0.26904813003076117,0.14708138763286882,405381.0,1510,3.525078876415027,5.7,64.9,17095.0,100.875,12.912582644610167
"ottawa-gatineau, ontario/quebec",2001,3245,1107,"Ottawa - Gatineau (CMA), Ontario/Quebec",CMA,Ontario,761.5,0.3315709595437369,0.1066593630843222,1170202.0,8272,4.532550790376362,6.3,67.3,11733.0,90.0,13.972686941444366
"ottawa-gatineau, ontario/quebec",2002,1368,471,"Ottawa - Gatineau (CMA), Ontario/Quebec",CMA,Ontario,776.75,0.3276677749377862,0.10767539570674202,1186232.0,6838,4.595222519709467,7.1,67.8,11392.0,78.125,13.986292454923921
"ottawa-gatineau, ontario/quebec",2003,742,-297,"Ottawa - Gatineau (CMA), Ontario/Quebec",CMA,Ontario,791.125,0.32215633970734175,0.10885184593149107,1201128.0,6901,4.94535136971247,6.9,68.5,11983.0,79.0,13.998771673234895
"ottawa-gatineau, ontario/quebec",2004,308,514,"Ottawa - Gatineau (CMA), Ontario/Quebec",CMA,Ontario,792.0,0.3160063590171738,0.11033406289883074,1212137.0,6577,4.7568880415332595,6.8,68.4,12956.0,73.375,14.007895475526906
"ottawa-gatineau, ontario/quebec",2005,206,2563,"Ottawa - Gatineau (CMA), Ontario/Quebec",CMA,Ontario,788.5,0.3096973756636086,0.11181830598746514,1222671.0,7213,4.731444517781153,6.6,68.0,13664.0,47.5,14.016548367849861
"ottawa-gatineau, ontario/quebec",2006,1278,2298,"Ottawa - Gatineau (CMA), Ontario/Quebec",CMA,Ontario,796.625,0.3031887482255022,0.11423147229838788,1234152.0,6968,4.843811783313562,6.4,67.7,13825.0,53.0,14.025894652523112
"ottawa-gatineau, ontario/quebec",2007,2719,3566,"Ottawa - Gatineau (CMA), Ontario/Quebec",CMA,Ontario,810.25,0.29813974137965515,0.1161991688631664,1250095.0,7607,5.2907978993596485,6.4,67.7,14059.0,53.25,14.03873010639063
"ottawa-gatineau, ontario/quebec",2008,2752,3862,"Ottawa - Gatineau (CMA), Ontario/Quebec",CMA,Ontario,839.625,0.29313100864575997,0.11837725736188232,1270565.0,7232,5.573111174949727,6.6,67.6,14194.0,61.75,14.05497224139393
"ottawa-gatineau, ontario/quebec",2009,3227,2952,"Ottawa - Gatineau (CMA), Ontario/Quebec",CMA,Ontario,865.875,0.2882869981538176,0.12071091569874327,1291855.0,8367,5.534676879371137,9.2,67.1,13807.0,77.25,14.07158972792436
"ottawa-gatineau, ontario/quebec",2010,1679,2278,"Ottawa - Gatineau (CMA), Ontario/Quebec",CMA,Ontario,887.0,0.2842148004969896,0.12281331409044664,1315118.0,8323,5.048976593735316,8.8,67.0,13919.0,85.375,14.089436953408466
"ottawa-gatineau, ontario/quebec",2011,1208,3276,"Ottawa - Gatineau (CMA), Ontario/Quebec",CMA,Ontario,909.375,0.28158329246056557,0.12572438400682917,1335445.0,7979,5.380977876288428,8.0,66.7,14412.0,90.25,14.104775127606608
"ottawa-gatineau, ontario/quebec",2012,-167,1690,"Ottawa - Gatineau (CMA), Ontario/Quebec",CMA,Ontario,930.25,0.2798199522131922,0.13053168558381967,1351419.0,8115,4.720963668558752,8.0,66.2,14635.0,92.75,14.116665709495235
"ottawa-gatineau, ontario/quebec",2013,-433,2411,"Ottawa - Gatineau (CMA), Ontario/Quebec",CMA,Ontario,942.875,0.27758790136857703,0.13544071699939858,1363460.0,7388,4.878764320185411,7.6,66.3,14241.0,88.625,14.125536144570503
"ottawa-gatineau, ontario/quebec",2014,340,3234,"Ottawa - Gatineau (CMA), Ontario/Quebec",CMA,Ontario,949.0,0.2751738938258968,0.14010302772995858,1375552.0,6062,4.085632531521891,7.4,65.9,15137.0,70.75,14.134365663066948
"ottawa-gatineau, ontario/quebec",2015,2889,3956,"Ottawa - Gatineau (CMA), Ontario/Quebec",CMA,Ontario,972.625,0.27285653717585234,0.14409518425690115,1386868.0,9069,4.399120896869781,6.8,65.3,14708.0,48.5,14.142558525337646
"ottawa-gatineau, ontario/quebec",2016,4160,8534,"Ottawa - Gatineau (CMA), Ontario/Quebec",CMA,Ontario,990.125,0.27073746631187284,0.14810984211864756,1407766.0,7912,3.52260247796864,6.6,65.0,15588.0,36.625,14.15751460870669
"ottawa-gatineau, ontario/quebec",2017,4250,5381,"Ottawa - Gatineau (CMA), Ontario/Quebec",CMA,Ontario,1024.375,0.2716975013986267,0.1513926425277151,1437124.0,9573,3.2801623241974944,6.1,65.2,15887.0,27.625,14.178154452222104
"ottawa-gatineau, ontario/quebec",2018,4028,5022,"Ottawa - Gatineau (CMA), Ontario/Quebec",CMA,Ontario,1059.5,0.2733182255568748,0.15445394117241892,1466353.0,10935,3.002687620238783,5.7,64.9,17095.0,0.0,14.198288923711928
"peterborough, ontario",2001,8,975,"Peterborough (CMA), Ontario",CMA,Ontario,628.75,0.26312639850132696,0.17107248790133736,115302.0,196,-1.4050059842847478,6.3,67.3,11733.0,-42.75,11.655310052160482
"peterborough, ontario",2002,19,716,"Peterborough (CMA), Ontario",CMA,Ontario,638.0,0.25836225735955776,0.17176158032309208,116685.0,179,-2.151090542914685,7.1,67.8,11392.0,-60.625,11.667233275308984
"peterborough, ontario",2003,-10,592,"Peterborough (CMA), Ontario",CMA,Ontario,652.25,0.25320151058683754,0.17221538592099123,117835.0,184,-1.722747910213434,6.9,68.5,11983.0,-59.875,11.677040619822195
"peterborough, ontario",2004,-125,768,"Peterborough (CMA), Ontario",CMA,Ontario,707.75,0.24887395920154237,0.1729514476464695,118779.0,212,-1.5070003956928415,6.8,68.4,12956.0,-10.875,11.685019902608667
"peterborough, ontario",2005,-218,445,"Peterborough (CMA), Ontario",CMA,Ontario,726.125,0.2447806278266384,0.17330318252365615,119842.0,158,-0.44224896113215734,6.6,68.0,13664.0,-14.875,11.693929487530346
"peterborough, ontario",2006,-349,487,"Peterborough (CMA), Ontario",CMA,Ontario,743.625,0.2395034290595172,0.1754335044407772,120587.0,184,-1.1609875027988092,6.4,67.7,13825.0,0.0,11.700126763103468
"peterborough, ontario",2007,-265,722,"Peterborough (CMA), Ontario",CMA,Ontario,759.25,0.23662476367375368,0.17791634880095525,120596.0,176,-0.23218017181332715,6.4,67.7,14059.0,2.25,11.700201395229314
"peterborough, ontario",2008,-298,516,"Peterborough (CMA), Ontario",CMA,Ontario,784.375,0.23323306779492942,0.18027964168842758,121012.0,183,-1.123855485406406,6.6,67.6,14194.0,6.5,11.703644993215226
"peterborough, ontario",2009,-72,861,"Peterborough (CMA), Ontario",CMA,Ontario,801.625,0.23120766562035355,0.18380968114984306,121060.0,165,-0.5038823723773336,9.2,67.1,13807.0,13.0,11.704041569445678
"peterborough, ontario",2010,-171,383,"Peterborough (CMA), Ontario",CMA,Ontario,812.375,0.22794051300560253,0.18662280881641224,121909.0,133,-0.6644300256748887,8.8,67.0,13919.0,10.75,11.711030143753012
"peterborough, ontario",2011,-184,633,"Peterborough (CMA), Ontario",CMA,Ontario,835.875,0.22666906840028167,0.1903401182307957,122134.0,130,-0.14737910819264088,8.0,66.7,14412.0,16.75,11.71287408161439
"peterborough, ontario",2012,-321,714,"Peterborough (CMA), Ontario",CMA,Ontario,837.5,0.227785302805294,0.19637873916804022,122554.0,144,0.652773471286127,8.0,66.2,14635.0,0.0,11.716307028162475
"peterborough, ontario",2013,-361,306,"Peterborough (CMA), Ontario",CMA,Ontario,846.125,0.22972160374445402,0.20280021452601127,123062.0,158,-0.5931969251271716,7.6,66.3,14241.0,-8.125,11.720443572397098
"peterborough, ontario",2014,-309,823,"Peterborough (CMA), Ontario",CMA,Ontario,873.625,0.23144630553092485,0.20748899753512248,122927.0,114,-0.8541654803257217,7.4,65.9,15137.0,-4.625,11.719345962231168
"peterborough, ontario",2015,-87,1570,"Peterborough (CMA), Ontario",CMA,Ontario,894.125,0.23158184675707644,0.21230901343184433,123438.0,209,-0.866831931820023,6.8,65.3,14708.0,-30.0,11.723494284702285
"peterborough, ontario",2016,-37,1871,"Peterborough (CMA), Ontario",CMA,Ontario,913.0,0.23109059102636814,0.21669635511107205,125189.0,252,-1.917101342769732,6.6,65.0,15588.0,-40.5,11.73757987436335
"peterborough, ontario",2017,-123,1443,"Peterborough (CMA), Ontario",CMA,Ontario,927.5,0.23569978762254806,0.22055124095828468,127603.0,205,-2.3588787097482036,6.1,65.2,15887.0,-69.25,11.756679160588234
"peterborough, ontario",2018,-61,1146,"Peterborough (CMA), Ontario",CMA,Ontario,1002.25,0.2382657394018683,0.2215413099527952,130707.0,195,-2.6241899821738697,5.7,64.9,17095.0,-57.25,11.780713455944024
"quã©bec, quebec",2001,-402,3099,"QuÃ©bec (CMA), Quebec",CMA,Quebec,505.75,0.3043248447056137,0.12798625431490757,709459.0,1694,1.8267440401770927,8.8,63.6,6415.0,102.6875,13.472257986738425
"quã©bec, quebec",2002,-196,3094,"QuÃ©bec (CMA), Quebec",CMA,Quebec,520.0,0.2996909450251667,0.12930479427128533,714436.0,1086,1.5200801751311526,8.7,65.2,6728.0,108.6875,13.479248699212086
"quã©bec, quebec",2003,-101,2060,"QuÃ©bec (CMA), Quebec",CMA,Quebec,537.375,0.2955774126681599,0.1308857695357605,718810.0,2015,1.5664779287989874,9.1,66.1,6965.0,111.5,13.485352345870451
"quã©bec, quebec",2004,-553,2296,"QuÃ©bec (CMA), Quebec",CMA,Quebec,561.0,0.29199835670782737,0.1331357140782279,722939.0,2247,2.0845465523370574,8.5,65.9,7244.0,122.9375,13.491080126903764
"quã©bec, quebec",2005,-805,3973,"QuÃ©bec (CMA), Quebec",CMA,Quebec,578.75,0.2888156249226972,0.1358564050694145,727658.0,1894,2.850240085314805,8.2,65.6,7262.0,126.8125,13.497586436577745
"quã©bec, quebec",2006,-953,3090,"QuÃ©bec (CMA), Quebec",CMA,Quebec,598.875,0.2853285880001525,0.1395838665933264,734476.0,1832,3.0851927088155366,8.3,65.4,7904.0,138.1875,13.506912598772908
"quã©bec, quebec",2007,-664,3377,"QuÃ©bec (CMA), Quebec",CMA,Quebec,599.375,0.2819614004315146,0.1435861979909285,743428.0,2152,3.5161441323167812,7.4,65.6,7950.0,126.9375,13.519027200919416
"quã©bec, quebec",2008,-301,2619,"QuÃ©bec (CMA), Quebec",CMA,Quebec,608.375,0.27828840330067867,0.1480700478540015,753542.0,2194,3.954656807450679,7.4,65.6,8086.0,114.4375,13.532540035375835
"quã©bec, quebec",2009,-141,1625,"QuÃ©bec (CMA), Quebec",CMA,Quebec,631.25,0.27526928460046896,0.15225528716926143,763783.0,2449,3.870209208636484,8.8,65.3,7844.0,133.875,13.546038996390484
"quã©bec, quebec",2010,-231,1905,"QuÃ©bec (CMA), Quebec",CMA,Quebec,652.0,0.2727136468590788,0.15696659512694316,773929.0,2447,3.9344694409952337,8.2,65.3,7950.0,144.4375,13.559235417098144
"quã©bec, quebec",2011,-578,1745,"QuÃ©bec (CMA), Quebec",CMA,Quebec,675.0,0.2716981806301431,0.16218120188675392,783568.0,2711,3.4955485675780533,8.0,65.1,8406.0,156.25,13.571613127056846
"quã©bec, quebec",2012,-722,1344,"QuÃ©bec (CMA), Quebec",CMA,Quebec,685.5,0.2707207372664852,0.16729975896472626,789511.0,2906,3.4489703120032527,7.9,65.1,8294.0,169.5625,13.579169045449676
"quã©bec, quebec",2013,-726,1452,"QuÃ©bec (CMA), Quebec",CMA,Quebec,697.5,0.26993855000138345,0.1720021430781343,795118.0,2898,3.3667958718077062,7.8,65.3,8454.0,171.9375,13.586245810295127
"quã©bec, quebec",2014,-1063,1413,"QuÃ©bec (CMA), Quebec",CMA,Quebec,713.875,0.2695676289486604,0.1774181660551685,800493.0,2300,3.0068969997239203,7.9,64.8,9081.0,178.5625,13.592983066846006
"quã©bec, quebec",2015,-1061,1415,"QuÃ©bec (CMA), Quebec",CMA,Quebec,732.625,0.26866071927439333,0.182327926048709,805395.0,3240,3.0481937434426585,7.7,64.9,8770.0,188.5,13.599088119284865
"quã©bec, quebec",2016,-809,1477,"QuÃ©bec (CMA), Quebec",CMA,Quebec,750.5,0.2684299096737315,0.1878212298761648,811724.0,2842,2.2421414175261543,7.2,64.6,8826.0,195.3125,13.606915659886383
"quã©bec, quebec",2017,-540,2025,"QuÃ©bec (CMA), Quebec",CMA,Quebec,761.5,0.2700856499866,0.19262497200680892,817163.0,2366,1.3057370438945475,6.1,64.9,9450.0,199.25,13.613593864346504
"quã©bec, quebec",2018,-224,2423,"QuÃ©bec (CMA), Quebec",CMA,Quebec,781.125,0.2721583934558263,0.19697778338435862,824428.0,2370,1.6932952301474475,5.5,65.0,9957.0,209.125,13.622445091516774
"red deer, alberta",2001,748,330,"Red Deer (CMA), Alberta",CMA,Alberta,578.875,0.32974318844703704,0.09502738848972042,70285.0,140,6.516326385430746,4.7,72.3,1588.0,-8.5625,11.160313683765866
"red deer, alberta",2002,410,493,"Red Deer (CMA), Alberta",CMA,Alberta,591.25,0.32557471264367815,0.09421182266009852,73080.0,95,7.389162561576354,5.3,72.9,1714.0,-23.75,11.199310010491944
"red deer, alberta",2003,460,521,"Red Deer (CMA), Alberta",CMA,Alberta,589.625,0.31900350988309184,0.09458211279128072,75786.0,170,6.861425593117462,5.1,73.5,1901.0,-39.10416666666674,11.23566885800203
"red deer, alberta",2004,1189,705,"Red Deer (CMA), Alberta",CMA,Alberta,594.0,0.31519761865387796,0.09480861457047995,78611.0,157,6.8819885257788345,4.7,73.5,2262.0,-31.75,11.272266917734749
"red deer, alberta",2005,1476,668,"Red Deer (CMA), Alberta",CMA,Alberta,612.625,0.3129676416286075,0.09458507433679915,82328.0,311,7.518705665144301,4.0,72.7,2422.0,-26.1875,11.318466547515927
"red deer, alberta",2006,879,639,"Red Deer (CMA), Alberta",CMA,Alberta,675.5,0.3148840860810936,0.09428973861642191,86616.0,319,9.824974600535699,3.6,73.6,2599.0,-29.6875,11.369239834990735
"red deer, alberta",2007,146,411,"Red Deer (CMA), Alberta",CMA,Alberta,779.75,0.3171178048972168,0.0944190589529701,89071.0,785,9.576629879534304,3.7,74.5,2709.0,-45.875,11.397189083487625
"red deer, alberta",2008,88,414,"Red Deer (CMA), Alberta",CMA,Alberta,818.5,0.3190581924505903,0.09518104073691384,90974.0,591,9.288368105172907,3.8,74.8,3019.0,-61.125,11.41832903038917
"red deer, alberta",2009,-111,146,"Red Deer (CMA), Alberta",CMA,Alberta,784.625,0.317855753856791,0.09573916425392161,92564.0,497,9.517739077827233,6.8,74.6,2997.0,-72.8125,11.435655576145562
"red deer, alberta",2010,204,133,"Red Deer (CMA), Alberta",CMA,Alberta,761.75,0.3177437854409416,0.097685686415333,93289.0,640,8.854205747730171,6.6,73.2,2974.0,-86.4375,11.44345748063504
"red deer, alberta",2011,855,713,"Red Deer (CMA), Alberta",CMA,Alberta,750.25,0.31709260931937727,0.1001009510652994,94105.0,1001,8.129217363583232,5.6,73.8,3308.0,-116.9375,11.452166459124664
"red deer, alberta",2012,1064,267,"Red Deer (CMA), Alberta",CMA,Alberta,788.625,0.32083453712493293,0.10308927318502621,96916.0,888,8.533162738866647,4.7,73.7,3722.0,-98.9375,11.48159990292732
"red deer, alberta",2013,802,248,"Red Deer (CMA), Alberta",CMA,Alberta,858.25,0.3224957827937987,0.10535986826251105,99592.0,733,7.56084826090449,4.6,73.3,3749.0,-89.6875,11.508837119061623
"red deer, alberta",2014,500,3,"Red Deer (CMA), Alberta",CMA,Alberta,897.75,0.3233527636610276,0.10776459486292281,101731.0,812,7.785237538213524,4.8,72.8,3775.0,-107.25,11.530087353681484
"red deer, alberta",2015,-588,40,"Red Deer (CMA), Alberta",CMA,Alberta,950.25,0.3231452506365527,0.11189721860483197,102898.0,1364,6.8320083966646585,6.1,73.3,3533.0,-94.1875,11.541493485287285
"red deer, alberta",2016,-512,-836,"Red Deer (CMA), Alberta",CMA,Alberta,919.5,0.3190408944945255,0.11628041939103184,103388.0,927,6.325685766239796,8.2,72.3,3257.0,-94.5,11.546244180163054
"red deer, alberta",2017,76,-163,"Red Deer (CMA), Alberta",CMA,Alberta,916.125,0.3160256846154593,0.12104020749749857,102941.0,732,5.304009092587015,8.0,72.1,3310.0,-88.125,11.541911287556298
"red deer, alberta",2018,-52,-258,"Red Deer (CMA), Alberta",CMA,Alberta,931.25,0.31296032082674585,0.1256603555315621,103732.0,590,5.11896039794856,6.5,71.8,3651.0,-93.75,11.54956592906522
"regina, saskatchewan",2001,-2113,574,"Regina (CMA), Saskatchewan",CMA,Saskatchewan,512.0,0.2995535894231932,0.12331210447821356,198472.0,487,3.7738320770688056,5.8,65.6,396.0,8.0,12.198403311225267
"regina, saskatchewan",2002,-1095,875,"Regina (CMA), Saskatchewan",CMA,Saskatchewan,524.25,0.2957245134617324,0.12472017747302612,198340.0,453,3.554502369668246,5.7,66.9,435.0,8.25,12.197738008740115
"regina, saskatchewan",2003,-993,604,"Regina (CMA), Saskatchewan",CMA,Saskatchewan,532.375,0.292984972814638,0.12518307485504485,199372.0,566,2.999418173063419,5.6,67.8,398.0,8.4375,12.202927705386095
"regina, saskatchewan",2004,-1901,554,"Regina (CMA), Saskatchewan",CMA,Saskatchewan,544.625,0.2900479137552406,0.12542922739069676,200360.0,632,3.3240167698143344,5.3,67.8,424.0,14.75,12.207871027471553
"regina, saskatchewan",2005,-1459,752,"Regina (CMA), Saskatchewan",CMA,Saskatchewan,547.125,0.28751283917869147,0.12638737921199852,200558.0,637,3.9340240728367855,5.1,67.9,454.0,13.875,12.208858760704272
"regina, saskatchewan",2006,24,954,"Regina (CMA), Saskatchewan",CMA,Saskatchewan,560.375,0.28487540951057283,0.12746450908368906,201460.0,837,3.8369899731956716,4.7,68.8,473.0,11.4375,12.213346129496673
"regina, saskatchewan",2007,321,488,"Regina (CMA), Saskatchewan",CMA,Saskatchewan,600.375,0.28224903228341813,0.12806771068712788,203572.0,1219,4.769811172459867,4.4,69.7,503.0,-4.625,12.223775029643178
"regina, saskatchewan",2008,513,816,"Regina (CMA), Saskatchewan",CMA,Saskatchewan,693.875,0.281049644565828,0.12800956863656615,206508.0,1728,5.123288201909854,4.2,70.1,542.0,-16.5,12.238094431552911
"regina, saskatchewan",2009,236,327,"Regina (CMA), Saskatchewan",CMA,Saskatchewan,756.375,0.28128897044528844,0.1271473752590127,210897.0,2327,5.443415506147551,5.1,70.6,586.0,-15.25,12.259125141614627
"regina, saskatchewan",2010,-61,628,"Regina (CMA), Saskatchewan",CMA,Saskatchewan,808.5,0.2820156005659394,0.12681510164569215,214864.0,2586,5.589582247375084,5.3,70.6,593.0,-7.625,12.277760548820957
"regina, saskatchewan",2011,366,305,"Regina (CMA), Saskatchewan",CMA,Saskatchewan,852.375,0.2848227624299296,0.12696505502839364,218887.0,4054,5.875177603055458,5.0,70.0,577.0,-10.9375,12.296310893899093
"regina, saskatchewan",2012,-88,283,"Regina (CMA), Saskatchewan",CMA,Saskatchewan,911.125,0.291725491240688,0.12729637818207648,225246.0,3475,5.798105182777941,4.9,70.1,620.0,9.625,12.324948417266294
"regina, saskatchewan",2013,-662,694,"Regina (CMA), Saskatchewan",CMA,Saskatchewan,947.625,0.29664150028571923,0.12745675249787874,230996.0,3966,5.948154946405999,4.2,70.4,708.0,11.1875,12.35015567333669
"regina, saskatchewan",2014,-1312,629,"Regina (CMA), Saskatchewan",CMA,Saskatchewan,995.125,0.3003018535162543,0.12818599603181333,235876.0,3621,6.104902575929725,3.9,69.8,670.0,13.5,12.371061522195516
"regina, saskatchewan",2015,-1282,467,"Regina (CMA), Saskatchewan",CMA,Saskatchewan,1004.625,0.30330561650851284,0.12923091015834814,240167.0,4656,6.570428077129664,5.2,69.9,762.0,21.875,12.389089793677693
"regina, saskatchewan",2016,-1852,1256,"Regina (CMA), Saskatchewan",CMA,Saskatchewan,1022.375,0.3056401475774068,0.13028394382274405,245295.0,4798,6.151776432458877,6.5,69.7,701.0,16.3125,12.4102168468346
"regina, saskatchewan",2017,-2718,946,"Regina (CMA), Saskatchewan",CMA,Saskatchewan,1021.0,0.30883389113968646,0.1325003603055391,249788.0,5434,5.708841097250469,6.4,69.2,666.0,30.75,12.428367837088988
"regina, saskatchewan",2018,-3250,1023,"Regina (CMA), Saskatchewan",CMA,Saskatchewan,1026.75,0.3095190194987831,0.13515421908221995,253503.0,4888,5.132089166597633,6.1,68.8,745.0,19.3125,12.443130936262877
"saguenay, quebec",2001,27,-1748,"Saguenay (CMA), Quebec",CMA,Quebec,394.375,0.28869507819996454,0.1263178481716671,163619.0,116,0.9778815418747212,8.8,63.6,6415.0,-8.6875,12.005295833326729
"saguenay, quebec",2002,69,-1444,"Saguenay (CMA), Quebec",CMA,Quebec,397.25,0.2808177361166785,0.12967839412907403,162155.0,167,0.4871881841447997,8.7,65.2,6728.0,-14.0625,11.996307946906063
"saguenay, quebec",2003,1,-1224,"Saguenay (CMA), Quebec",CMA,Quebec,408.5,0.27262227079659207,0.13310688293300876,161036.0,210,1.1736506122854518,9.1,66.1,6965.0,-17.375,11.989383221455762
"saguenay, quebec",2004,-94,-1264,"Saguenay (CMA), Quebec",CMA,Quebec,411.25,0.2648175437720109,0.13748532607338212,160148.0,229,0.6431550815495667,8.5,65.9,7244.0,-26.8125,11.983853666667098
"saguenay, quebec",2005,-115,-778,"Saguenay (CMA), Quebec",CMA,Quebec,415.875,0.2589832212656319,0.1419656884308427,159130.0,100,1.6150317350593855,8.2,65.6,7262.0,-36.0625,11.97747675720423
"saguenay, quebec",2006,-178,-248,"Saguenay (CMA), Quebec",CMA,Quebec,428.75,0.25329165064698506,0.14647136311208314,158659.0,146,1.2731707624528077,8.3,65.4,7904.0,-31.9375,11.9745125240503
"saguenay, quebec",2007,-112,88,"Saguenay (CMA), Quebec",CMA,Quebec,438.375,0.24887681867158998,0.15049684627065993,158701.0,167,2.0982854550380905,7.4,65.6,7950.0,-34.0625,11.974777207691876
"saguenay, quebec",2008,-47,-293,"Saguenay (CMA), Quebec",CMA,Quebec,458.75,0.24469834892334735,0.15526398392868354,159290.0,102,1.5443530667336305,7.4,65.6,8086.0,-35.1875,11.978481719288684
"saguenay, quebec",2009,-11,158,"Saguenay (CMA), Quebec",CMA,Quebec,463.75,0.24103628112228268,0.16038161622746533,159532.0,100,1.579620389639696,8.8,65.3,7844.0,-33.625,11.979999808043386
"saguenay, quebec",2010,-20,100,"Saguenay (CMA), Quebec",CMA,Quebec,479.25,0.2386224629902389,0.16615073520233667,160228.0,97,2.3279326959083306,8.2,65.3,7950.0,-28.3125,11.984353079866981
"saguenay, quebec",2011,-23,554,"Saguenay (CMA), Quebec",CMA,Quebec,500.25,0.2378649527278604,0.17216879976628108,160877.0,90,1.6285733821490953,8.0,65.1,8406.0,-18.5,11.988395376833584
"saguenay, quebec",2012,-32,-63,"Saguenay (CMA), Quebec",CMA,Quebec,490.75,0.23845725941034673,0.17769330613758577,161790.0,146,1.2732554546016441,7.9,65.1,8294.0,-25.1875,11.994054476999382
"saguenay, quebec",2013,-124,-186,"Saguenay (CMA), Quebec",CMA,Quebec,509.625,0.24001579457184988,0.18284684818084784,162081.0,149,0.5367686527106817,7.8,65.3,8454.0,-15.9375,11.995851489256172
"saguenay, quebec",2014,-36,-302,"Saguenay (CMA), Quebec",CMA,Quebec,515.625,0.24137888474735258,0.1890906173631853,162044.0,85,0.6109451753844635,7.9,64.8,9081.0,-19.6875,11.99562318227485
"saguenay, quebec",2015,-97,-624,"Saguenay (CMA), Quebec",CMA,Quebec,520.5,0.2418084883189969,0.19496723395327598,162058.0,112,1.5673400881166002,7.7,64.9,8770.0,-23.625,11.995709574830332
"saguenay, quebec",2016,-15,-339,"Saguenay (CMA), Quebec",CMA,Quebec,521.75,0.24160742496050552,0.20225488744075829,162048.0,125,0.41345774091627174,7.2,64.6,8826.0,-33.4375,11.995647866623738
"saguenay, quebec",2017,-50,-276,"Saguenay (CMA), Quebec",CMA,Quebec,535.375,0.2434496737195966,0.2095980818667194,161824.0,68,-0.01235910618944038,6.1,64.9,9450.0,-26.875,11.99426460387971
"saguenay, quebec",2018,-50,36,"Saguenay (CMA), Quebec",CMA,Quebec,546.75,0.24482807642146773,0.21616693553870212,161787.0,45,-0.414124744262518,5.5,65.0,9957.0,-25.25,11.994035934272302
"saint john, new brunswick",2001,-164,-193,"Saint John (CMA), New Brunswick",CMA,New Brunswick,437.75,0.30295469880274284,0.12879536788589183,127458.0,133,1.6476015628677683,11.1,61.9,162.0,-55.75,11.75554217754794
"saint john, new brunswick",2002,-49,-211,"Saint John (CMA), New Brunswick",CMA,New Brunswick,455.25,0.2980491755584736,0.1293315615244895,127177.0,201,1.4389394308719345,10.1,63.3,211.0,-66.125,11.753335095928621
"saint john, new brunswick",2003,-68,-70,"Saint John (CMA), New Brunswick",CMA,New Brunswick,460.125,0.29193094005256615,0.13065204047907583,127078.0,184,0.7869182706684085,10.2,63.1,216.0,-55.0,11.752556350141885
"saint john, new brunswick",2004,-414,-181,"Saint John (CMA), New Brunswick",CMA,New Brunswick,468.5,0.2878822482457729,0.13189582529394625,126979.0,183,0.9607887918474708,9.8,63.8,227.0,-91.625,11.751776997437485
"saint john, new brunswick",2005,-782,-54,"Saint John (CMA), New Brunswick",CMA,New Brunswick,481.125,0.28183442148695004,0.13336073478034052,126514.0,511,1.9839701535007983,9.7,63.2,259.0,-65.25,11.748108252962783
"saint john, new brunswick",2006,-456,64,"Saint John (CMA), New Brunswick",CMA,New Brunswick,502.75,0.27633830940382237,0.1363427466641311,126204.0,532,2.3612563785616936,9.2,63.5,273.0,-67.5,11.74565492430803
"saint john, new brunswick",2007,-93,124,"Saint John (CMA), New Brunswick",CMA,New Brunswick,531.875,0.2707483529922285,0.13848278038581405,126745.0,559,2.2328296974239614,7.7,63.8,324.0,-43.125,11.749932472943591
"saint john, new brunswick",2008,-86,78,"Saint John (CMA), New Brunswick",CMA,New Brunswick,558.75,0.266245522733151,0.14044314165014227,127589.0,606,2.7431831897734127,8.7,65.0,320.0,-31.5,11.756569439280247
"saint john, new brunswick",2009,-95,53,"Saint John (CMA), New Brunswick",CMA,New Brunswick,582.0,0.2622218423669816,0.1432045624067628,128704.0,612,1.9890601690701142,9.0,64.7,335.0,-30.0,11.765270473132324
"saint john, new brunswick",2010,-363,40,"Saint John (CMA), New Brunswick",CMA,New Brunswick,593.75,0.25822651801373725,0.14519157221333703,129429.0,585,1.831119764504091,9.4,64.2,290.0,-34.375,11.770887747222599
"saint john, new brunswick",2011,-864,-148,"Saint John (CMA), New Brunswick",CMA,New Brunswick,618.625,0.25597098815811764,0.14865489151357428,129878.0,535,1.3705169466730316,9.6,63.5,296.0,-26.25,11.77435082726853
"saint john, new brunswick",2012,-1049,-93,"Saint John (CMA), New Brunswick",CMA,New Brunswick,625.75,0.25427205428747685,0.1546730413325108,129680.0,416,1.2492288710672423,10.5,63.5,283.0,-57.625,11.772825156409558
"saint john, new brunswick",2013,-1004,-208,"Saint John (CMA), New Brunswick",CMA,New Brunswick,631.875,0.2512293907642745,0.16154388247411502,129129.0,491,1.3629781071641536,10.4,63.7,289.0,-69.75,11.768567183676893
"saint john, new brunswick",2014,-699,-87,"Saint John (CMA), New Brunswick",CMA,New Brunswick,643.0,0.24797149591965334,0.1680215958862015,128543.0,619,-0.14003096240168658,10.1,63.4,302.0,-70.75,11.764018757691357
"saint john, new brunswick",2015,-476,-202,"Saint John (CMA), New Brunswick",CMA,New Brunswick,650.375,0.24577742822212012,0.17327145159908736,128417.0,1184,0.7164160508343911,10.1,62.8,309.0,-55.0,11.76303806022795
"saint john, new brunswick",2016,-164,150,"Saint John (CMA), New Brunswick",CMA,New Brunswick,652.125,0.24428960075647774,0.17789627884265108,129019.0,802,-0.883590788953565,9.7,62.8,362.0,-100.25,11.767714959319875
"saint john, new brunswick",2017,-12,-25,"Saint John (CMA), New Brunswick",CMA,New Brunswick,672.375,0.2431242190994771,0.18236437396844005,129658.0,784,-0.5630196362738898,8.3,61.9,327.0,-75.125,11.77265549365244
"saint john, new brunswick",2018,59,-37,"Saint John (CMA), New Brunswick",CMA,New Brunswick,684.875,0.24317652109911678,0.18646497791952896,130432.0,892,-1.272693817468106,8.1,61.5,364.0,-81.25,11.778607297142342
"saskatoon, saskatchewan",2001,-2215,1300,"Saskatoon (CMA), Saskatchewan",CMA,Saskatchewan,496.0,0.30419457173070147,0.1163544451799823,232634.0,864,4.5264234806606085,5.8,65.6,396.0,-8.0,12.357221682073105
"saskatoon, saskatchewan",2002,-1561,719,"Saskatoon (CMA), Saskatchewan",CMA,Saskatchewan,507.75,0.30006314154799185,0.11639803066631399,234394.0,629,4.419908359428995,5.7,66.9,435.0,-8.25,12.364758739087755
"saskatoon, saskatchewan",2003,-1199,912,"Saskatoon (CMA), Saskatchewan",CMA,Saskatchewan,515.5,0.29651005118817586,0.11716498864368284,235992.0,827,4.322180412895353,5.6,67.8,398.0,-8.4375,12.371553185128102
"saskatoon, saskatchewan",2004,-2586,1233,"Saskatoon (CMA), Saskatchewan",CMA,Saskatchewan,515.125,0.29310547383084246,0.1175451257479,238334.0,977,4.481106346555674,5.3,67.8,424.0,-14.75,12.38142833020692
"saskatoon, saskatchewan",2005,-1532,1236,"Saskatoon (CMA), Saskatchewan",CMA,Saskatchewan,519.375,0.28926519277118484,0.11866915744439534,239818.0,828,4.995454886622356,5.1,67.9,454.0,-13.875,12.387635581310626
"saskatoon, saskatchewan",2006,537,1062,"Saskatoon (CMA), Saskatchewan",CMA,Saskatchewan,537.5,0.28592793343634065,0.12051443066423195,242054.0,1389,5.436803357928396,4.7,68.8,473.0,-11.4375,12.396916120742553
"saskatoon, saskatchewan",2007,1000,954,"Saskatoon (CMA), Saskatchewan",CMA,Saskatchewan,609.625,0.28544206852559856,0.12030374562725747,246127.0,1998,6.0619111271823085,4.4,69.7,503.0,4.625,12.413602941860672
"saskatoon, saskatchewan",2008,900,1063,"Saskatoon (CMA), Saskatchewan",CMA,Saskatchewan,726.875,0.28450277517136086,0.11961465672163997,251516.0,2269,6.580098284005789,4.2,70.1,542.0,16.5,12.435261884788632
"saskatoon, saskatchewan",2009,1125,1337,"Saskatoon (CMA), Saskatchewan",CMA,Saskatchewan,786.875,0.2863007963030449,0.11842972451171194,257942.0,2826,6.761209884392615,5.1,70.6,586.0,15.25,12.460490032429503
"saskatoon, saskatchewan",2010,510,1913,"Saskatoon (CMA), Saskatchewan",CMA,Saskatchewan,823.75,0.28853614587543774,0.11758883948639878,264719.0,3236,6.795885448343338,5.3,70.6,593.0,7.625,12.486424165012052
"saskatoon, saskatchewan",2011,919,1564,"Saskatoon (CMA), Saskatchewan",CMA,Saskatchewan,874.25,0.2923841693159072,0.11735031790886613,271776.0,4847,7.340604026845638,5.0,70.0,577.0,10.9375,12.512733476579736
"saskatoon, saskatchewan",2012,-53,1522,"Saskatoon (CMA), Saskatchewan",CMA,Saskatchewan,891.875,0.29838281558967195,0.11805196794846672,280673.0,3705,7.425010599523289,4.9,70.1,620.0,-9.625,12.544945569622426
"saskatoon, saskatchewan",2013,-785,1281,"Saskatoon (CMA), Saskatchewan",CMA,Saskatchewan,925.25,0.30325770130037066,0.11906920834766416,287841.0,4483,7.260953095632659,4.2,70.4,708.0,-11.1875,12.570163523330631
"saskatoon, saskatchewan",2014,-1104,1405,"Saskatoon (CMA), Saskatchewan",CMA,Saskatchewan,968.125,0.3074843488048642,0.12004407158912765,294067.0,4187,7.596908187589903,3.9,69.8,670.0,-13.5,12.591562911514036
"saskatoon, saskatchewan",2015,-1386,1843,"Saskatoon (CMA), Saskatchewan",CMA,Saskatchewan,960.875,0.30923159462692734,0.12133067190066947,300089.0,5794,8.074271299514477,5.2,69.9,762.0,-21.875,12.61183437630815
"saskatoon, saskatchewan",2016,-1965,2530,"Saskatoon (CMA), Saskatchewan",CMA,Saskatchewan,989.75,0.31019693597303033,0.12305895062933604,307308.0,5942,7.048303330860244,6.5,69.7,701.0,-16.3125,12.635605780972039
"saskatoon, saskatchewan",2017,-2993,2307,"Saskatoon (CMA), Saskatchewan",CMA,Saskatchewan,959.5,0.31188065110996255,0.12540439135511783,313434.0,6225,7.041354798777414,6.4,69.2,666.0,-30.75,12.655344090575547
"saskatoon, saskatchewan",2018,-3125,2017,"Saskatoon (CMA), Saskatchewan",CMA,Saskatchewan,988.125,0.31182738328756376,0.12871243624950962,318625.0,6027,6.468418987838367,6.1,68.8,745.0,-19.3125,12.671770141678417
"sherbrooke, quebec",2001,-122,1128,"Sherbrooke (CMA), Quebec",CMA,Quebec,411.75,0.2919386298503885,0.1324111102635909,183542.0,1098,2.5062383541641693,8.8,63.6,6415.0,8.6875,12.12019880312087
"sherbrooke, quebec",2002,-36,1347,"Sherbrooke (CMA), Quebec",CMA,Quebec,421.75,0.2880868680451998,0.13346756176212496,185753.0,974,2.191081705275285,8.7,65.2,6728.0,10.4375,12.132173113189825
"sherbrooke, quebec",2003,-106,651,"Sherbrooke (CMA), Quebec",CMA,Quebec,436.75,0.2841036544850498,0.1341873754152824,188125.0,1376,2.0358803986710963,9.1,66.1,6965.0,10.875,12.144861914485277
"sherbrooke, quebec",2004,-73,458,"Sherbrooke (CMA), Quebec",CMA,Quebec,451.5,0.28105727335873204,0.134932328611421,190036.0,1150,2.515312888084363,8.5,65.9,7244.0,13.4375,12.154968806878962
"sherbrooke, quebec",2005,-220,130,"Sherbrooke (CMA), Quebec",CMA,Quebec,464.0,0.2773908824864239,0.13674183737878004,191697.0,913,3.52639843085703,8.2,65.6,7262.0,12.0625,12.163671279459013
"sherbrooke, quebec",2006,-477,143,"Sherbrooke (CMA), Quebec",CMA,Quebec,476.125,0.27230273001672284,0.14033207523725208,193149.0,1151,3.111587427322948,8.3,65.4,7904.0,15.4375,12.171217190757702
"sherbrooke, quebec",2007,-354,104,"Sherbrooke (CMA), Quebec",CMA,Quebec,490.75,0.2695229241886527,0.14421155890645945,194707.0,1048,3.3178057286076,7.4,65.6,7950.0,18.3125,12.179251143461824
"sherbrooke, quebec",2008,-258,467,"Sherbrooke (CMA), Quebec",CMA,Quebec,501.5,0.26501720031754433,0.14886925723125777,196508.0,1091,3.7555722922221997,7.4,65.6,8086.0,7.5625,12.188458421930916
"sherbrooke, quebec",2009,-135,553,"Sherbrooke (CMA), Quebec",CMA,Quebec,510.75,0.2615869410073678,0.1536482153447184,198974.0,1029,4.166373496034658,8.8,65.3,7844.0,13.375,12.200929441904416
"sherbrooke, quebec",2010,-74,767,"Sherbrooke (CMA), Quebec",CMA,Quebec,520.25,0.25894907001076023,0.15928576033004577,201669.0,1121,3.4908687006927193,8.2,65.3,7950.0,12.6875,12.214383018525869
"sherbrooke, quebec",2011,-144,733,"Sherbrooke (CMA), Quebec",CMA,Quebec,534.5,0.2576105770641215,0.16440606694765253,204518.0,978,3.207541634477161,8.0,65.1,8406.0,15.75,12.228411270151401
"sherbrooke, quebec",2012,-327,767,"Sherbrooke (CMA), Quebec",CMA,Quebec,536.125,0.2563727508294384,0.16935558084905433,206465.0,1072,3.41946576901654,7.9,65.1,8294.0,20.1875,12.237886185492489
"sherbrooke, quebec",2013,-372,850,"Sherbrooke (CMA), Quebec",CMA,Quebec,541.5,0.25491823730375035,0.1748301408775095,208408.0,805,2.94614410195386,7.8,65.3,8454.0,15.9375,12.24725297584049
"sherbrooke, quebec",2014,-508,430,"Sherbrooke (CMA), Quebec",CMA,Quebec,555.0,0.25426465894637557,0.17996598752876056,209923.0,749,2.362771111312243,7.9,64.8,9081.0,19.6875,12.25449607579428
"sherbrooke, quebec",2015,-325,790,"Sherbrooke (CMA), Quebec",CMA,Quebec,560.5,0.2526278375432444,0.18496753708355054,211010.0,1155,2.7439457845599735,7.7,64.9,8770.0,16.375,12.259660804700102
"sherbrooke, quebec",2016,-177,477,"Sherbrooke (CMA), Quebec",CMA,Quebec,581.0,0.25186444806715763,0.1908576461108925,213468.0,917,1.7520190379822735,7.2,64.6,8826.0,25.8125,12.27124221751327
"sherbrooke, quebec",2017,-146,1144,"Sherbrooke (CMA), Quebec",CMA,Quebec,585.25,0.2528206554489408,0.19654660918741018,215730.0,1129,1.3720854772168916,6.1,64.9,9450.0,23.0,12.281782904764649
"sherbrooke, quebec",2018,-123,1161,"Sherbrooke (CMA), Quebec",CMA,Quebec,588.0,0.2539690519061503,0.2019760714383643,218818.0,864,1.9605334113281356,5.5,65.0,9957.0,16.0,12.295995613056647
"st. catharines-niagara, ontario",2001,82,829,"St. Catharines - Niagara (CMA), Ontario",CMA,Ontario,606.25,0.28265855108251725,0.16849360846728215,392003.0,1106,0.2882631000272957,6.3,67.3,11733.0,-65.25,12.87902477180454
"st. catharines-niagara, ontario",2002,-86,950,"St. Catharines - Niagara (CMA), Ontario",CMA,Ontario,620.5,0.27869903129053175,0.1690479085603113,394752.0,968,0.13426151102464334,7.1,67.8,11392.0,-78.125,12.886012998602837
"st. catharines-niagara, ontario",2003,-83,1564,"St. Catharines - Niagara (CMA), Ontario",CMA,Ontario,634.5,0.2743503427994491,0.16932001581182915,397171.0,1022,0.3474573924078042,6.9,68.5,11983.0,-77.625,12.892122197410174
"st. catharines-niagara, ontario",2004,-518,1362,"St. Catharines - Niagara (CMA), Ontario",CMA,Ontario,651.375,0.2699828327681724,0.16969071495148447,400181.0,1096,0.06247173154147748,6.8,68.4,12956.0,-67.25,12.899672223742868
"st. catharines-niagara, ontario",2005,-502,326,"St. Catharines - Niagara (CMA), Ontario",CMA,Ontario,668.5,0.26563529046287665,0.17017955886921404,402375.0,1537,-0.2087604846225536,6.6,68.0,13664.0,-72.5,12.90513976860111
"st. catharines-niagara, ontario",2006,-885,-72,"St. Catharines - Niagara (CMA), Ontario",CMA,Ontario,678.5,0.2605714681742127,0.17125233903943446,404012.0,1596,-0.38365197073354257,6.4,67.7,13825.0,-65.125,12.90919985947246
"st. catharines-niagara, ontario",2007,-782,172,"St. Catharines - Niagara (CMA), Ontario",CMA,Ontario,693.625,0.2553992544536714,0.1738780818314033,402926.0,1385,-0.9232464522021414,6.4,67.7,14059.0,-63.375,12.9065082012393
"st. catharines-niagara, ontario",2008,-589,338,"St. Catharines - Niagara (CMA), Ontario",CMA,Ontario,710.625,0.2493487817803199,0.1770094467070874,401939.0,1123,-0.47270854532652967,6.6,67.6,14194.0,-67.25,12.904055614793752
"st. catharines-niagara, ontario",2009,-377,1188,"St. Catharines - Niagara (CMA), Ontario",CMA,Ontario,725.875,0.24346899499826968,0.18033366445833676,401661.0,1268,-0.8091400459591547,9.2,67.1,13807.0,-62.75,12.903363728255448
"st. catharines-niagara, ontario",2010,-244,570,"St. Catharines - Niagara (CMA), Ontario",CMA,Ontario,738.25,0.23838121207752405,0.1832483637873135,402301.0,1081,-1.036537319072038,8.8,67.0,13919.0,-63.375,12.904955843641973
"st. catharines-niagara, ontario",2011,-450,1251,"St. Catharines - Niagara (CMA), Ontario",CMA,Ontario,752.5,0.23481898991905448,0.18736653920643592,402740.0,1259,-0.48914932710930126,8.0,66.7,14412.0,-66.625,12.906046471432397
"st. catharines-niagara, ontario",2012,-846,1725,"St. Catharines - Niagara (CMA), Ontario",CMA,Ontario,775.0,0.23367585575040067,0.19359801648157615,404937.0,1003,-1.4323215710098114,8.0,66.2,14635.0,-62.5,12.911486778433101
"st. catharines-niagara, ontario",2013,-787,2525,"St. Catharines - Niagara (CMA), Ontario",CMA,Ontario,792.875,0.23230469480334176,0.1990346673489269,406492.0,1047,-1.2964584788876534,7.6,66.3,14241.0,-61.375,12.915319527579543
"st. catharines-niagara, ontario",2014,-692,3320,"St. Catharines - Niagara (CMA), Ontario",CMA,Ontario,804.75,0.23122948954196063,0.20374516987125366,408633.0,856,-1.3630812978883253,7.4,65.9,15137.0,-73.5,12.920572721687423
"st. catharines-niagara, ontario",2015,-314,4010,"St. Catharines - Niagara (CMA), Ontario",CMA,Ontario,825.5,0.22989702733800377,0.20843346587240322,411954.0,1182,-0.9102958097263286,6.8,65.3,14708.0,-98.625,12.928666971612847
"st. catharines-niagara, ontario",2016,-251,3539,"St. Catharines - Niagara (CMA), Ontario",CMA,Ontario,868.0,0.22816152214609578,0.2124909629757305,417726.0,1131,-1.5273169493878762,6.6,65.0,15588.0,-85.5,12.942580994178924
"st. catharines-niagara, ontario",2017,-336,2840,"St. Catharines - Niagara (CMA), Ontario",CMA,Ontario,899.375,0.22916480508669868,0.21541576331049272,425266.0,1344,-2.2315444921531467,6.1,65.2,15887.0,-97.375,12.960470134476822
"st. catharines-niagara, ontario",2018,-344,2880,"St. Catharines - Niagara (CMA), Ontario",CMA,Ontario,928.25,0.23213212380133344,0.21843704053041862,432564.0,1459,-1.8933614447804255,5.7,64.9,17095.0,-131.25,12.977485571285186
"st. john's, newfoundland and labrador",2001,-704,801,"St. John's (CMA), Newfoundland and Labrador",CMA,Newfoundland and Labrador,514.375,0.32161809287391363,0.10526345282056741,178457.0,241,1.2552043349378281,16.0,56.8,142.0,0.0,12.0921029548231
"st. john's, newfoundland and labrador",2002,-303,593,"St. John's (CMA), Newfoundland and Labrador",CMA,Newfoundland and Labrador,533.5,0.3196901485261465,0.10566558522863233,179699.0,201,1.368955865085504,16.7,58.2,153.0,0.0,12.099038507925894
"st. john's, newfoundland and labrador",2003,-264,955,"St. John's (CMA), Newfoundland and Labrador",CMA,Newfoundland and Labrador,555.625,0.3186343218515126,0.10606796384385313,181214.0,344,1.4678777577891333,16.5,59.1,173.0,0.0,12.107433932299564
"st. john's, newfoundland and labrador",2004,-1057,486,"St. John's (CMA), Newfoundland and Labrador",CMA,Newfoundland and Labrador,558.0,0.31680307086657106,0.10702231721746337,183401.0,347,1.1341268586321775,15.6,59.1,174.0,0.0,12.11943029135234
"st. john's, newfoundland and labrador",2005,-1036,835,"St. John's (CMA), Newfoundland and Labrador",CMA,Newfoundland and Labrador,575.375,0.31467798763307475,0.10839789143381415,184201.0,375,3.284455567559351,15.2,58.7,267.0,0.0,12.123782831670258
"st. john's, newfoundland and labrador",2006,-803,1252,"St. John's (CMA), Newfoundland and Labrador",CMA,Newfoundland and Labrador,583.625,0.3107911114936284,0.11081585558059849,185903.0,395,2.3291716647929297,15.0,59.3,264.0,0.0,12.132980311287769
"st. john's, newfoundland and labrador",2007,60,1398,"St. John's (CMA), Newfoundland and Labrador",CMA,Newfoundland and Labrador,575.125,0.30690017959808286,0.11320524128843026,188198.0,462,3.0180979606584555,13.7,59.4,261.0,0.0,12.145249879084389
"st. john's, newfoundland and labrador",2008,581,1261,"St. John's (CMA), Newfoundland and Labrador",CMA,Newfoundland and Labrador,595.375,0.3037238067900107,0.11587380287570784,191605.0,440,4.342266642311005,13.3,59.7,259.0,0.0,12.163191240211805
"st. john's, newfoundland and labrador",2009,782,1195,"St. John's (CMA), Newfoundland and Labrador",CMA,Newfoundland and Labrador,633.25,0.3006422168222009,0.11853954381164362,195884.0,511,4.038104184108962,15.8,59.2,264.0,0.0,12.185277926273468
"st. john's, newfoundland and labrador",2010,291,1194,"St. John's (CMA), Newfoundland and Labrador",CMA,Newfoundland and Labrador,677.875,0.2998544033028511,0.12054608733807354,200554.0,536,3.460414651415579,14.9,60.3,249.0,0.0,12.208838816150132
"st. john's, newfoundland and labrador",2011,347,976,"St. John's (CMA), Newfoundland and Labrador",CMA,Newfoundland and Labrador,710.625,0.2988002387779267,0.12437981347920968,204374.0,499,2.793897462495229,13.1,60.8,302.0,0.0,12.227706927655323
"st. john's, newfoundland and labrador",2012,417,990,"St. John's (CMA), Newfoundland and Labrador",CMA,Newfoundland and Labrador,746.25,0.29903244386577155,0.12850249028329694,206603.0,480,2.5314250035091455,12.7,62.1,375.0,0.0,12.238554356375415
"st. john's, newfoundland and labrador",2013,139,972,"St. John's (CMA), Newfoundland and Labrador",CMA,Newfoundland and Labrador,781.75,0.29882316818668114,0.13223406143704933,208441.0,629,3.3390743663674614,11.9,61.8,313.0,0.0,12.2474113065553
"st. john's, newfoundland and labrador",2014,-98,791,"St. John's (CMA), Newfoundland and Labrador",CMA,Newfoundland and Labrador,809.5,0.29748949006009073,0.13609956535163764,210515.0,509,2.1661164287580457,12.4,61.4,358.0,0.0,12.257312188473142
"st. john's, newfoundland and labrador",2015,-341,785,"St. John's (CMA), Newfoundland and Labrador",CMA,Newfoundland and Labrador,834.625,0.29690271330993623,0.13966093060115475,211992.0,1064,2.528397298011246,13.1,61.8,370.0,0.0,12.264303817093078
"st. john's, newfoundland and labrador",2016,-1278,1263,"St. John's (CMA), Newfoundland and Labrador",CMA,Newfoundland and Labrador,836.75,0.29401941293415973,0.1441328499590691,213775.0,697,2.1284060343819435,13.7,60.7,363.0,0.0,12.272679339024156
"st. john's, newfoundland and labrador",2017,-1781,900,"St. John's (CMA), Newfoundland and Labrador",CMA,Newfoundland and Labrador,826.125,0.2911791179117912,0.1505191756289031,215534.0,882,0.8304954206760883,15.2,59.5,419.0,0.0,12.280873948702958
"st. john's, newfoundland and labrador",2018,-1594,898,"St. John's (CMA), Newfoundland and Labrador",CMA,Newfoundland and Labrador,843.875,0.28820169682630636,0.15789449363228036,216404.0,1134,0.6469381342304208,14.0,59.1,528.0,0.0,12.284902310071987
"thunder bay, ontario",2001,-337,-419,"Thunder Bay (CMA), Ontario",CMA,Ontario,580.75,0.29614929377416555,0.1463110549988164,126730.0,104,0.34719482364081117,6.3,67.3,11733.0,-90.75,11.74981411807611
"thunder bay, ontario",2002,-190,-273,"Thunder Bay (CMA), Ontario",CMA,Ontario,587.0,0.2892475322463654,0.1473714087483049,126836.0,165,0.5913147686776624,7.1,67.8,11392.0,-111.625,11.750650192361896
"thunder bay, ontario",2003,-501,-158,"Thunder Bay (CMA), Ontario",CMA,Ontario,605.25,0.2828412024576464,0.1485416552232833,127439.0,188,0.23540674361851552,6.9,68.5,11983.0,-106.875,11.755393097723262
"thunder bay, ontario",2004,-638,-298,"Thunder Bay (CMA), Ontario",CMA,Ontario,598.0,0.27649877842510806,0.15003445467643928,127704.0,148,-0.25057946501284223,6.8,68.4,12956.0,-120.625,11.757470364944314
"thunder bay, ontario",2005,-1037,-406,"Thunder Bay (CMA), Ontario",CMA,Ontario,601.25,0.2709717347706192,0.15209012283780396,127648.0,156,-0.5327149661569316,6.6,68.0,13664.0,-139.75,11.757031754705134
"thunder bay, ontario",2006,-927,418,"Thunder Bay (CMA), Ontario",CMA,Ontario,615.5,0.2637006250098396,0.1547332294274154,127038.0,134,-0.4329413246430202,6.4,67.7,13825.0,-128.125,11.752241533283991
"thunder bay, ontario",2007,-551,449,"Thunder Bay (CMA), Ontario",CMA,Ontario,634.25,0.25784420390562335,0.15769410979900095,125921.0,180,-0.7226753281819553,6.4,67.7,14059.0,-122.75,11.743410005169887
"thunder bay, ontario",2008,-284,321,"Thunder Bay (CMA), Ontario",CMA,Ontario,644.0,0.25352640517976893,0.16105445295867188,125411.0,97,-0.3747677635933052,6.6,67.6,14194.0,-133.875,11.73935162263209
"thunder bay, ontario",2009,-212,568,"Thunder Bay (CMA), Ontario",CMA,Ontario,667.0,0.2504919134232375,0.1633792452528355,125022.0,145,0.0,9.2,67.1,13807.0,-121.625,11.736245000798256
"thunder bay, ontario",2010,-134,271,"Thunder Bay (CMA), Ontario",CMA,Ontario,695.0,0.24767247648501994,0.16536005689945898,125133.0,141,-1.1987245570712761,8.8,67.0,13919.0,-106.625,11.737132450637635
"thunder bay, ontario",2011,-218,521,"Thunder Bay (CMA), Ontario",CMA,Ontario,718.0,0.24678973997694376,0.16779812988343795,124912.0,108,-1.0567439477392084,8.0,66.7,14412.0,-101.125,11.735364768360073
"thunder bay, ontario",2012,-245,344,"Thunder Bay (CMA), Ontario",CMA,Ontario,752.375,0.24586808248642683,0.17296082774281762,125063.0,82,-0.4637662618040508,8.0,66.2,14635.0,-85.125,11.736572889319097
"thunder bay, ontario",2013,-296,228,"Thunder Bay (CMA), Ontario",CMA,Ontario,784.375,0.244762620048259,0.1783186052829224,125158.0,138,-0.6072324581728695,7.6,66.3,14241.0,-69.875,11.737332218108964
"thunder bay, ontario",2014,-285,17,"Thunder Bay (CMA), Ontario",CMA,Ontario,820.25,0.24471144628363264,0.18299833833961782,125176.0,124,-1.3500990605227838,7.4,65.9,15137.0,-58.0,11.737476025981893
"thunder bay, ontario",2015,-270,103,"Thunder Bay (CMA), Ontario",CMA,Ontario,855.75,0.24372441089985497,0.18831975258194522,124809.0,132,-1.7226321819740564,6.8,65.3,14708.0,-68.375,11.73453984770189
"thunder bay, ontario",2016,-75,151,"Thunder Bay (CMA), Ontario",CMA,Ontario,862.875,0.24168666986717874,0.19248679788766201,124980.0,215,-1.480236837894063,6.6,65.0,15588.0,-90.625,11.735909003483073
"thunder bay, ontario",2017,-145,184,"Thunder Bay (CMA), Ontario",CMA,Ontario,882.25,0.2451719246527035,0.19557964640341075,126189.0,223,-3.0430544659201675,6.1,65.2,15887.0,-114.5,11.74553606205735
"thunder bay, ontario",2018,-153,-45,"Thunder Bay (CMA), Ontario",CMA,Ontario,948.375,0.2487467588591184,0.19882140331578535,127270.0,231,-2.427909169482203,5.7,64.9,17095.0,-111.125,11.754066092986093
"toronto, ontario",2001,2415,-23189,"Toronto (CMA), Ontario",CMA,Ontario,952.25,0.3383803208444011,0.10976931616445605,4883177.0,123072,6.552701243473256,6.3,67.3,11733.0,280.75,15.401306590594915
"toronto, ontario",2002,194,-25629,"Toronto (CMA), Ontario",CMA,Ontario,980.5,0.33652176449970844,0.10978426334571058,5004342.0,86802,6.304525150359428,7.1,67.8,11392.0,281.875,15.425816493557244
"toronto, ontario",2003,-2254,-26173,"Toronto (CMA), Ontario",CMA,Ontario,968.0,0.3326537034159811,0.11073214766856192,5084630.0,101819,6.530858685882749,6.9,68.5,11983.0,255.875,15.441732821788925
"toronto, ontario",2004,-2904,-23851,"Toronto (CMA), Ontario",CMA,Ontario,976.25,0.3287912638355797,0.11175960644601997,5166661.0,103187,6.603684662105758,6.8,68.4,12956.0,257.625,15.45773719644657
"toronto, ontario",2005,-6518,-19615,"Toronto (CMA), Ontario",CMA,Ontario,977.375,0.3248980780209034,0.11253127779560422,5248132.0,107077,6.87235000948909,6.6,68.0,13664.0,236.375,15.47338276172877
"toronto, ontario",2006,-7472,-13883,"Toronto (CMA), Ontario",CMA,Ontario,993.625,0.32046214039573967,0.11397074462553035,5336387.0,90494,6.935591440425892,6.4,67.7,13825.0,250.0,15.490059390184578
"toronto, ontario",2007,-6648,-15399,"Toronto (CMA), Ontario",CMA,Ontario,989.375,0.3153204796471819,0.11533804968185687,5418316.0,89476,6.949022537629773,6.4,67.7,14059.0,232.375,15.505295624031229
"toronto, ontario",2008,-6427,-12315,"Toronto (CMA), Ontario",CMA,Ontario,1019.125,0.30981012986007644,0.11699981664803163,5503077.0,82741,6.808372843047626,6.6,67.6,14194.0,241.25,15.520817948311803
"toronto, ontario",2009,-1146,-19591,"Toronto (CMA), Ontario",CMA,Ontario,1018.625,0.3043190072493028,0.11884949319643247,5589641.0,90971,6.664292035928605,9.2,67.1,13807.0,230.0,15.536425621244286
"toronto, ontario",2010,122,-16152,"Toronto (CMA), Ontario",CMA,Ontario,1043.625,0.30004962752955217,0.12076542545047542,5682330.0,82226,6.261515962642085,8.8,67.0,13919.0,242.0,15.5528719178513
"toronto, ontario",2011,-3390,-20336,"Toronto (CMA), Ontario",CMA,Ontario,1074.25,0.29714312754542416,0.12319679621491873,5769176.0,78387,6.348566935728776,8.0,66.7,14412.0,255.125,15.568039820660653
"toronto, ontario",2012,-4470,-19879,"Toronto (CMA), Ontario",CMA,Ontario,1109.75,0.29527906484440924,0.1267991334874567,5852887.0,83647,6.075292415520751,8.0,66.2,14635.0,272.25,15.582445601748358
"toronto, ontario",2013,-4812,-21394,"Toronto (CMA), Ontario",CMA,Ontario,1143.625,0.2927567085249035,0.13087044404712206,5930812.0,79690,5.59468079581683,7.6,66.3,14241.0,289.375,15.595671692459767
"toronto, ontario",2014,-1483,-25074,"Toronto (CMA), Ontario",CMA,Ontario,1169.0,0.2906149985467591,0.13441719703428798,5996941.0,71210,5.368236906115968,7.4,65.9,15137.0,290.75,15.60676006384979
"toronto, ontario",2015,6833,-34224,"Toronto (CMA), Ontario",CMA,Ontario,1210.0,0.2889914008604433,0.13792087547657203,6045256.0,91505,5.324836532977264,6.8,65.3,14708.0,285.875,15.614784390183136
"toronto, ontario",2016,7426,-47971,"Toronto (CMA), Ontario",CMA,Ontario,1233.875,0.2891643033231308,0.1407882523137845,6122329.0,75132,5.122887058176716,6.6,65.0,15588.0,280.375,15.627453137651164
"toronto, ontario",2017,4894,-48286,"Toronto (CMA), Ontario",CMA,Ontario,1297.375,0.28821557626090677,0.14376012244796624,6202798.0,102765,4.739796459597748,6.1,65.2,15887.0,300.625,15.64051103853705
"toronto, ontario",2018,2721,-46553,"Toronto (CMA), Ontario",CMA,Ontario,1362.25,0.2901961641488825,0.14598665587073262,6313488.0,106712,4.6473518283395805,5.7,64.9,17095.0,302.75,15.658198855170067
"trois-riviã¨res, quebec",2001,-36,21,"Trois-RiviÃ¨res (CMA), Quebec",CMA,Quebec,384.25,0.2791826825814283,0.15198783371818037,143347.0,156,-0.5092537688266933,8.8,63.6,6415.0,-18.8125,11.873023543293433
"trois-riviã¨res, quebec",2002,-54,479,"Trois-RiviÃ¨res (CMA), Quebec",CMA,Quebec,391.5,0.27338586857805536,0.15396599181232623,143142.0,239,-0.6846348381327633,8.7,65.2,6728.0,-19.8125,11.871592423529753
"trois-riviã¨res, quebec",2003,-10,356,"Trois-RiviÃ¨res (CMA), Quebec",CMA,Quebec,405.75,0.26772278883129913,0.15558992364710472,143544.0,405,0.09753107061249512,9.1,66.1,6965.0,-20.125,11.874396887392503
"trois-riviã¨res, quebec",2004,-7,629,"Trois-RiviÃ¨res (CMA), Quebec",CMA,Quebec,415.25,0.26335438206925266,0.15805287627506764,144110.0,273,-0.08326972451599474,8.5,65.9,7244.0,-22.8125,11.878332175832407
"trois-riviã¨res, quebec",2005,-72,461,"Trois-RiviÃ¨res (CMA), Quebec",CMA,Quebec,426.75,0.2589294350102939,0.16024622442070938,144746.0,287,0.37306730410512207,8.2,65.6,7262.0,-25.1875,11.882735761201952
"trois-riviã¨res, quebec",2006,-138,748,"Trois-RiviÃ¨res (CMA), Quebec",CMA,Quebec,445.25,0.25402500789217236,0.16480228392604693,145714.0,297,0.5352951672454259,8.3,65.4,7904.0,-15.4375,11.889401075418904
"trois-riviã¨res, quebec",2007,-107,572,"Trois-RiviÃ¨res (CMA), Quebec",CMA,Quebec,443.5,0.24992183570544976,0.16954855022225848,147126.0,301,0.9719560104944062,7.4,65.6,7950.0,-28.9375,11.899044641480856
"trois-riviã¨res, quebec",2008,-63,568,"Trois-RiviÃ¨res (CMA), Quebec",CMA,Quebec,458.125,0.24599193336610264,0.17448304188858887,148513.0,316,1.5688862254482772,7.4,65.6,8086.0,-35.8125,11.908427775480849
"trois-riviã¨res, quebec",2009,-54,775,"Trois-RiviÃ¨res (CMA), Quebec",CMA,Quebec,464.375,0.2413795400644869,0.18026354358195432,150108.0,339,1.0392517387481015,8.8,65.3,7844.0,-33.0,11.919110314002742
"trois-riviã¨res, quebec",2010,-81,689,"Trois-RiviÃ¨res (CMA), Quebec",CMA,Quebec,476.0,0.2387001185302252,0.18588831818780455,151860.0,256,0.03292506255761886,8.2,65.3,7950.0,-31.5625,11.930714322767225
"trois-riviã¨res, quebec",2011,-37,586,"Trois-RiviÃ¨res (CMA), Quebec",CMA,Quebec,492.375,0.23724219903083815,0.19115476548111962,153122.0,358,1.0057339898904143,8.0,65.1,8406.0,-26.375,11.938990268252471
"trois-riviã¨res, quebec",2012,-112,534,"Trois-RiviÃ¨res (CMA), Quebec",CMA,Quebec,493.25,0.23524901226866293,0.19657803077562902,153888.0,259,0.25992929923060926,7.9,65.1,8294.0,-22.6875,11.943980344077389
"trois-riviã¨res, quebec",2013,-102,782,"Trois-RiviÃ¨res (CMA), Quebec",CMA,Quebec,492.0,0.23423960208800176,0.20217478595391372,154406.0,295,0.2137222646788337,7.8,65.3,8454.0,-33.5625,11.947340775921406
"trois-riviã¨res, quebec",2014,-178,600,"Trois-RiviÃ¨res (CMA), Quebec",CMA,Quebec,498.0,0.23366617277588095,0.2083231334149327,155230.0,270,-0.6828576950331765,7.9,64.8,9081.0,-37.3125,11.95266316702049
"trois-riviã¨res, quebec",2015,-81,814,"Trois-RiviÃ¨res (CMA), Quebec",CMA,Quebec,509.625,0.2332220367278798,0.21376653396686784,155740.0,315,-0.43020418646462055,7.7,64.9,8770.0,-34.5,11.955943229130977
"trois-riviã¨res, quebec",2016,-73,874,"Trois-RiviÃ¨res (CMA), Quebec",CMA,Quebec,520.5,0.2338495109392646,0.21891928105200698,156729.0,319,-0.5487178505573315,7.2,64.6,8826.0,-34.6875,11.962273478228346
"trois-riviã¨res, quebec",2017,8,638,"Trois-RiviÃ¨res (CMA), Quebec",CMA,Quebec,529.75,0.23719189163467944,0.22563207816514927,157615.0,234,-1.6686229102560037,6.1,64.9,9450.0,-32.5,11.967910629541784
"trois-riviã¨res, quebec",2018,31,857,"Trois-RiviÃ¨res (CMA), Quebec",CMA,Quebec,534.25,0.24023798083002454,0.23287853114488757,158164.0,268,-1.820894767456564,5.5,65.0,9957.0,-37.75,11.971387748369406
"vancouver, british columbia",2001,-3361,-3542,"Vancouver (CMA), British Columbia",CMA,British Columbia,834.625,0.33354340329723114,0.11866495719824485,2075499.0,34468,4.087209870975606,7.7,64.0,1760.0,237.5,14.545712164663502
"vancouver, british columbia",2002,-1461,-3654,"Vancouver (CMA), British Columbia",CMA,British Columbia,867.25,0.3282155690333826,0.11940735660758807,2099745.0,28684,4.232418698461004,8.5,65.0,1949.0,254.625,14.557326466749178
"vancouver, british columbia",2003,2340,-5514,"Vancouver (CMA), British Columbia",CMA,British Columbia,879.0,0.3223268071755782,0.12060303643179834,2117683.0,32317,3.8707398604984786,8.0,65.5,2050.0,256.25,14.565833124442364
"vancouver, british columbia",2004,2973,-5481,"Vancouver (CMA), British Columbia",CMA,British Columbia,898.25,0.31786513918425024,0.12170557008561655,2135802.0,36008,3.850075990190102,7.2,65.3,2263.0,270.5,14.574352778136412
"vancouver, british columbia",2005,3131,-5626,"Vancouver (CMA), British Columbia",CMA,British Columbia,915.125,0.31443327581979913,0.1225926422766108,2161810.0,38313,3.8740684889051304,5.9,65.4,2414.0,265.5,14.586456391728358
"vancouver, british columbia",2006,4039,-5927,"Vancouver (CMA), British Columbia",CMA,British Columbia,947.5,0.3113062767088773,0.12411914071328997,2190049.0,32265,4.1350672975810125,4.9,65.8,2432.0,301.25,14.599434475971604
"vancouver, british columbia",2007,3896,-5606,"Vancouver (CMA), British Columbia",CMA,British Columbia,982.0,0.3087754460798037,0.12533917212024331,2218269.0,36649,4.149181185870605,4.4,66.2,2838.0,278.625,14.612237719971395
"vancouver, british columbia",2008,4603,-1954,"Vancouver (CMA), British Columbia",CMA,British Columbia,1029.875,0.3062755519759012,0.126484997236905,2254718.0,35997,4.511872438149693,4.8,66.4,2947.0,283.375,14.628535467666461
"vancouver, british columbia",2009,3600,-1825,"Vancouver (CMA), British Columbia",CMA,British Columbia,1067.25,0.3045155366532283,0.12773794911486552,2302362.0,36881,4.346405995234459,7.8,66.2,2911.0,285.5,14.649446110462014
"vancouver, british columbia",2010,1079,-2060,"Vancouver (CMA), British Columbia",CMA,British Columbia,1091.125,0.30338360481296556,0.12918261097923658,2345664.0,32886,4.083705083080953,7.8,65.8,3020.0,301.625,14.66807907543184
"vancouver, british columbia",2011,-2472,-3160,"Vancouver (CMA), British Columbia",CMA,British Columbia,1124.5,0.301525771669025,0.13187239949190033,2376699.0,29637,4.005134853004104,7.6,65.2,3046.0,327.5,14.681223108117907
"vancouver, british columbia",2012,-2500,-3454,"Vancouver (CMA), British Columbia",CMA,British Columbia,1146.625,0.2997147700103634,0.13511176632519686,2422957.0,29836,4.118108575595853,6.9,65.3,3025.0,325.0,14.70049925304606
"vancouver, british columbia",2013,1496,-4384,"Vancouver (CMA), British Columbia",CMA,British Columbia,1168.0,0.2974106572260375,0.1392487396151388,2464525.0,30450,3.803978454266035,6.7,64.8,3228.0,342.25,14.717509649121565
"vancouver, british columbia",2014,6281,-5588,"Vancouver (CMA), British Columbia",CMA,British Columbia,1197.625,0.2958340330065362,0.1423684422051365,2513078.0,25177,3.641351362751176,6.2,64.1,3282.0,351.5,14.737018854643326
"vancouver, british columbia",2015,9079,-9929,"Vancouver (CMA), British Columbia",CMA,British Columbia,1249.5,0.29274260841665545,0.14669963946187706,2537041.0,34755,3.496593078314462,6.2,64.1,3569.0,376.875,14.7465089992707
"vancouver, british columbia",2016,5707,-13101,"Vancouver (CMA), British Columbia",CMA,British Columbia,1317.75,0.29318282922451444,0.14932207389297858,2585090.0,28053,3.194086085977664,6.1,65.2,4196.0,425.875,14.765270881566178
"vancouver, british columbia",2017,3753,-14444,"Vancouver (CMA), British Columbia",CMA,British Columbia,1404.375,0.29420490679981526,0.15261124662643197,2619630.0,33300,2.9256039975110992,5.3,66.1,4219.0,492.625,14.778543644390556
"vancouver, british columbia",2018,3344,-11848,"Vancouver (CMA), British Columbia",CMA,British Columbia,1497.625,0.2964483207980907,0.15545152591065256,2663557.0,34579,2.8604606546809395,4.6,65.7,4749.0,481.125,14.795173005523196
"victoria, british columbia",2001,701,821,"Victoria (CMA), British Columbia",CMA,British Columbia,678.125,0.29170784103114933,0.1719195949056314,325850.0,827,-1.611170784103115,7.7,64.0,1760.0,81.0,12.694192431760527
"victoria, british columbia",2002,1319,336,"Victoria (CMA), British Columbia",CMA,British Columbia,697.875,0.28710454129838464,0.17168850960073148,328100.0,667,-0.9326424870466321,8.5,65.0,1949.0,85.25,12.701073718949193
"victoria, british columbia",2003,1834,-91,"Victoria (CMA), British Columbia",CMA,British Columbia,716.625,0.28273666306515705,0.1719887293934634,330417.0,919,-1.3588889191536755,8.0,65.5,2050.0,93.875,12.708110772089814
"victoria, british columbia",2004,1994,18,"Victoria (CMA), British Columbia",CMA,British Columbia,727.75,0.2783459595959596,0.17252585377585378,332640.0,1107,-1.488095238095238,7.2,65.3,2263.0,100.0,12.71481610309184
"victoria, british columbia",2005,1356,203,"Victoria (CMA), British Columbia",CMA,British Columbia,763.5,0.2734263132042332,0.1724513641843919,335915.0,1163,-0.6430198115594719,5.9,65.4,2414.0,113.875,12.72461343075099
"victoria, british columbia",2006,2047,594,"Victoria (CMA), British Columbia",CMA,British Columbia,801.875,0.268202716177937,0.17272467886211146,339963.0,1225,-0.9383374073060892,4.9,65.8,2432.0,155.625,12.736592067141222
"victoria, british columbia",2007,2596,1000,"Victoria (CMA), British Columbia",CMA,British Columbia,836.25,0.26696350053611234,0.1732358689840744,342279.0,1455,-1.0751462987796505,4.4,66.2,2838.0,132.875,12.743381472943057
"victoria, british columbia",2008,2617,1726,"Victoria (CMA), British Columbia",CMA,British Columbia,898.875,0.2668730075390805,0.17402541647690847,344737.0,1412,-0.7338927936368884,4.8,66.4,2947.0,152.375,12.750537086460156
"victoria, british columbia",2009,2282,1300,"Victoria (CMA), British Columbia",CMA,British Columbia,932.75,0.2668968565589768,0.17513662143234368,348408.0,1621,-0.04592317053569378,7.8,66.2,2911.0,151.0,12.761129485809374
"victoria, british columbia",2010,1610,640,"Victoria (CMA), British Columbia",CMA,British Columbia,947.625,0.2670797557880841,0.17675207255802308,351498.0,1299,-0.4751093889581164,7.8,65.8,3020.0,158.125,12.769959300316243
"victoria, british columbia",2011,1148,1482,"Victoria (CMA), British Columbia",CMA,British Columbia,962.125,0.2665819474267949,0.18003783999977307,352537.0,1478,-0.29784107767411644,7.6,65.2,3046.0,165.125,12.772910860265076
"victoria, british columbia",2012,938,1425,"Victoria (CMA), British Columbia",CMA,British Columbia,979.25,0.2668008261399142,0.18377989670463826,358777.0,1238,-0.25085220067061154,6.9,65.3,3025.0,157.625,12.790456304548018
"victoria, british columbia",2013,2201,1454,"Victoria (CMA), British Columbia",CMA,British Columbia,988.75,0.2672528833585887,0.18745050542693437,364939.0,1292,-0.11782791096594225,6.7,64.8,3228.0,163.0,12.807485495310305
"victoria, british columbia",2014,3101,1714,"Victoria (CMA), British Columbia",CMA,British Columbia,1011.625,0.26623024282262747,0.1918447230958198,370435.0,1517,-0.6289902412029101,6.2,64.1,3282.0,165.5,12.822433269730636
"victoria, british columbia",2015,3791,2606,"Victoria (CMA), British Columbia",CMA,British Columbia,1044.125,0.2627997632290439,0.19779973656564795,375046.0,1784,-0.4639430896476699,6.2,64.1,3569.0,171.5,12.834803964096274
"victoria, british columbia",2016,2845,2161,"Victoria (CMA), British Columbia",CMA,British Columbia,1104.5,0.26251819126819126,0.20164760914760915,384800.0,1701,-1.613825363825364,6.1,65.2,4196.0,212.625,12.860478997773688
"victoria, british columbia",2017,2757,2149,"Victoria (CMA), British Columbia",CMA,British Columbia,1188.25,0.2658633777548007,0.20568069265753328,390727.0,1915,-1.2899031804815126,5.3,66.1,4219.0,276.5,12.87576438538691
"victoria, british columbia",2018,2990,1912,"Victoria (CMA), British Columbia",CMA,British Columbia,1281.875,0.26929885749252724,0.21007330481051803,397109.0,2048,-1.9264232238503787,4.6,65.7,4749.0,265.375,12.891966081178804
"windsor, ontario",2001,-41,352,"Windsor (CMA), Ontario",CMA,Ontario,671.5,0.31638099726454044,0.12414068663108178,390428.0,3949,3.9418279426680463,6.3,67.3,11733.0,0.0,12.874998852260699
"windsor, ontario",2002,-107,158,"Windsor (CMA), Ontario",CMA,Ontario,701.375,0.31402534221049344,0.12394365487857696,397124.0,2573,3.565636929523272,7.1,67.8,11392.0,2.75,12.892003853469811
"windsor, ontario",2003,-233,-247,"Windsor (CMA), Ontario",CMA,Ontario,713.125,0.31066120602464264,0.12435416448689396,401418.0,2986,3.7666472355499754,6.9,68.5,11983.0,1.0,12.902758557388283
"windsor, ontario",2004,-636,-770,"Windsor (CMA), Ontario",CMA,Ontario,701.625,0.3071888645209729,0.12494566613320689,404904.0,2977,3.610732420524371,6.8,68.4,12956.0,-17.0,12.91140528095392
"windsor, ontario",2005,-1195,-1117,"Windsor (CMA), Ontario",CMA,Ontario,713.75,0.30214398145533394,0.12605805521654678,407233.0,3072,3.8233640201064256,6.6,68.0,13664.0,-27.25,12.917140782192153
"windsor, ontario",2006,-1851,-1433,"Windsor (CMA), Ontario",CMA,Ontario,696.625,0.2963366474803587,0.12835811394757266,408451.0,2581,3.760549000981758,6.4,67.7,13825.0,-47.0,12.9201272350471
"windsor, ontario",2007,-1860,-1792,"Windsor (CMA), Ontario",CMA,Ontario,698.25,0.28844310523651057,0.1314510143189292,406874.0,2480,3.145937071427518,6.4,67.7,14059.0,-58.75,12.916258834184655
"windsor, ontario",2008,-1786,-1729,"Windsor (CMA), Ontario",CMA,Ontario,700.0,0.28035774862018675,0.13548292844779986,403859.0,2016,3.2684674601779333,6.6,67.6,14194.0,-77.875,12.908821086124167
"windsor, ontario",2009,-737,-1187,"Windsor (CMA), Ontario",CMA,Ontario,672.375,0.27165543852122703,0.1403572221376959,400927.0,2096,2.9356965233072354,9.2,67.1,13807.0,-116.25,12.901534644828743
"windsor, ontario",2010,-228,-655,"Windsor (CMA), Ontario",CMA,Ontario,683.5,0.26373530191406463,0.14460515852176392,399882.0,1978,2.048104190736267,8.8,67.0,13919.0,-118.125,12.89892478256906
"windsor, ontario",2011,-954,-321,"Windsor (CMA), Ontario",CMA,Ontario,689.0,0.25754947676150286,0.1486618059674969,399531.0,1684,2.350255674778678,8.0,66.7,14412.0,-130.125,12.89804663817422
"windsor, ontario",2012,-1044,-232,"Windsor (CMA), Ontario",CMA,Ontario,713.125,0.2546471557708635,0.15439994006892074,400460.0,1958,2.105079158967188,8.0,66.2,14635.0,-124.375,12.90036916534664
"windsor, ontario",2013,-881,-218,"Windsor (CMA), Ontario",CMA,Ontario,719.25,0.2518468621298537,0.15855896461800972,403793.0,1867,1.9366358505471861,7.6,66.3,14241.0,-135.0,12.908657649396103
"windsor, ontario",2014,-765,-241,"Windsor (CMA), Ontario",CMA,Ontario,726.625,0.2491822623129695,0.16362653395246876,405081.0,1482,1.6046173481353112,7.4,65.9,15137.0,-151.625,12.911842326091342
"windsor, ontario",2015,15,-98,"Windsor (CMA), Ontario",CMA,Ontario,749.625,0.2464205419476985,0.16871031041691317,405648.0,2821,1.2325957480377074,6.8,65.3,14708.0,-174.5,12.913241067452374
"windsor, ontario",2016,158,295,"Windsor (CMA), Ontario",CMA,Ontario,789.375,0.24305305383274753,0.17189675484631037,410828.0,1879,1.185410926227034,6.6,65.0,15588.0,-164.125,12.925929914402188
"windsor, ontario",2017,437,959,"Windsor (CMA), Ontario",CMA,Ontario,795.875,0.24189737352802185,0.17479028284529266,416871.0,2467,0.8659753257002766,6.1,65.2,15887.0,-200.875,12.940532100403592
"windsor, ontario",2018,394,78,"Windsor (CMA), Ontario",CMA,Ontario,848.375,0.24349027028421227,0.1762580397067134,426477.0,2625,0.5697845370324777,5.7,64.9,17095.0,-211.125,12.963313717144384
"winnipeg, manitoba",2001,-2681,927,"Winnipeg (CMA), Manitoba",CMA,Manitoba,532.5,0.3058887560065598,0.13369474144042853,698195.0,3586,2.6067216178861203,5.0,67.7,457.0,0.0,13.456253712355588
"winnipeg, manitoba",2002,-1902,504,"Winnipeg (CMA), Manitoba",CMA,Manitoba,550.875,0.3021140466146638,0.13335763108327628,702397.0,3755,2.4117415080075797,5.1,68.9,454.0,0.0,13.462254050223308
"winnipeg, manitoba",2003,-1853,45,"Winnipeg (CMA), Manitoba",CMA,Manitoba,571.25,0.29837130324041317,0.13330691948492995,706700.0,5527,2.6036507711900385,4.9,68.6,455.0,0.0,13.468361526678946
"winnipeg, manitoba",2004,-4924,-53,"Winnipeg (CMA), Manitoba",CMA,Manitoba,584.875,0.2944599418519807,0.13282697035349056,712664.0,5874,2.40085089186489,5.3,68.9,518.0,0.0,13.476765340077238
"winnipeg, manitoba",2005,-4874,-183,"Winnipeg (CMA), Manitoba",CMA,Manitoba,602.625,0.28940456871452314,0.1329478314470578,715431.0,6910,2.8234728436425036,4.7,68.4,582.0,0.0,13.480640437269686
"winnipeg, manitoba",2006,-3736,444,"Winnipeg (CMA), Manitoba",CMA,Manitoba,627.0,0.28418966008916835,0.1339403086810458,718865.0,8208,3.018647451190418,4.5,68.5,562.0,0.0,13.485428858295062
"winnipeg, manitoba",2007,-2980,865,"Winnipeg (CMA), Manitoba",CMA,Manitoba,657.875,0.2816829065011948,0.13438497683781486,722298.0,7904,2.9392300684758923,4.6,69.1,600.0,0.0,13.490193075102528
"winnipeg, manitoba",2008,-2482,1160,"Winnipeg (CMA), Manitoba",CMA,Manitoba,685.375,0.27900511022582214,0.13556350877386253,726191.0,9703,3.368259865517474,4.3,69.4,588.0,0.0,13.495568344605488
"winnipeg, manitoba",2009,-2067,301,"Winnipeg (CMA), Manitoba",CMA,Manitoba,701.125,0.27684141455342637,0.13625642361845308,733037.0,10512,3.605547878210786,5.4,69.2,656.0,0.0,13.50495145708461
"winnipeg, manitoba",2010,-2511,713,"Winnipeg (CMA), Manitoba",CMA,Manitoba,751.25,0.2750776433191607,0.13713472501155527,739922.0,13176,3.1435745929976404,5.4,69.5,671.0,0.0,13.514300054219406
"winnipeg, manitoba",2011,-2891,459,"Winnipeg (CMA), Manitoba",CMA,Manitoba,777.875,0.2751194927610665,0.13783788470799477,749627.0,12584,3.415031742453247,5.5,69.3,654.0,0.0,13.527331028467918
"winnipeg, manitoba",2012,-3153,133,"Winnipeg (CMA), Manitoba",CMA,Manitoba,797.125,0.27691880941331753,0.14028346175133138,760667.0,10669,3.6257652823114452,5.4,68.9,691.0,0.0,13.541950958948046
"winnipeg, manitoba",2013,-4731,713,"Winnipeg (CMA), Manitoba",CMA,Manitoba,868.75,0.2782179362146144,0.14285027874777126,770051.0,12941,3.432240202272317,5.5,68.7,706.0,0.0,13.554212025402741
"winnipeg, manitoba",2014,-4705,419,"Winnipeg (CMA), Manitoba",CMA,Manitoba,893.125,0.28006002265586155,0.1447847949439498,780372.0,12488,3.248450738878381,5.5,68.2,765.0,0.0,13.567526008051033
"winnipeg, manitoba",2015,-3789,268,"Winnipeg (CMA), Manitoba",CMA,Manitoba,925.125,0.2811499822611537,0.14633222523410858,792047.0,14073,3.493479553612349,5.7,68.7,805.0,0.0,13.582376012470155
"winnipeg, manitoba",2016,-4015,1189,"Winnipeg (CMA), Manitoba",CMA,Manitoba,960.125,0.283717405164565,0.14783809195396597,806186.0,12586,3.334218158092549,6.1,68.0,818.0,0.0,13.60006976409641
"winnipeg, manitoba",2017,-5134,770,"Winnipeg (CMA), Manitoba",CMA,Manitoba,1003.125,0.28635616291650084,0.1497425450013813,821697.0,11284,3.489120685605521,5.3,67.6,863.0,0.0,13.619126992945109
"winnipeg, manitoba",2018,-5603,501,"Winnipeg (CMA), Manitoba",CMA,Manitoba,1057.375,0.2878070628190681,0.1519108459503574,835049.0,12853,3.0189845146811747,6.0,67.6,825.0,0.0,13.635245684745964
